gene_id,0,30,60,90,120,150,180,210,240,270,300,330,360,390
S000000015,1.18,-0.13,-0.07,-0.13,-0.55,-0.66,-0.34,-0.09,0.15,0.08,-0.25,0.42,0.34,0.03
S000000016,-0.24,1.13,0.07,0.47,0.34,-0.15,-0.29,-0.24,-0.08,-0.52,-0.15,-0.22,-0.49,0.36
S000000020,-1.16,-0.71,-0.71,-0.24,-0.75,-0.11,-0.42,-0.01,0.53,0.58,1.49,0.72,0.51,0.29
S000000021,-1.15,-0.83,-0.76,-0.32,0.17,0.17,0.49,0.64,0.53,0.58,-0.03,0.49,0.04,-0.03
S000000023,-1.01,-0.39,0.03,0.58,1.12,0.58,0.18,0.18,-0.11,0.25,-0.13,-0.62,-0.34,-0.32
S000002134,1.14,0.11,-0.68,0.0,-0.29,-0.36,-0.19,0.07,0.07,0.01,-0.25,0.1,0.07,0.19
S000000034,-1.22,-0.44,-0.49,0.53,0.83,0.25,0.48,-0.05,0.24,0.46,-0.24,-0.18,-0.37,0.2
S000000050,-1.5,0.41,-0.5,-0.22,-1.35,-1.39,-0.39,0.68,1.11,0.77,-0.33,0.85,1.17,0.68
S000000052,0.61,0.3,-1.14,-0.36,0.19,-0.08,-0.14,0.1,-0.07,0.07,0.14,0.17,-0.04,0.25
S000000075,1.19,0.12,0.41,-0.41,-0.64,-0.43,-0.49,-0.03,-0.05,-0.14,-0.28,0.29,0.19,0.26
S000000076,1.54,-0.04,-0.06,-0.43,-0.07,-0.25,-0.21,-0.09,-0.09,-0.21,-0.07,0.16,0.06,-0.23
S000000079,1.22,0.24,0.18,-0.13,-0.45,-0.31,-0.25,-0.25,-0.25,-0.23,-0.04,0.04,0.29,-0.04
S000000088,-1.14,-0.31,1.2,-0.38,-0.46,-0.38,-0.14,0.27,0.07,0.27,-0.11,0.36,0.32,0.42
S000000093,0.26,-0.22,-0.05,0.2,-0.26,-0.2,-0.46,0.04,-0.07,-0.34,1.66,-0.08,-0.38,-0.12
S000000094,-1.02,1.11,0.34,0.18,0.16,0.09,0.16,-0.25,-0.41,-0.09,0.08,0.0,-0.32,-0.02
S000000095,-1.62,-0.84,0.06,0.12,0.12,0.33,0.25,0.62,0.19,0.58,0.24,0.16,-0.24,0.06
S000120186,-1.28,-0.33,-0.22,0.0,0.42,0.52,0.13,0.27,0.23,0.43,0.13,0.14,-0.26,-0.17
S000000098,-1.63,-1.22,-1.11,-0.58,0.11,0.72,1.18,0.89,0.87,0.42,0.54,0.59,-0.13,-0.65
S000000099,-1.63,-0.68,0.04,-0.94,-0.34,0.43,0.55,1.03,0.81,0.54,0.39,0.45,-0.06,-0.59
S000000104,-0.39,1.63,-0.51,-0.37,0.38,-0.08,0.05,0.28,-0.34,-0.07,-0.05,-0.25,-0.2,-0.07
S000000122,-0.01,-0.07,-0.26,1.18,0.01,-0.11,-0.18,0.11,0.03,-0.17,-0.17,0.11,-0.26,-0.2
S000000123,-1.12,-0.31,0.16,-0.26,0.32,0.57,0.14,0.62,0.33,0.08,-0.1,-0.16,-0.12,-0.16
S000000126,-1.11,-0.58,-0.25,0.37,-0.13,0.08,0.19,0.26,0.18,0.23,-0.08,0.45,0.36,0.04
S000000130,1.57,-0.52,0.04,0.05,0.15,0.22,0.12,-0.28,0.16,0.01,-0.2,-0.28,-0.47,-0.56
S000000135,-1.67,-0.46,0.19,0.45,0.85,0.62,0.18,0.31,-0.16,0.75,-0.12,-0.53,-0.41,0.01
S000000137,0.14,0.18,-1.41,0.05,-0.33,-0.41,-0.47,0.43,0.35,0.26,-0.13,0.33,0.62,0.39
S000000139,-1.41,0.26,-6.22,0.93,0.51,0.51,0.32,0.88,0.92,0.92,0.19,0.97,0.53,0.71
S000000145,0.53,0.21,1.42,0.03,-0.61,-0.33,-0.49,-0.27,-0.09,0.0,-0.16,0.17,-0.53,0.14
S000000150,-0.12,-0.53,-0.26,0.89,1.1,0.71,0.02,-0.14,-0.02,0.58,-0.39,-0.78,-0.64,-0.41
S000000159,-0.31,-0.56,0.1,-0.06,-0.03,-0.14,0.32,0.24,0.66,0.65,-0.06,0.3,-1.27,0.14
S000000165,-1.18,0.02,0.2,0.1,-0.17,-0.12,0.21,0.26,0.16,0.09,0.27,0.28,-0.32,0.2
S000000167,-1.35,-0.14,0.8,0.37,0.46,0.09,0.22,0.31,-0.08,-0.01,-0.06,-0.3,-0.52,0.21
S000000169,-0.59,0.35,0.45,0.08,0.0,0.07,0.18,-0.07,0.1,0.03,0.21,0.05,-1.18,0.32
S000000173,-1.22,-0.51,-0.3,-0.32,0.46,0.5,0.49,0.3,0.21,0.34,0.18,0.0,-0.22,0.11
S000000174,2.44,0.46,0.36,-0.26,-0.75,-0.88,-0.57,-0.26,-0.06,-0.68,-0.32,0.14,0.32,0.06
S000000178,-1.0,-0.4,-0.43,0.16,0.16,-0.02,-0.08,0.33,0.33,0.39,-0.12,0.39,0.12,0.19
S000000182,1.53,-0.18,-0.14,0.09,-0.16,-0.44,-0.1,0.23,-0.18,-0.53,-0.44,0.22,-0.08,0.17
S000000183,-1.49,-0.59,-0.24,0.02,0.37,0.19,0.48,0.36,0.45,0.39,-0.27,0.16,-0.08,0.26
S000002151,-1.58,-0.34,0.75,-0.22,-0.04,0.12,0.53,-0.04,0.07,0.43,-0.16,0.18,0.0,0.31
S000002153,-1.41,-0.1,-0.72,0.01,0.16,0.39,0.51,0.25,0.31,0.38,-0.34,0.11,0.2,0.25
S000000206,0.05,0.1,0.31,-0.09,0.04,0.1,0.13,0.31,0.14,0.54,-0.18,-1.28,-0.2,0.05
S000000209,1.09,-0.08,-0.12,-0.06,0.0,-0.61,-0.23,0.03,0.05,-0.14,-0.25,0.19,-0.04,0.17
S000000213,-1.51,-1.64,-1.33,-0.83,0.14,0.46,1.21,1.25,1.07,0.68,0.34,0.69,0.11,-0.64
S000000214,-0.56,-1.52,-1.38,-0.63,-0.1,0.92,0.87,0.88,0.84,0.58,0.05,0.6,-0.14,-0.4
S000000223,0.37,-0.17,0.41,0.0,-0.06,0.06,0.35,-0.04,0.22,-0.02,-0.22,0.25,-1.37,0.24
S000000224,-0.2,0.22,1.11,0.22,-0.21,0.0,-0.3,0.02,0.29,0.09,-0.69,-0.03,-0.49,-0.03
S000000238,-1.04,-0.65,-0.51,-0.02,0.46,0.53,0.05,0.32,0.22,0.66,-0.01,-0.08,0.1,-0.04
S000000242,-1.2,-1.65,-1.2,-1.58,-1.15,-0.61,-0.49,0.39,1.16,1.31,1.3,1.6,1.23,0.88
S000000255,1.16,0.87,0.43,-0.4,-0.91,-0.62,-0.4,-0.31,0.16,-0.67,0.17,0.32,0.25,-0.06
S000000257,1.08,0.38,0.08,0.05,-0.78,-0.95,-0.81,-0.65,0.25,0.19,-0.36,0.68,0.53,0.32
S000000260,1.27,0.15,-0.04,-0.22,-1.01,-0.71,-0.93,0.05,0.22,-0.12,-0.54,0.38,0.8,0.7
S000000273,-1.62,0.02,-0.24,-0.05,0.07,0.05,0.14,0.19,0.53,-0.02,-0.15,0.44,0.5,0.14
S000000276,2.35,1.59,-0.05,1.14,-0.18,-0.64,-1.52,-0.61,-0.39,-0.77,-1.94,-0.24,0.75,0.5
S000000277,-0.76,-1.16,-0.43,0.31,0.74,0.56,0.77,0.23,0.23,0.68,-0.23,-0.05,-0.81,-0.09
S000000279,-1.09,0.05,-0.12,0.37,0.3,-0.02,0.31,-0.07,0.22,-0.05,-0.32,0.37,-0.04,0.07
S000000282,-2.61,-1.8,-1.24,-0.8,0.01,0.6,0.8,1.15,0.98,0.92,0.6,0.66,0.52,0.21
S000000289,-1.21,-0.63,-0.18,-0.21,-0.09,0.01,-0.19,0.31,0.74,0.37,-0.16,0.39,0.64,0.21
S000000292,-1.8,-1.43,-0.56,0.26,0.96,0.86,1.03,0.7,0.45,0.26,0.26,-0.21,-0.49,-0.3
S000000293,-1.62,-1.26,-0.06,-0.14,0.91,1.23,0.72,0.69,0.22,0.23,0.55,-0.23,-1.16,-0.06
S000000296,-1.22,-0.13,-0.33,-0.05,-0.22,-0.13,-0.41,0.15,0.2,0.73,0.2,0.5,0.19,0.51
S000000297,-1.49,0.71,0.14,-0.23,0.01,0.05,-0.19,-0.09,-0.02,0.33,0.01,0.41,0.2,0.16
S000000305,1.63,-0.36,0.39,0.3,0.47,0.71,0.26,-0.72,-0.07,-0.4,0.17,-1.36,-0.83,-0.2
S000000310,-1.81,-0.44,-0.59,-0.38,0.13,0.51,-0.19,0.7,0.39,0.63,0.0,0.52,0.2,0.32
S000000320,0.52,0.03,-0.11,0.69,-0.43,-0.87,-0.9,0.7,0.1,-0.6,-1.36,-0.02,0.92,1.31
S000000321,0.31,0.01,0.74,0.98,0.01,-0.49,-0.66,-0.45,-0.03,-0.66,-1.82,-0.04,1.02,1.08
S000000323,1.36,0.06,0.14,0.12,0.22,-0.12,-0.12,-0.26,-0.22,-0.52,-0.03,-0.24,-0.14,-0.22
S000000348,0.16,-0.58,0.05,0.08,0.03,0.12,0.72,0.03,-0.06,-0.15,0.15,0.41,-1.07,0.12
S000000358,1.77,-0.43,-0.38,-0.03,0.23,0.53,-0.29,-0.14,-0.38,0.11,0.18,-0.36,-0.58,-0.25
S000000359,-1.0,-0.36,-0.02,0.36,0.53,0.23,0.36,0.06,0.34,0.22,-0.04,-0.23,-0.31,-0.13
S000000361,1.64,0.67,0.64,0.55,0.03,-0.34,-0.46,-0.36,-0.25,-0.65,-0.71,-0.22,-0.22,-0.31
S000000362,0.61,-0.43,-0.36,-0.28,-0.13,-0.64,-0.92,-0.72,-0.43,-0.28,0.53,0.72,1.35,0.99
S000000366,-0.93,-2.03,-0.14,-1.55,-0.93,-0.18,0.33,0.45,0.74,0.8,0.67,0.94,0.88,0.95
S000000367,-0.64,-1.06,-0.04,0.06,-0.08,-0.08,0.28,-0.06,0.34,0.1,0.5,0.21,0.28,0.18
S000000373,2.08,0.07,0.44,0.51,-0.47,-0.93,-0.38,-0.36,0.07,-0.12,-0.87,0.15,-0.25,0.05
S000000385,-1.39,-0.57,-0.16,-0.02,0.3,0.41,0.03,0.5,0.48,0.51,-0.11,0.14,-0.06,-0.05
S000000391,-1.24,-0.17,-0.34,-0.32,0.06,-0.19,-0.09,0.61,0.41,0.67,-0.02,0.13,0.21,0.29
S000000393,-1.09,-0.26,-0.15,0.16,0.51,0.21,-0.04,0.6,0.26,0.18,-0.11,-0.07,-0.08,-0.13
S000000395,-1.1,0.06,-0.44,0.14,0.16,0.14,0.01,0.5,0.27,0.29,-0.03,0.04,-0.13,0.11
S000000406,-1.2,-0.62,-0.52,-0.04,0.02,-0.08,-0.15,-0.03,0.53,0.87,-0.13,0.68,0.48,0.19
S000000412,1.2,-0.63,-0.05,0.43,-0.01,0.09,0.4,-0.25,0.07,0.07,-0.27,-0.4,-0.66,0.01
S000000418,1.81,0.55,0.17,-0.28,-1.09,-0.88,-0.51,-0.24,0.07,-0.39,-0.46,0.64,0.42,0.2
S000000420,1.36,0.05,0.07,0.0,-0.11,-0.32,-0.02,-0.17,-0.35,0.0,-0.19,0.03,-0.19,-0.13
S000000426,-1.3,-0.07,-0.36,-0.81,-0.36,-0.38,-0.15,0.22,0.75,0.86,-0.1,0.73,0.41,0.54
S000000439,-0.28,-0.46,0.49,1.67,-0.43,-0.18,-0.29,0.19,-0.43,0.12,-0.44,0.26,-0.35,0.12
S000000441,0.31,-0.41,-0.32,0.11,-0.12,0.07,-0.48,0.09,0.18,-0.14,1.55,-0.12,-0.76,0.05
S000000442,-0.97,-0.69,-0.22,0.14,0.56,0.55,0.49,-0.03,0.2,0.7,0.14,0.03,-1.05,0.13
S000000446,-0.39,-0.83,0.08,0.07,0.42,0.29,0.42,0.19,0.32,-1.22,0.33,0.14,0.07,0.1
S000000447,-0.94,-0.65,-0.78,-0.54,-0.45,-0.07,0.16,1.02,0.69,0.7,-0.12,0.53,0.3,0.16
S000000451,-1.15,-0.35,-0.46,0.54,0.68,0.65,0.26,0.24,0.13,0.47,-0.27,-0.31,-0.44,-0.01
S000000452,-1.14,-0.22,-0.47,0.47,0.24,0.06,0.08,-0.02,0.16,0.2,-0.18,0.52,0.16,0.14
S000000453,-1.47,-0.62,-0.59,-0.07,0.05,0.5,0.31,0.68,0.6,0.47,-0.32,0.28,0.16,0.03
S000000454,-0.03,-0.31,-0.03,0.2,0.2,0.05,0.05,0.11,0.46,0.11,0.05,0.16,-1.12,0.11
S000000456,-1.12,-0.54,-0.07,-0.12,0.41,0.57,0.45,0.16,0.21,0.13,0.08,0.01,-0.01,-0.16
S000000467,-1.12,-0.33,-0.71,0.2,-0.15,0.27,0.15,0.49,0.18,0.28,0.1,0.18,0.12,0.34
S000000471,-1.36,-0.38,-0.13,0.43,1.01,0.57,-0.05,0.4,0.07,0.3,-0.06,-0.46,-0.5,0.16
S000000482,-0.3,1.06,-0.1,0.27,0.02,0.13,0.13,-0.12,-0.19,-0.37,-0.13,-0.27,-0.02,-0.1
S000000489,1.49,0.25,0.22,-0.42,-0.5,-0.64,-0.2,-0.25,-0.15,-0.57,0.16,0.19,0.22,0.2
S000000491,1.11,-0.02,0.54,-0.62,-0.5,-0.73,-0.18,-0.01,-0.04,-0.2,-0.02,0.15,0.19,0.34
S000000500,-0.59,1.31,0.65,0.35,0.19,-0.01,-0.04,-0.15,-0.38,-0.38,-0.44,-0.04,-0.24,-0.22
S000000519,-1.2,-0.44,-0.51,-0.38,-0.22,0.07,0.03,0.24,0.33,0.62,0.57,0.56,-0.03,0.38
S000000523,-1.01,-0.19,-0.14,0.03,0.13,0.05,-0.14,0.07,-0.05,0.02,0.14,0.23,0.31,0.56
S000000527,-1.21,-0.44,-0.02,0.51,0.7,0.47,0.26,0.41,-0.02,-0.05,0.04,-0.34,-0.38,0.07
S000000529,-1.01,-0.37,-0.1,0.23,0.58,0.55,0.19,0.3,0.16,0.04,-0.03,-0.15,-0.53,0.13
S000000537,0.57,0.14,-1.83,-0.28,-0.07,-0.05,0.34,0.24,0.06,0.01,0.14,0.21,0.2,0.3
S000000540,1.42,-0.13,0.01,0.63,-0.14,-0.38,-0.41,-0.04,-0.27,-0.45,-0.41,0.03,0.03,0.12
S000000547,0.39,0.45,0.07,-0.64,-1.08,-1.05,-0.8,-0.08,0.59,-0.03,-0.44,0.82,0.92,0.88
S000000559,-1.11,-0.02,-0.02,0.02,0.64,0.77,0.37,0.22,-0.19,0.25,0.04,-0.56,-0.38,-0.02
S000000569,1.48,0.12,0.26,0.28,-0.02,-0.89,-1.46,-0.87,0.01,0.38,-0.12,0.11,0.29,0.44
S000000572,1.28,0.02,0.32,0.47,0.25,-0.18,0.05,-0.32,-0.36,-0.5,-0.02,-0.32,-0.26,-0.43
S000000602,1.23,-0.23,-0.14,-0.25,0.1,0.02,-0.72,0.05,-0.05,-0.13,0.02,0.0,0.16,-0.06
S000000603,-0.85,0.47,-0.48,-1.06,-1.82,-1.27,-0.5,0.46,1.26,0.64,0.47,1.14,1.16,0.4
S000000615,4.95,0.36,1.02,-0.46,-1.51,-1.42,-1.25,-0.77,-0.25,-0.37,-0.06,0.36,-0.13,-0.46
S000000630,-1.82,-0.32,-0.27,-0.25,0.22,0.64,0.81,0.68,0.11,0.31,0.36,-0.02,-0.42,-0.02
S000000635,1.04,0.18,0.41,0.39,0.07,-0.17,-0.08,-0.21,-0.39,-0.45,0.18,-0.45,-0.23,-0.3
S000000650,-0.36,0.14,-0.14,0.45,0.69,0.5,-0.04,-0.12,-0.14,-0.02,0.2,-0.02,-1.34,0.2
S000000652,-0.62,-0.35,-0.15,0.05,1.06,0.56,-0.2,0.08,0.1,0.5,0.11,-0.58,-0.55,-0.02
S000000653,-1.15,-0.04,-0.22,0.57,0.75,0.8,0.17,-0.04,0.04,0.18,-0.13,-0.37,-0.43,-0.11
S000000661,-1.43,-0.95,-0.19,0.05,0.03,0.63,0.67,0.66,0.06,0.32,0.15,0.14,-0.22,0.08
S000000668,-0.74,-0.12,0.16,0.17,1.13,0.24,-0.37,0.05,-0.03,0.24,-0.03,-0.29,-0.39,-0.03
S000119982,1.03,0.18,-0.1,-0.54,-0.36,-0.31,-0.22,0.05,-0.19,-0.33,0.07,0.11,0.23,0.38
S000000686,-0.05,-0.11,-0.08,1.57,-0.08,0.48,0.4,-0.09,-0.86,-0.24,-0.62,-0.22,-0.14,0.02
S000000687,1.58,0.07,-0.1,-0.47,-0.75,-0.73,-0.45,0.04,0.05,-0.38,-0.23,0.34,0.66,0.37
S000000692,1.12,0.14,0.07,0.09,0.14,0.07,-0.03,-0.27,-0.25,-0.38,0.15,-0.36,-0.11,-0.38
S000000694,1.29,0.23,0.01,0.22,0.14,0.04,-0.09,-0.3,-0.32,-0.63,0.15,-0.26,-0.23,-0.26
S000000695,0.1,1.56,1.31,1.35,1.32,0.82,0.13,-0.39,-1.06,-1.27,-0.42,-0.98,-1.47,-1.02
S000000718,1.07,0.07,-0.09,-0.22,-0.44,-0.32,-0.52,0.03,0.05,-0.05,-0.1,0.22,-0.03,0.35
S000002161,-0.89,-1.54,-0.92,0.37,0.89,1.14,0.89,0.83,-0.03,-0.01,0.19,-0.35,-0.65,0.06
S000002166,0.62,0.1,-0.24,-1.07,0.04,0.1,0.35,-0.02,0.1,-0.2,0.09,-0.02,0.04,0.1
S000002178,1.36,0.55,0.01,-0.25,-0.37,-0.33,-0.76,-0.41,-0.06,-0.09,-0.06,0.28,0.05,0.08
S000002179,2.07,0.56,0.34,0.38,-0.18,-0.73,-0.65,-0.49,-0.22,-0.54,-0.39,0.03,-0.28,0.11
S000002180,1.47,0.42,0.46,-0.1,-0.58,-0.64,-0.94,-0.26,-0.12,-0.5,-0.27,0.41,0.29,0.35
S000002181,1.61,0.38,0.43,0.14,-0.34,-0.78,-0.53,-0.36,-0.04,-0.62,-0.42,0.25,0.11,0.17
S000002183,1.07,-0.05,0.09,0.33,0.04,-0.44,-0.14,0.06,-0.06,-0.3,-0.19,-0.06,-0.3,-0.05
S000002184,1.32,0.3,0.2,-0.91,-0.52,-0.11,-0.01,-0.04,-0.14,-0.26,0.13,0.09,-0.04,-0.02
S000002185,1.42,-0.28,0.12,0.47,-0.09,-0.28,-0.29,0.09,-0.26,-0.48,-0.06,0.02,-0.34,-0.04
S000002206,2.09,-0.11,0.02,-0.05,-0.05,-0.47,-0.31,-0.02,-0.19,-0.11,-0.38,-0.29,-0.07,-0.07
S000002212,-0.32,0.11,1.23,-0.36,-0.71,-0.27,-0.09,0.05,-0.04,0.04,0.19,-0.16,0.05,0.28
S000002213,-0.74,-1.09,-1.27,-0.71,-0.2,0.64,0.59,0.62,0.16,0.35,0.47,0.27,0.44,0.46
S000002218,-1.59,0.45,0.34,0.3,0.43,0.67,0.22,0.22,-0.21,0.28,-0.05,-0.49,-0.67,0.1
S000002219,-1.22,-0.14,0.4,0.04,-0.04,0.4,0.55,0.28,-0.06,0.32,0.24,0.06,-0.52,-0.32
S000002221,-1.15,0.16,-0.01,0.64,0.98,0.68,0.34,-0.15,-0.19,0.53,0.21,-0.77,-0.99,-0.29
S000002241,0.13,-0.05,0.34,1.36,0.43,0.87,0.68,0.25,-0.69,-0.66,-0.42,-1.31,-0.61,-0.33
S000002249,1.6,0.25,-0.12,-0.34,-0.4,-0.24,-0.02,-0.18,0.03,-0.59,0.01,0.01,0.11,-0.14
S000002254,-1.3,-0.46,-0.5,-0.66,0.13,0.15,0.11,0.7,0.48,0.56,0.18,0.33,-0.02,0.29
S000002259,-1.27,-0.69,-0.37,-0.29,0.05,0.57,0.79,0.54,0.18,0.33,0.26,0.32,-0.29,-0.13
S000002260,-1.54,-0.41,0.07,0.07,0.18,0.49,0.36,0.25,0.14,0.3,0.2,-0.13,-0.16,0.18
S000002273,1.23,0.23,-0.11,-0.07,-0.09,-0.24,-0.31,-0.26,-0.22,-0.39,0.23,0.05,0.05,-0.11
S000002275,-0.94,-0.4,-0.42,-0.57,-0.36,-0.15,-0.17,-0.23,0.09,0.17,0.33,1.17,0.92,0.57
S000002282,1.07,0.19,0.95,0.0,-1.16,-1.35,-0.65,-0.31,0.16,-0.16,-0.72,0.73,0.75,0.5
S000002287,0.6,0.1,-0.37,-0.01,0.28,0.1,0.17,0.02,0.02,0.29,0.26,-0.43,-1.06,0.05
S000002288,-1.06,-0.67,-0.04,0.32,0.05,0.04,0.2,0.2,0.41,0.42,0.24,0.16,0.0,-0.25
S000002300,-1.21,-0.35,-0.51,-0.51,-0.02,0.25,-0.02,0.33,0.67,0.71,-0.17,0.69,0.13,0.04
S000002306,1.33,0.31,-0.13,-0.08,-0.48,-0.42,-0.2,-0.3,-0.13,-0.1,0.06,0.26,0.06,-0.15
S000002309,-0.99,-0.28,-0.38,0.21,1.05,0.23,0.12,-0.12,-0.29,0.05,1.55,-0.21,-0.68,-0.26
S000002322,-1.24,-0.59,-0.19,-0.11,0.56,0.57,0.76,0.35,0.19,-0.54,0.39,0.12,-0.45,0.17
S000002323,-1.21,-0.6,-0.15,-0.32,0.29,0.49,0.14,0.47,0.19,0.39,0.32,0.04,-0.42,0.37
S000002328,1.93,0.13,0.31,-0.08,-0.25,-0.62,-0.44,-0.39,-0.21,-0.51,-0.25,0.1,0.13,0.15
S000002333,0.67,1.2,0.56,0.32,-0.29,-0.7,-0.21,0.08,0.09,-0.38,-0.66,-0.1,-0.24,-0.35
S000002341,-1.2,0.5,0.0,0.19,0.35,0.21,-0.21,0.03,0.08,0.35,-0.06,-0.06,-0.14,-0.05
S000002357,-1.5,-0.44,0.22,-1.02,-0.21,0.29,0.6,0.63,0.32,0.43,0.39,0.31,-0.05,0.03
S000002358,1.26,-0.21,-0.01,0.17,-0.04,-0.65,-0.25,0.11,-0.11,-0.25,-0.25,0.08,-0.11,0.26
S000002363,1.49,0.52,-0.03,0.13,-1.0,-0.97,-0.7,-0.18,0.07,-0.92,-1.12,0.28,1.3,1.13
S000002367,-1.3,-0.07,0.07,0.1,0.79,0.46,-0.16,0.36,0.13,0.26,0.2,-0.24,-0.4,-0.2
S000002372,-1.02,-0.25,0.01,0.38,0.96,0.46,0.35,0.13,-0.13,-0.08,0.05,-0.23,-0.42,-0.23
S000002375,1.17,-0.22,-0.05,-0.24,0.04,0.01,-0.68,0.13,-0.28,-0.05,0.11,0.17,-0.51,0.4
S000002381,2.24,0.94,0.36,0.6,-0.79,-1.19,-0.77,-0.21,-0.02,-0.77,-1.85,-0.16,1.01,0.6
S000002382,-0.01,0.2,0.47,1.24,-0.55,-0.31,-0.62,-0.3,0.25,-0.34,-1.45,-0.24,0.81,0.87
S000002392,1.09,-0.07,-0.21,-0.05,-0.03,-0.39,-0.43,-0.35,0.11,0.09,-0.23,0.2,0.22,0.05
S000002393,1.51,-0.11,-0.16,-0.11,-0.34,-0.26,-0.24,0.01,-0.07,0.05,-0.3,-0.02,-0.13,0.17
S000002438,1.16,0.19,0.15,-0.21,-0.35,-0.41,-0.33,-0.35,-0.04,-0.48,0.21,0.02,0.29,0.13
S000002444,-1.62,-0.08,-0.17,0.33,0.41,0.41,0.29,0.03,0.18,0.1,0.07,0.19,-0.03,-0.11
S000002454,-0.53,-0.16,-0.01,0.09,-0.1,0.11,0.23,0.32,-1.31,0.22,-0.01,0.57,0.38,0.22
S000002462,0.6,-0.21,-0.61,-0.28,-0.58,-0.98,-1.02,-0.73,-0.17,-0.06,0.11,1.4,1.56,0.98
S000002467,-1.03,-0.43,0.05,0.38,0.76,0.5,0.33,0.19,-0.11,0.56,-0.17,-0.38,-0.51,-0.15
S000002470,1.22,0.29,-0.18,-0.26,-0.26,-0.26,-0.18,-0.11,-0.11,-0.26,0.13,0.34,-0.13,-0.2
S000002471,-1.22,-0.31,-0.14,0.36,0.34,0.3,-0.02,0.32,0.18,0.36,-0.08,-0.11,0.05,-0.03
S000002477,1.78,1.34,0.4,0.4,0.25,0.48,-0.03,-0.37,-0.29,-1.43,-0.37,-1.12,-0.55,-0.49
S000002503,1.06,-0.05,0.31,-0.75,-0.78,-0.25,0.0,0.26,0.12,-0.03,0.11,0.35,-0.32,-0.03
S000002504,-1.3,-0.84,-0.58,0.13,0.53,0.9,0.69,0.52,0.12,0.25,0.16,-0.26,-0.37,0.05
S000002536,1.13,0.25,-0.07,-0.05,-0.19,-0.44,-0.17,-0.05,0.02,-0.27,-0.34,0.18,-0.08,0.08
S000002547,-0.07,0.15,1.01,-0.79,-0.05,0.01,0.37,-0.22,-0.22,-0.05,0.28,-0.17,-0.41,0.16
S000002553,-1.33,-0.93,0.83,-0.73,-0.78,-0.85,-0.07,0.51,0.64,0.6,0.58,0.62,0.61,0.29
S000002557,-0.47,-0.05,-0.88,-0.04,-0.17,-0.35,1.08,-0.18,0.29,0.51,-0.1,0.39,-0.27,0.23
S000002575,1.07,-0.01,0.05,-0.13,-0.13,-0.26,-0.36,-0.17,-0.11,-0.22,-0.06,0.16,0.1,0.08
S000002578,2.2,0.26,0.12,0.3,-1.03,-1.21,-0.9,-0.29,0.08,-0.45,-0.68,0.44,1.0,0.18
S000002602,-1.01,-0.56,-0.14,0.03,0.27,0.45,0.23,0.25,-0.08,0.34,0.43,-0.04,0.07,-0.24
S000002610,1.08,-0.32,0.28,-0.28,-0.22,-0.41,-0.24,0.07,-0.08,-0.22,0.05,0.0,0.13,0.13
S000002611,1.35,0.02,0.2,-0.21,-0.19,-0.35,-0.12,-0.4,0.07,-0.19,0.07,-0.19,-0.01,-0.05
S000002623,0.25,0.63,-1.94,0.43,-0.03,0.25,0.33,-0.08,-0.22,-0.28,-0.17,-0.1,0.98,-0.05
S000002632,-1.15,-1.4,-1.05,-0.8,-0.02,0.56,0.61,1.1,0.74,0.64,0.68,0.46,0.1,-0.48
S000002633,-0.97,-1.08,-1.04,-0.91,-0.23,0.58,1.0,0.84,0.87,0.47,0.55,0.76,-0.08,-0.78
S000002634,-1.36,-0.67,-0.17,-0.12,-0.12,-0.01,-0.17,0.58,0.49,0.41,0.0,0.22,0.58,0.35
S000002642,-1.86,-0.38,0.43,0.28,0.55,0.47,0.43,0.55,0.19,0.43,-0.01,-0.23,-0.64,-0.22
S000002662,1.22,0.18,0.36,-0.44,-0.55,-0.4,-0.34,-0.13,-0.1,-0.06,0.03,0.0,0.21,0.03
S000002663,1.19,-0.08,0.0,-0.22,-0.2,-0.33,-0.24,-0.04,0.0,-0.28,-0.02,0.19,-0.04,0.05
S000002664,-0.22,0.24,0.49,-0.59,-1.04,-1.61,-0.63,0.29,0.5,0.08,-0.03,0.78,1.2,0.54
S000002666,1.86,0.52,-1.49,0.53,-0.96,-0.65,0.08,-0.33,-0.2,-0.44,-0.28,0.45,0.57,0.34
S000002673,1.09,-0.12,0.07,-0.35,-0.04,-0.26,-0.24,-0.08,-0.08,-0.16,0.03,0.15,-0.02,0.0
S000002677,1.22,0.23,-0.3,-0.44,-0.34,-0.24,0.01,-0.03,-0.1,0.13,0.06,0.03,-0.2,-0.03
S000002679,1.2,0.43,-0.16,-0.37,-0.26,-0.43,-0.12,-0.12,-0.12,-0.01,0.38,-0.18,-0.12,-0.1
S000002693,1.02,0.14,-0.1,0.49,-0.22,-0.22,0.55,-0.04,0.18,-0.51,0.08,-0.13,-0.73,-0.51
S000002708,-1.22,-0.26,-0.22,0.14,0.35,0.05,-0.28,-0.02,0.26,0.35,0.12,0.26,-0.04,0.51
S000002717,-1.09,-1.7,0.07,0.47,0.68,0.81,0.63,0.43,-0.25,0.6,0.1,-0.25,-0.7,0.2
S000002720,-1.22,-0.01,0.23,0.16,0.55,0.47,0.38,0.09,-0.16,0.32,0.0,-0.27,-0.45,-0.09
S000002727,1.13,-0.07,-0.07,-0.09,0.07,-0.43,-0.09,0.07,-0.02,-0.27,0.03,-0.04,-0.07,-0.13
S000002729,-1.15,-0.19,-0.06,0.13,0.52,0.18,0.3,0.22,-0.04,0.22,-0.04,0.0,-0.19,0.09
S000002738,0.83,0.64,-1.2,0.07,-0.41,-0.41,-0.27,0.01,0.12,0.01,-0.27,0.08,0.26,0.55
S000002754,-1.03,-0.48,-0.55,-0.42,-0.01,0.22,0.04,0.62,0.32,0.7,0.21,0.22,-0.04,0.21
S000002756,-0.68,-1.0,-0.26,-0.36,-0.13,0.27,0.21,0.59,0.42,0.37,0.33,0.16,0.0,0.07
S000002766,1.16,0.26,-0.46,-0.19,-0.53,-0.76,-0.39,0.05,0.0,-0.08,-0.43,0.4,0.46,0.5
S000002769,-0.52,-0.4,-0.17,1.09,1.28,0.2,0.07,-0.08,-0.17,0.09,-0.23,-0.25,-0.82,-0.08
S000002771,1.05,-0.06,0.08,0.1,0.1,-0.3,-0.16,-0.38,-0.23,-0.28,-0.06,0.24,-0.28,0.16
S000002792,-1.16,0.26,-0.33,-0.54,-0.74,-0.71,0.05,0.69,0.55,0.32,0.08,0.79,0.43,0.3
S000002793,-1.24,-0.45,0.07,-0.01,-0.07,0.14,0.29,0.41,0.46,0.5,-0.15,0.2,0.02,-0.16
S000002806,-1.27,0.2,-0.29,0.16,0.93,0.57,-0.09,0.14,0.0,0.72,0.03,-0.61,-0.59,0.11
S000002807,-1.35,-0.09,-0.21,0.27,0.93,1.0,0.45,-0.05,-0.33,0.33,0.35,-0.41,-0.77,-0.12
S000002810,-0.22,-0.24,-0.09,0.04,0.31,-0.13,0.27,0.27,0.08,0.12,0.39,-0.05,-1.07,0.33
S000002822,-1.06,0.0,-0.38,-0.26,0.12,0.22,0.12,0.22,0.31,0.26,0.32,-0.18,0.1,0.2
S000002826,-1.17,-0.37,0.0,0.06,0.58,0.48,0.16,0.46,0.07,0.27,0.12,-0.03,-0.3,-0.33
S000002831,1.47,-0.02,-0.07,-0.31,-0.23,-0.31,-0.29,-0.25,-0.09,-0.31,-0.18,0.31,0.09,0.18
S000002833,1.64,0.27,-0.04,-0.23,-0.23,-0.39,-0.36,-0.12,-0.18,-0.36,-0.1,0.12,-0.08,0.07
S000002834,1.42,0.26,0.06,-0.24,-0.25,-0.24,0.01,-0.17,-0.31,-0.27,0.18,-0.29,-0.1,-0.07
S000002837,-0.38,-0.38,-0.02,1.17,0.35,0.25,0.23,0.14,-0.25,-0.14,0.14,-0.43,-0.43,-0.25
S000002839,-0.46,-0.25,-0.19,1.59,-0.23,0.21,0.19,0.14,-0.05,-0.69,0.02,0.07,-0.37,0.02
S000002840,0.28,0.03,-1.09,-0.08,-0.37,-0.28,-0.06,0.39,0.23,0.37,0.04,0.17,0.27,0.09
S000002842,1.05,0.03,-0.07,0.03,0.22,-0.17,0.01,0.08,-0.19,-0.39,-0.02,-0.11,-0.28,-0.19
S000002843,1.05,-0.38,-0.01,-0.55,-0.19,-0.21,0.09,0.09,-0.12,-0.26,0.33,0.04,-0.04,0.17
S000002857,-0.41,-0.14,0.13,0.69,1.06,0.65,0.39,-0.05,-0.23,-0.14,0.08,-0.85,-0.59,-0.59
S000002859,-1.61,-1.34,-1.07,-0.91,-0.24,0.24,0.78,1.04,0.88,0.86,0.72,0.46,0.23,-0.03
S000002873,-1.17,-0.03,-0.15,0.3,0.95,0.72,0.41,0.2,-0.17,0.17,0.13,-0.4,-0.73,-0.24
S000002879,-1.16,-0.21,0.0,0.32,0.45,0.3,0.24,0.29,0.1,-0.06,0.04,-0.09,-0.11,-0.12
S000002905,-1.39,0.04,-0.3,-0.17,0.33,0.11,0.26,0.57,0.29,0.16,0.11,0.26,-0.11,-0.17
S000002910,-1.63,0.28,0.04,0.09,0.34,0.52,0.35,0.63,-0.05,0.4,0.22,-0.23,-0.57,-0.38
S000002915,-1.69,-1.24,-0.84,0.06,0.44,0.77,0.89,0.53,0.09,0.71,0.11,-0.01,-0.11,0.3
S000002916,-1.47,0.1,-0.26,0.09,0.16,0.32,0.09,0.32,0.07,0.23,0.02,-0.13,0.18,0.28
S000002921,1.25,0.18,0.31,-0.17,-0.63,-0.45,-0.43,-0.39,-0.2,-0.2,-0.05,0.44,0.21,0.15
S000002936,-1.63,0.18,0.07,0.6,0.86,0.84,0.42,0.14,-0.18,0.17,-0.18,-0.74,-0.41,-0.16
S000002944,-1.77,-0.34,1.06,0.5,0.04,-0.09,-0.36,0.12,0.14,-0.24,-0.27,0.38,0.45,0.38
S000000731,1.35,0.41,0.36,0.22,0.17,0.07,0.09,-0.58,-0.58,-0.48,0.1,-0.54,-0.54,-0.03
S000000737,1.41,0.51,-0.26,-0.52,-1.52,-1.13,-0.48,0.17,0.17,-0.29,-0.21,0.76,0.84,0.54
S000000738,1.02,0.12,0.18,-0.03,-0.55,-0.44,-0.12,-0.14,-0.29,-0.22,0.27,-0.03,0.29,-0.07
S000000751,-0.27,-0.14,0.34,0.41,0.16,0.05,0.27,-0.08,0.28,0.24,0.03,0.07,-1.17,-0.19
S000000752,-1.41,-0.19,0.45,-0.04,0.77,0.82,0.57,0.13,-0.34,0.16,0.57,-0.43,-0.9,-0.18
S000000758,-1.08,0.23,-0.23,0.19,0.5,0.37,0.14,0.12,-0.51,0.18,-0.02,-0.03,0.07,0.05
S000000766,-1.42,-0.57,-0.42,-0.16,0.94,0.77,0.42,0.22,0.01,0.32,0.59,-0.26,-0.44,-0.01
S000000768,-1.23,-0.7,-0.51,-0.29,0.14,0.35,0.41,0.65,0.44,0.53,0.39,0.06,-0.28,0.02
S000000772,-1.5,-0.11,-0.02,0.43,0.75,0.52,0.1,0.23,-0.1,0.09,-0.07,-0.19,-0.28,0.17
S000000780,-1.16,0.07,-0.51,0.12,0.4,0.59,0.47,0.44,0.05,0.15,0.12,-0.25,-0.24,-0.23
S000000786,1.26,0.79,0.12,-0.09,-0.24,-0.51,-0.69,-0.21,-0.01,-0.49,-0.23,0.0,0.18,0.11
S000000791,0.01,1.63,-0.06,-0.54,-0.62,-0.49,-0.49,-0.36,-0.17,0.14,0.33,0.42,-0.25,0.46
S000000803,-1.14,-0.14,0.07,-0.3,0.45,0.68,0.74,0.34,0.03,0.44,0.53,-0.43,-1.05,-0.19
S000000814,1.16,0.44,-0.1,-0.35,-0.13,-0.23,0.0,-0.02,-0.1,-0.43,0.12,-0.03,-0.13,-0.2
S000000815,0.66,-0.15,-0.15,1.53,0.5,-0.08,0.3,-0.29,-0.04,-0.29,-0.1,-0.63,-1.17,-0.08
S000000822,2.0,0.21,0.0,-0.3,-0.39,-0.38,-0.33,-0.12,-0.19,-0.39,-0.34,-0.01,0.09,0.15
S000000823,1.33,0.26,-0.29,0.09,-0.06,-0.22,-0.12,-0.01,-0.29,-0.31,0.08,-0.14,-0.22,-0.1
S000000826,-0.49,0.04,-0.23,-0.64,-1.11,-0.45,-0.14,0.42,0.6,0.25,0.13,0.66,0.6,0.36
S000000837,1.15,0.38,0.12,0.1,-0.09,-0.58,-0.15,-0.05,0.0,-0.42,-0.12,-0.09,-0.05,-0.2
S000000838,-1.08,-0.16,-0.03,0.56,0.62,0.28,0.07,-0.03,-0.12,0.14,0.08,-0.28,-0.19,0.13
S000000839,0.99,-0.07,-0.11,0.58,0.52,-0.07,-0.07,-0.13,-0.13,-0.23,-0.01,-0.19,-1.23,0.12
S000000845,-1.93,-0.61,-0.16,0.33,0.71,0.77,0.26,0.7,0.02,0.35,0.26,0.0,-0.48,-0.21
S000000855,0.49,0.06,-0.09,-0.55,-1.19,-0.92,-0.52,-0.03,0.54,-0.01,0.49,1.03,0.68,-0.01
S000000856,1.81,0.87,0.05,0.35,-1.13,-1.05,0.74,-0.52,-0.66,-1.13,-0.57,0.51,0.37,0.34
S000000858,-1.18,-0.13,0.0,0.37,0.45,0.34,0.0,-0.01,0.03,0.47,-0.07,-0.34,-0.07,0.13
S000000864,-1.18,-0.34,0.58,0.7,1.18,0.47,-0.14,-0.34,-0.52,-0.01,-0.31,-0.6,-0.09,0.6
S000000867,-1.66,0.65,-0.16,-0.05,-1.36,-1.09,-0.09,0.57,1.12,0.47,-0.2,0.51,0.96,0.34
S000000869,2.17,-0.59,0.06,-0.77,-1.85,-1.25,-0.27,-0.27,-0.07,-0.49,0.56,0.94,1.19,0.62
S000000872,-2.01,-1.65,0.35,0.06,0.41,0.99,0.82,0.74,0.31,0.85,0.2,-0.43,-0.85,0.2
S000000874,-0.44,1.02,-0.44,0.14,0.19,0.22,0.06,0.03,-0.26,-0.07,-0.02,-0.28,-0.18,0.04
S000000876,-1.09,0.45,0.09,0.48,0.26,0.48,0.3,0.29,-0.05,-0.02,0.18,-0.44,-0.41,-0.5
S000000881,1.6,0.23,0.18,-0.23,-0.64,-0.82,-0.53,-0.36,0.07,-0.41,0.13,0.39,0.35,0.05
S000000888,-1.79,-0.52,-0.49,-0.29,0.19,0.19,0.0,0.54,0.3,0.63,0.19,0.13,0.35,0.56
S000000891,-1.58,0.17,0.07,0.09,-0.23,0.0,0.37,0.1,0.31,0.33,-0.15,0.44,-0.09,0.18
S000000893,-0.98,1.49,0.08,0.52,-0.36,-0.54,-0.62,-0.32,-0.09,0.33,-0.05,0.04,0.32,0.18
S000000897,-1.51,-0.65,0.4,-0.4,0.01,0.52,0.46,0.66,0.19,0.19,0.18,-0.19,-0.01,0.16
S000000905,1.01,0.05,0.22,0.27,-0.23,-0.66,-0.85,-0.25,0.1,-0.06,-0.28,-0.07,0.4,0.36
S000000912,-1.92,-0.49,-0.34,0.31,0.47,0.77,0.52,0.23,0.18,0.77,0.13,0.11,-0.79,0.04
S000000919,-1.11,-0.06,-0.1,0.17,0.5,0.4,0.33,0.3,0.0,-0.02,0.32,-0.31,-0.44,0.01
S000000920,-1.01,-0.34,-0.01,0.14,0.41,0.44,0.59,0.17,-0.23,0.22,0.45,-0.27,-0.38,-0.18
S000000926,1.1,0.15,-0.23,-0.5,-0.46,-1.61,-1.87,-1.87,-0.87,-0.29,0.71,1.49,2.14,2.11
S000000929,-0.28,-0.21,-0.07,0.77,1.02,0.67,0.19,-0.24,-0.26,-0.08,0.0,-0.78,-0.63,-0.1
S000000940,0.44,0.26,-0.34,0.51,0.16,0.47,0.01,-0.13,0.0,-0.04,-0.38,-0.15,-1.13,0.32
S000000944,1.04,0.54,0.15,-0.27,-0.06,-0.27,-0.15,-0.06,-0.33,-0.37,0.07,-0.17,-0.05,-0.05
S000000952,4.09,1.67,0.59,0.12,-0.27,-0.6,-0.6,-0.98,-0.78,-1.03,-1.17,-0.67,-0.22,-0.14
S000000957,0.7,-0.32,0.23,0.18,0.4,0.22,0.18,-0.09,-0.2,-0.17,-0.09,-0.65,-1.13,0.73
S000000958,-1.03,-0.48,-0.4,-0.07,0.7,0.46,0.51,0.37,0.18,0.08,0.25,-0.03,-0.5,-0.04
S000001882,0.14,1.5,0.01,0.09,0.07,-0.01,0.01,-0.39,-0.43,-0.24,0.09,-0.37,-0.26,-0.2
S000001880,1.12,0.32,-0.2,0.64,-0.1,-0.9,-0.88,-0.54,-0.21,-0.44,-0.43,-0.03,1.2,0.44
S000001872,-1.53,-0.18,-0.04,0.04,0.09,0.0,0.19,0.56,0.25,0.32,-0.21,-0.14,0.28,0.37
S000001868,-1.25,-0.08,0.17,0.63,0.5,0.43,0.06,-0.2,-0.08,0.04,0.37,-0.05,-0.36,-0.17
S000001861,0.23,-0.18,-0.35,1.92,0.11,1.0,-0.1,-0.14,-0.32,-0.32,-0.3,-0.27,-1.1,-0.18
S000001857,-1.43,-1.1,-1.06,-0.69,-0.14,0.01,0.37,0.76,1.02,0.94,0.26,0.75,0.37,-0.06
S000001828,-1.09,0.14,0.18,-0.04,0.14,0.36,0.23,0.29,-0.03,0.1,-0.03,-0.13,-0.14,-0.01
S000001827,-1.38,-0.42,-0.75,0.23,0.27,0.04,0.15,0.39,0.29,0.32,-0.08,0.14,0.32,0.47
S000001826,-1.06,0.29,-0.26,-0.05,0.18,0.45,0.42,0.2,-0.09,-0.03,-0.11,-0.08,-0.05,0.16
S000001899,1.08,-0.07,0.17,-0.03,-0.08,-0.08,0.06,-0.16,-0.29,-0.32,0.25,-0.1,-0.22,-0.21
S000001900,1.0,0.27,-0.22,-0.29,-0.59,-0.11,0.02,-0.01,-0.15,-0.18,0.17,0.0,0.06,0.02
S000001911,2.14,0.19,-0.15,-0.82,-1.52,-1.37,-0.49,-0.09,0.33,-0.29,-0.02,1.08,0.66,0.35
S000001913,1.8,0.48,0.05,-0.19,-0.72,-1.15,-0.35,-0.15,0.2,-0.64,-0.37,0.57,0.39,0.09
S000001949,0.34,-0.19,-0.57,-0.73,-0.89,-0.75,-0.51,0.22,0.4,0.08,0.09,0.74,1.09,0.67
S000001953,0.72,-0.26,0.24,-0.13,0.04,0.53,-0.11,0.43,0.04,-0.54,0.31,-1.42,-0.07,0.22
S000002973,1.17,0.25,-0.1,-0.06,0.15,-0.11,-0.08,-0.19,-0.21,-0.6,0.06,-0.1,-0.1,-0.1
S000002976,-1.19,-0.63,-0.13,-0.16,-0.14,0.1,0.08,0.14,0.27,0.62,0.29,0.29,0.19,0.26
S000002980,-1.1,-0.3,0.44,-0.34,-0.05,0.48,0.49,0.32,0.01,0.05,0.17,0.09,-0.14,-0.12
S000002984,-1.0,-0.25,0.03,0.29,0.33,0.03,0.05,0.21,0.22,0.11,-0.02,-0.08,0.26,-0.18
S000002989,-1.05,-0.83,-0.39,-1.3,-0.79,-0.39,0.28,0.52,0.88,0.7,0.73,1.01,0.47,0.17
S000002990,-1.03,-0.4,-0.56,-0.41,-0.03,0.13,-0.03,0.63,0.34,0.52,0.1,0.42,-0.17,0.47
S000002996,-0.16,-0.49,-0.62,-1.31,-1.11,-1.16,-1.16,-0.66,-0.31,0.6,0.83,1.73,1.84,1.98
S000002997,-0.29,-0.09,-0.09,0.5,1.01,0.59,0.38,0.01,-0.45,-0.23,0.06,-0.55,-0.4,-0.45
S000003005,1.52,0.34,0.52,0.14,-0.74,-0.79,-0.53,0.01,0.06,-0.79,-0.55,0.07,0.45,0.29
S000003019,1.08,0.02,0.12,-0.3,-0.05,-0.32,-0.07,-0.12,-0.07,-0.35,0.07,0.07,-0.14,0.04
S000003020,1.15,-0.04,-0.04,-0.18,-0.24,-0.04,-0.1,-0.22,-0.2,-0.13,0.23,-0.01,-0.17,0.01
S000003021,1.89,0.05,0.02,-0.01,0.0,-0.41,-0.17,-0.17,-0.12,-0.43,-0.21,-0.05,-0.37,-0.01
S000003023,1.45,2.03,-0.41,-1.17,-0.49,-0.44,0.17,0.06,-0.41,0.06,0.52,-0.1,-0.92,-0.36
S000003027,1.26,-0.19,0.17,0.32,0.12,-0.23,-0.07,0.05,-0.47,-0.47,-0.02,-0.27,-0.19,0.0
S000003028,-0.05,-0.05,1.29,-0.28,0.25,0.21,0.25,-0.08,-0.37,-0.19,0.19,-0.43,-0.39,-0.35
S000003045,-1.36,-0.08,0.02,-0.12,0.59,0.1,0.4,0.36,0.15,0.14,-0.06,0.21,-0.26,-0.08
S000003046,-1.12,-0.52,-0.1,0.38,0.76,0.56,0.5,-0.12,-0.07,0.56,0.13,-0.34,-0.55,-0.08
S000003064,1.39,0.05,0.22,-0.4,-0.62,-0.47,-0.36,-0.02,0.0,-0.36,0.21,0.29,0.15,-0.07
S000003088,-1.05,-0.55,0.04,0.41,0.98,0.81,0.09,0.07,-0.23,0.42,0.24,-0.53,-0.66,-0.05
S000003089,1.57,0.61,0.33,0.75,-0.37,-0.81,-0.7,-0.63,-0.39,-0.58,-0.52,0.04,0.3,0.39
S000003091,-1.04,-0.44,-0.04,0.82,0.48,0.36,0.51,0.42,0.14,-0.01,-0.31,-0.11,-0.52,-0.25
S000003094,0.2,-0.21,0.38,0.3,0.29,-0.17,0.15,0.12,0.12,0.03,-0.13,0.0,-1.06,0.01
S000003116,-1.44,-0.38,-0.26,0.61,0.65,0.67,0.07,0.29,-0.1,0.25,0.37,-0.22,-0.52,0.03
S000003124,1.2,0.79,0.12,0.29,-0.51,-0.86,-0.94,-0.37,-0.3,-0.3,-0.2,-0.01,0.61,0.48
S000003132,1.0,-0.11,-0.33,-0.07,0.15,0.05,-0.19,-0.19,-0.02,-0.13,0.13,-0.13,-0.21,0.06
S000003138,-0.12,-0.08,0.0,0.29,1.02,0.61,0.13,-0.14,-0.31,-0.1,0.3,-0.49,-0.76,-0.36
S000003139,-0.51,0.03,0.05,0.43,0.99,0.92,0.53,-0.1,-0.36,-0.24,0.36,-0.62,-1.08,-0.41
S000003159,1.31,-0.01,0.15,-0.09,0.01,-0.15,0.01,-0.24,-0.14,-0.41,-0.15,0.13,-0.04,-0.37
S000003162,0.77,-0.11,0.05,0.05,0.27,0.1,-0.11,-0.48,-0.23,-0.33,1.28,-0.26,-0.7,-0.3
S000003183,1.11,-0.02,0.09,0.29,0.37,-0.07,-0.02,-0.4,-0.31,-0.31,-0.14,-0.49,-0.02,-0.09
S000003190,1.47,0.3,0.2,-0.24,-0.22,0.02,-0.06,-0.37,-0.04,-0.32,0.06,-0.04,-0.29,-0.48
S000003193,-1.37,-1.14,-0.65,-0.05,0.44,0.66,0.95,0.62,0.21,0.24,0.51,0.03,-0.41,-0.05
S000003203,-1.79,0.0,0.73,0.03,0.03,0.07,0.16,0.1,-0.04,0.36,-0.17,0.06,-0.08,0.54
S000003204,-1.35,-0.76,-0.26,0.32,0.57,0.49,0.22,0.37,-0.1,0.2,0.52,-0.15,-0.37,0.3
S000003219,1.08,0.16,0.12,-0.44,0.01,-0.2,-0.31,-0.03,-0.29,-0.27,0.07,-0.08,0.04,0.12
S000003240,1.83,0.42,0.23,-0.47,-1.02,-0.88,-0.66,-0.21,0.16,-0.45,-0.31,0.52,0.62,0.22
S000003246,-1.48,-0.37,-0.46,0.13,-0.06,0.16,0.32,0.27,0.4,0.8,-0.07,0.16,-0.03,0.23
S000003275,1.18,0.61,0.26,0.81,-0.18,-0.56,-0.89,-0.31,-0.26,-0.65,-1.28,-0.19,0.98,0.47
S000003276,1.12,0.02,0.41,-0.04,-0.64,-0.64,-0.89,-0.61,-0.4,-0.57,-0.04,0.49,0.96,0.84
S000003284,1.51,0.09,0.36,0.57,-0.01,-0.49,-0.68,-0.35,-0.25,-0.64,-0.64,-0.07,0.36,0.26
S000003285,1.12,-0.18,-0.03,0.39,-0.2,-0.03,-0.42,-0.25,-0.16,-0.47,0.35,-0.22,-0.14,0.24
S000003287,-1.52,-0.22,-0.18,0.33,0.13,0.31,-0.48,0.3,0.24,0.48,-0.08,0.18,0.41,0.1
S000003293,-1.04,0.18,0.12,-0.08,-0.08,0.03,-0.08,0.26,0.06,0.4,0.12,-0.02,-0.06,0.21
S000003294,0.67,-0.4,0.96,0.3,0.48,-0.01,0.91,-0.22,-0.43,-0.17,-0.33,-0.31,-1.24,-0.22
S000003297,-1.82,-0.3,0.64,0.26,0.09,0.04,-0.08,0.2,-0.16,0.14,0.06,-0.02,0.13,0.81
S000003299,-1.56,0.34,-0.09,-0.14,-0.63,-0.05,0.05,0.52,0.2,0.2,0.46,0.41,0.08,0.22
S000003314,-0.9,-0.23,-0.07,0.06,0.31,0.44,0.53,0.43,0.11,0.07,0.12,0.07,-1.08,0.13
S000003320,1.77,-0.3,1.11,1.09,-0.43,-0.76,-0.63,-0.49,-0.19,-0.94,-1.63,-0.07,0.94,0.53
S000003324,-1.37,-0.7,-0.52,-0.27,-0.4,-0.13,0.02,0.17,0.31,0.47,0.61,0.86,0.42,0.51
S000003340,-1.78,-1.63,-1.7,-1.7,-0.7,-0.03,0.56,0.92,1.02,1.08,1.45,1.0,0.99,0.53
S000003342,1.02,0.27,0.18,0.09,-0.23,-0.27,-0.06,-0.08,-0.21,-0.33,-0.12,-0.19,-0.21,0.16
S000003343,1.1,0.04,0.12,-0.11,-0.5,-0.31,-0.09,-0.09,-0.19,-0.24,0.1,0.12,-0.02,0.07
S000003372,0.11,-0.45,-0.14,0.52,0.39,1.08,0.59,0.19,0.28,-1.45,0.03,-0.4,-0.43,-0.32
S000003374,2.51,0.12,0.08,-0.32,-0.07,-0.42,-0.2,-0.22,-0.09,-0.29,-0.42,-0.25,-0.09,-0.34
S000003378,1.27,0.74,0.68,0.64,0.36,-0.33,-0.28,-0.55,-0.4,-0.67,-0.24,-0.53,-0.4,-0.3
S000003382,1.25,-0.47,0.09,0.39,0.37,0.09,1.09,-0.39,-0.16,-0.39,-0.2,-0.49,-0.86,-0.33
S000003391,-1.82,-0.27,0.37,0.64,1.18,1.09,0.64,0.13,-0.34,0.43,0.19,-1.01,-0.9,-0.31
S000003393,1.77,0.12,0.22,0.22,-0.08,-0.38,-0.12,-0.08,-0.23,-0.08,-0.72,-0.31,-0.33,0.01
S000003394,-1.1,-0.09,0.21,0.33,0.12,0.25,0.25,-0.06,0.01,0.23,0.07,-0.08,-0.15,0.02
S000003405,-1.05,-0.03,-0.06,0.03,0.49,0.41,0.1,0.36,-0.03,0.21,0.15,-0.24,-0.26,-0.06
S000003421,-2.42,-1.68,-1.74,-0.8,0.44,0.43,0.25,0.7,0.42,1.02,0.48,0.87,1.07,0.96
S000003446,-1.41,-0.32,-0.18,0.31,0.22,0.14,0.12,0.4,0.46,0.37,-0.09,0.2,-0.08,-0.15
S000003460,-1.09,-0.77,-0.27,0.12,0.22,0.43,0.36,0.11,0.18,0.37,0.49,0.13,-0.14,-0.13
S000003461,-1.37,-0.41,0.38,-0.3,-0.04,0.28,0.06,0.35,-0.15,0.41,0.61,0.07,0.15,-0.03
S000003468,2.76,-0.05,0.31,-0.4,-0.29,-0.54,-0.75,-0.43,-0.23,-1.0,-0.14,-0.2,0.55,0.42
S000003469,1.14,-0.04,-0.01,-0.28,-0.41,-0.36,-0.47,0.07,-0.2,-0.2,0.04,0.09,0.47,0.16
S000003474,0.0,0.05,0.03,-0.13,-0.04,-1.0,0.02,0.19,0.12,0.09,0.16,0.37,0.13,0.0
S000003480,2.24,0.74,0.59,0.07,-1.25,-1.4,-1.03,-0.4,0.18,-1.07,-0.76,0.71,1.07,0.3
S000003491,-1.0,0.34,0.24,-0.2,-0.25,-0.09,-0.16,0.41,0.19,0.11,0.08,0.21,-0.02,0.13
S000003496,-1.2,-0.28,-0.12,0.27,0.81,0.43,0.3,0.07,0.0,0.2,0.24,-0.02,-0.55,-0.16
S000003500,1.27,0.23,0.0,-0.25,-0.23,-0.4,-0.28,-0.16,-0.08,-0.25,-0.23,0.16,0.15,0.06
S000000993,-1.54,-0.18,-0.76,0.37,0.1,0.35,0.19,0.69,0.33,0.38,-0.03,0.09,0.09,-0.1
S000000999,-1.06,-0.02,-0.18,0.66,0.12,0.17,0.03,0.17,-0.1,0.22,-0.07,-0.01,-0.01,0.08
S000001000,1.43,-0.12,0.13,0.13,0.04,0.01,0.16,-0.06,-0.31,-0.37,-0.21,-0.6,-0.21,-0.03
S000001004,0.12,-0.14,0.81,0.51,0.51,0.54,0.43,-0.06,-0.51,-0.36,0.04,-0.65,-1.1,-0.14
S000001013,1.72,0.17,-0.05,0.06,-1.0,-0.86,-0.63,-0.29,-0.03,-0.75,-0.1,0.67,0.56,0.54
S000001016,-1.3,0.84,-0.53,-0.51,-0.63,-0.68,0.19,0.51,0.7,0.25,0.23,0.63,0.2,0.09
S000001032,-0.21,1.23,0.37,0.16,0.31,0.19,-0.01,-0.26,-0.23,0.16,-0.13,-0.11,-0.98,-0.49
S000001035,0.54,-0.16,-0.04,0.19,-0.04,1.36,0.17,-0.32,-0.27,-0.56,0.12,-0.18,-0.4,-0.4
S000001039,1.27,1.67,0.45,-0.67,-0.7,-0.73,-0.57,-0.45,0.04,-0.07,-0.12,0.23,-0.09,-0.26
S000001041,-1.27,-0.35,-0.19,-0.09,0.08,0.33,0.19,0.48,0.16,0.51,-0.27,-0.05,0.07,0.41
S000001042,-1.28,-0.21,-0.13,0.22,-0.08,0.23,0.35,0.08,0.01,0.37,-0.18,0.15,0.16,0.3
S000001046,1.07,0.21,0.32,0.47,-0.07,-0.03,-0.14,-0.25,-0.52,-0.52,-0.01,-0.04,-0.37,-0.12
S000001049,-1.22,0.75,0.16,0.33,0.23,0.18,-0.33,-0.24,0.02,0.27,-0.16,0.06,0.06,-0.1
S000001058,0.69,0.03,-0.09,-0.32,-0.74,-1.08,-0.62,-0.05,0.46,0.07,-0.18,0.7,0.76,0.36
S000001061,-1.02,-0.83,-0.26,-0.08,0.25,0.26,0.03,0.63,0.42,0.41,-0.12,0.19,0.09,0.04
S000001062,-1.51,-0.36,-0.27,-0.04,0.46,0.29,0.36,0.52,0.51,0.58,-0.13,0.03,-0.26,-0.18
S000001063,-1.07,-0.22,-0.07,-0.02,0.55,0.25,0.16,0.41,0.19,0.21,-0.07,-0.16,-0.15,0.0
S000001064,1.45,0.09,-0.2,-0.31,0.06,-0.07,0.02,0.06,0.0,-0.25,0.21,-0.23,-0.59,-0.25
S000001065,-1.1,-0.52,-0.32,-0.5,-0.32,-0.38,-0.13,0.29,0.6,0.61,0.54,0.7,-0.02,0.56
S000001067,-1.62,0.03,0.07,-0.03,0.14,0.31,0.25,0.39,0.07,0.43,-0.07,-0.15,-0.12,0.29
S000001075,-0.99,1.37,-0.35,0.62,0.19,0.2,-0.15,0.42,-0.24,-0.22,-0.39,-0.32,-0.24,0.07
S000001081,-1.04,-0.08,0.17,0.4,0.01,-0.1,-0.2,0.21,-0.05,0.05,-0.05,0.08,0.09,0.5
S000001085,0.1,1.66,-0.21,-0.61,-0.25,-0.33,-0.01,0.04,-0.13,-0.42,0.24,0.17,-0.08,-0.15
S000001094,-1.16,0.45,-0.06,0.64,0.89,0.63,0.07,0.08,-0.21,0.19,-0.02,-0.74,-0.57,-0.19
S000001095,4.38,2.2,-0.02,-0.26,-0.79,-0.79,-0.91,-0.73,-0.73,-0.76,-0.71,-0.46,-0.09,-0.32
S000001097,4.3,2.28,-0.1,-0.3,-0.83,-0.89,-0.71,-0.71,-0.77,-0.86,-0.66,-0.46,0.02,-0.3
S000001106,-1.17,-0.6,-0.12,0.01,0.24,0.58,0.24,0.35,0.01,0.35,0.06,0.12,-0.14,0.06
S000001109,0.06,0.37,-1.59,0.08,0.15,-0.74,0.06,0.06,0.24,0.02,0.44,0.23,0.28,0.34
S000001114,-1.23,0.18,0.41,0.12,0.21,0.36,0.05,-0.02,0.05,0.04,-0.03,-0.34,-0.07,0.27
S000001120,0.17,0.23,0.27,0.51,0.26,0.17,0.23,-0.1,-0.08,-1.79,0.18,-0.03,-0.16,0.14
S000001129,2.38,0.41,0.58,-0.08,-0.59,-0.91,-0.7,-0.26,-0.03,-1.08,-0.78,0.05,0.65,0.35
S000001131,-1.21,-0.47,-0.38,0.16,0.35,0.45,0.21,0.45,0.13,0.35,0.04,-0.08,-0.1,0.1
S000001132,1.0,0.0,0.07,-0.18,0.23,0.05,0.12,-0.14,-0.04,-0.22,0.07,-0.16,-0.24,-0.55
S000001138,1.87,0.91,0.81,0.45,-0.46,-1.07,-0.79,-0.6,-0.07,-0.48,-0.9,-0.09,0.37,0.03
S000001139,1.97,0.09,0.0,-0.28,-0.84,-0.68,-0.53,0.0,-0.02,-0.3,-0.32,0.29,0.33,0.29
S000001165,-1.07,0.09,0.21,-0.48,-0.02,-0.02,0.06,0.32,0.08,0.24,0.31,0.09,-0.02,0.2
S000001170,-0.74,-1.05,-0.36,0.27,0.79,0.67,0.61,0.26,-0.55,0.26,0.32,-0.5,-0.17,0.17
S000001181,1.33,0.39,0.14,0.02,-0.24,-0.24,-0.36,-0.12,0.17,-0.32,-0.11,-0.32,-0.09,-0.26
S000001186,0.7,0.54,-0.46,-0.86,-0.53,-1.18,-1.13,-1.23,-0.63,-0.21,0.6,0.85,1.64,1.91
S000001192,-1.65,-0.9,-0.78,0.35,0.87,0.8,0.8,0.5,0.02,0.41,0.02,-0.25,-0.33,0.14
S000001213,-1.16,-0.26,0.36,0.13,0.8,0.75,0.23,0.22,0.06,0.46,0.02,-0.72,-0.74,-0.16
S000001226,-0.83,1.56,-0.25,-0.11,0.13,0.25,0.07,0.17,0.44,-1.86,0.13,0.42,0.02,-0.14
S000001238,1.21,0.03,0.27,0.18,-0.26,-0.31,-0.17,-0.09,-0.29,-0.33,-0.23,-0.05,0.11,-0.07
S000001239,-1.17,0.25,0.13,0.48,0.46,0.43,0.09,0.21,-0.29,0.26,0.13,-0.51,-0.35,-0.15
S000001246,-1.09,-0.28,0.15,-0.25,0.37,0.06,0.07,0.69,0.35,0.31,-0.07,-0.04,-0.13,-0.15
S000001251,-1.18,-0.34,-0.13,-0.26,0.35,0.25,-0.08,0.33,0.14,0.46,0.12,-0.08,0.09,0.33
S000001258,-1.1,0.8,0.45,0.28,-0.19,0.12,-0.08,-0.11,-0.2,0.19,0.12,0.07,-0.13,-0.22
S000001259,-1.76,-0.07,0.01,-0.01,0.52,0.63,0.35,0.4,-0.07,0.3,0.3,-0.13,-0.5,0.03
S000001261,-1.43,0.25,-0.28,-0.23,0.06,0.35,0.12,0.36,0.1,0.31,-0.03,0.12,-0.04,0.33
S000001277,-1.04,-0.8,-0.16,-0.29,0.08,-0.01,-0.16,-0.29,-0.24,0.18,0.68,0.87,0.67,0.54
S000001280,-1.05,-0.36,0.23,0.54,0.5,0.39,0.3,0.47,0.17,-0.1,-0.04,-0.22,-0.3,-0.52
S000001296,1.2,0.14,-0.03,-0.39,-0.43,-0.53,-0.22,0.0,0.12,-0.33,0.03,0.2,0.14,0.09
S000001307,2.22,0.56,-0.08,-0.45,-0.59,-0.24,-0.11,-0.17,-0.2,-0.32,-0.2,-0.11,-0.08,-0.22
S000001315,-1.19,-0.16,0.44,0.6,1.18,0.6,-0.28,-0.33,-0.62,-0.08,-0.41,-0.66,0.08,0.84
S000001317,0.66,0.38,0.0,0.14,-0.34,-0.34,-1.04,0.17,0.2,-0.21,-0.37,0.15,0.38,0.23
S000001318,1.35,-0.39,-0.29,-0.34,-0.22,-0.27,-0.07,0.12,0.26,0.05,-0.05,0.24,-0.01,-0.37
S000001319,0.47,0.7,0.0,-0.62,-1.2,-0.94,-0.64,-0.19,0.16,-0.32,0.01,0.87,1.04,0.64
S000001324,1.19,-0.02,-0.24,-0.32,-0.46,-0.24,-0.02,0.09,0.19,-0.3,-0.1,0.15,0.15,-0.07
S000001328,-1.19,-0.72,-0.46,0.1,0.41,0.76,0.63,0.42,0.21,0.56,0.16,-0.27,-0.46,-0.13
S000001339,1.45,-0.53,-0.02,-0.51,-0.4,-0.49,-0.6,0.03,0.19,-0.05,-0.32,0.42,0.33,0.48
S000001348,0.58,-0.07,-0.47,-0.02,-0.05,-0.42,0.02,-0.23,-0.07,-0.17,1.59,-0.17,-0.39,-0.13
S000001353,-1.15,-0.11,-0.37,0.67,0.71,1.4,0.16,-0.03,-0.06,0.28,-0.26,-0.65,-0.37,-0.22
S000001359,1.44,-0.18,0.18,0.24,0.05,-0.13,-0.32,-0.29,-0.29,-0.5,-0.03,0.07,-0.32,0.09
S000001366,0.87,0.04,-0.44,-0.54,-0.39,-0.54,-0.89,-0.49,-0.19,0.07,-0.07,0.51,1.03,1.03
S000001385,-1.76,-1.71,-1.48,-0.59,-0.38,0.43,0.76,0.85,0.9,0.96,0.61,0.73,0.32,0.36
S000001386,1.12,0.31,-0.14,-0.19,-0.77,-0.66,-0.64,-0.02,0.1,-0.1,-0.2,0.16,0.65,0.4
S000001391,-1.33,-0.79,-0.57,-0.37,-0.09,0.63,0.42,0.83,0.64,0.62,-0.02,0.37,0.05,-0.4
S000001402,-1.38,-1.18,1.05,-0.43,0.08,0.52,0.56,0.71,0.01,0.57,0.08,-0.2,-0.4,0.01
S000001403,-0.83,-1.25,-0.56,-0.36,0.35,0.69,0.82,0.52,0.25,0.42,0.65,-0.1,-0.8,0.19
S000001416,1.14,0.3,-0.13,-0.32,-0.28,-0.39,-0.34,-0.05,0.14,-0.04,-0.2,-0.04,0.22,-0.02
S000001450,1.08,-0.13,0.13,-0.24,0.27,0.03,-0.18,0.02,-0.26,-0.32,0.12,-0.34,-0.26,0.06
S000001451,-1.04,-0.04,-0.03,0.32,0.62,0.6,0.3,0.16,0.02,0.18,-0.21,-0.39,-0.39,-0.09
S000001458,0.54,-0.17,0.25,0.82,0.35,0.08,0.42,-0.26,-0.28,-0.26,-0.21,-0.58,-1.15,0.45
S000003552,0.31,0.31,1.24,-0.08,0.04,-0.03,-0.13,-0.29,-0.33,-0.33,0.02,-0.29,-0.37,-0.08
S000003554,0.56,0.23,0.23,1.09,-0.06,0.01,-0.03,-0.21,-0.41,-0.31,0.0,-0.39,-0.49,-0.24
S000003573,1.66,0.21,-0.07,-0.07,-0.15,-0.39,-0.1,-0.12,-0.21,-0.59,0.03,-0.02,-0.15,-0.03
S000003584,1.4,0.42,-0.35,-0.06,-0.07,-0.23,-0.3,-0.18,-0.32,-0.39,-0.07,0.15,-0.12,0.14
S000003589,1.06,0.26,0.16,-0.22,-0.02,-0.33,-0.22,-0.18,-0.04,-0.46,-0.09,-0.01,0.19,-0.09
S000003593,1.61,0.13,0.37,0.05,-0.14,-0.55,-0.43,-0.27,-0.12,-0.4,-0.35,0.13,0.01,-0.05
S000003602,1.33,-0.02,-0.21,0.44,-0.38,-0.46,-0.62,-0.24,-0.11,-0.49,-0.22,0.21,0.39,0.38
S000003603,1.02,-0.27,-0.08,0.26,-0.12,-0.52,-0.36,-0.05,-0.04,-0.3,-0.22,0.26,0.29,0.13
S000003609,-1.25,-0.55,0.07,-0.14,0.48,0.3,0.52,0.4,0.11,0.26,0.26,-0.08,-0.48,0.11
S000003610,-1.04,-0.72,-0.28,-0.17,0.45,0.73,0.6,0.36,0.18,0.22,0.28,-0.17,-0.6,0.15
S000003616,-1.41,-0.67,-0.35,-0.35,-0.15,0.19,0.31,0.35,0.8,0.83,0.23,0.38,-0.23,0.07
S000003625,-0.73,0.45,0.03,0.01,-1.12,-0.66,-0.4,0.09,0.68,0.23,0.07,0.54,0.69,0.13
S000003630,1.24,0.32,0.26,-0.28,-0.44,-0.36,-0.16,-0.06,-0.25,-0.02,-0.02,-0.11,-0.3,0.16
S000003634,1.49,-0.36,-0.4,0.19,0.14,0.18,0.09,0.24,0.11,-0.07,-0.64,-0.24,-0.4,-0.33
S000003649,0.37,-0.29,0.28,1.04,0.45,0.45,0.12,-0.47,-0.5,-0.34,-0.15,-0.64,-0.55,0.24
S000003652,-1.22,0.18,0.05,0.98,1.13,0.72,0.37,0.06,-0.41,-0.25,-0.6,-0.81,-0.6,0.38
S000003658,-1.08,-0.58,-0.23,0.13,0.87,0.79,0.26,0.28,0.1,0.47,-0.06,-0.48,-0.44,-0.03
S000003667,1.07,-0.2,-0.16,0.1,-0.12,-0.22,-0.01,-0.07,-0.18,-0.39,0.23,0.09,0.14,-0.26
S000003677,1.54,0.01,0.17,0.01,-0.45,-0.29,-0.27,-0.13,-0.12,-0.41,-0.18,0.16,-0.03,0.01
S000003678,1.56,0.76,-0.8,-0.27,-0.32,-0.42,-0.32,-0.15,-0.25,-0.29,0.02,0.2,0.03,0.26
S000003687,1.16,0.38,0.04,-0.05,-0.34,-0.44,-0.23,-0.02,-0.22,-0.5,0.12,0.12,0.02,-0.04
S000003688,1.02,-0.21,0.51,-0.46,-0.36,-0.26,-0.24,-0.05,-0.05,-0.24,0.05,0.02,0.05,0.2
S000003689,-0.77,1.38,-0.11,0.05,-0.38,-0.7,-0.22,0.33,0.21,-0.19,0.14,0.27,0.28,-0.28
S000003691,1.82,0.2,-0.01,-0.1,-0.39,-0.64,-0.28,-0.01,0.01,-0.7,-0.14,0.26,-0.14,0.12
S000003693,-1.77,0.05,0.0,0.1,-0.02,-0.27,-0.31,-0.1,0.26,0.03,0.29,0.75,0.65,0.32
S000003694,-1.69,-2.25,-1.64,-1.43,-0.13,0.79,0.45,1.13,0.87,1.2,0.6,1.0,0.47,0.65
S000003695,0.71,0.45,-0.1,-0.24,-0.59,-0.33,-0.69,-0.61,-0.38,-0.32,-0.55,1.02,1.05,0.59
S000003697,1.39,0.34,0.45,0.3,-0.46,-0.53,-0.6,-0.51,-0.15,-0.67,-0.2,0.25,0.25,0.14
S000003699,1.15,0.37,0.46,0.16,-0.58,-0.53,-0.27,-0.23,0.0,-0.38,-0.14,0.05,-0.16,0.12
S000003701,1.75,-0.1,0.09,-0.11,-0.37,-0.07,-0.05,-0.05,-0.25,-0.32,-0.19,-0.07,-0.11,-0.16
S000003702,1.16,0.17,0.37,-0.3,-0.09,-0.1,-0.28,-0.09,-0.33,-0.3,0.03,0.07,-0.21,-0.1
S000003719,-1.17,-0.37,-0.07,-0.2,0.2,0.35,0.38,0.34,0.14,0.14,0.38,0.26,-0.18,-0.2
S000003722,-1.3,-0.04,-0.2,-0.01,0.04,-0.07,0.12,0.59,0.22,0.35,0.23,0.11,-0.2,0.17
S000003726,-1.59,-0.11,0.36,-0.01,0.72,0.62,0.3,0.27,-0.03,0.21,0.36,-0.19,-0.67,-0.23
S000003728,-1.0,0.03,0.09,-0.06,0.03,-0.21,-0.21,0.29,0.15,0.19,0.11,0.13,0.08,0.37
S000003731,-1.01,-0.41,-0.3,0.33,0.45,0.32,0.28,-0.18,0.04,0.02,0.12,-0.16,0.15,0.35
S000003732,-1.46,-0.5,-0.58,-0.71,-0.22,-0.3,-0.04,0.54,0.54,0.19,0.19,0.69,0.77,0.89
S000003736,-1.66,-0.27,-0.16,0.33,0.95,0.91,0.3,0.49,0.22,0.34,0.2,-0.39,-0.84,-0.43
S000003743,0.89,-0.07,-0.18,0.0,0.54,0.83,0.23,0.14,0.06,-0.36,0.27,-0.67,-1.23,-0.42
S000003768,1.53,0.43,0.73,-0.17,-0.68,-0.68,-0.73,-0.43,-0.29,-0.45,-0.21,0.43,0.32,0.2
S000003777,-1.44,-0.4,0.0,0.45,0.59,0.65,0.39,0.51,0.08,-0.18,-0.07,-0.18,-0.35,-0.05
S000003809,-1.06,-0.4,-0.09,0.09,0.11,0.12,0.09,0.43,0.19,0.14,0.13,0.29,0.06,-0.1
S000003811,1.23,0.1,-0.03,0.33,-0.22,-0.32,-0.26,-0.22,0.06,-0.12,0.08,-0.14,-0.11,-0.38
S000003824,-0.99,0.25,1.29,0.34,0.36,0.28,-0.08,0.22,-0.08,0.01,0.07,-0.83,-0.61,-0.23
S000003827,1.42,0.06,0.43,0.09,-0.23,-0.62,-0.85,-0.28,0.13,-0.43,-1.17,0.22,0.64,0.6
S000003831,-1.68,-0.27,-0.48,0.28,0.95,0.58,0.36,0.19,0.21,0.43,-0.06,-0.06,-0.39,-0.05
S000003844,0.76,-1.59,0.87,-0.09,0.17,-0.04,-0.23,0.06,-0.16,0.04,0.17,0.04,-0.11,0.12
S000003856,-1.05,0.22,-0.35,-0.59,-0.84,-0.61,0.17,0.45,0.94,0.22,0.39,0.71,0.64,-0.3
S000003857,1.26,0.08,-0.16,0.18,-0.66,-0.58,-0.52,0.08,0.19,-0.33,-0.66,0.24,0.76,0.13
S000003866,-1.67,0.04,0.29,0.32,0.13,0.44,0.25,0.18,0.12,-0.07,0.03,0.25,-0.16,-0.16
S000003870,-1.97,-0.74,0.04,0.28,-0.02,0.15,-0.05,-0.1,-0.02,0.09,-0.04,0.66,0.75,0.97
S000003893,-1.05,0.03,0.37,0.07,0.32,0.08,0.15,0.25,-0.1,0.07,-0.11,-0.18,0.0,0.1
S000003904,-1.35,-0.53,-0.5,-0.13,0.03,0.46,0.78,0.52,0.25,0.09,0.25,0.18,-0.04,-0.01
S000003913,-0.17,-0.17,0.28,0.1,0.02,-0.19,-0.04,0.35,0.09,0.09,0.2,0.23,-1.11,0.32
S000001487,-1.05,-0.33,-0.38,-0.05,0.17,0.31,0.22,0.06,0.25,0.43,0.23,0.23,-0.31,0.22
S000001489,-1.2,-0.23,-0.02,0.25,0.57,0.45,0.39,0.62,0.06,-0.1,-0.26,0.0,-0.34,-0.19
S000001492,-0.93,-0.13,-0.3,0.53,1.01,0.5,0.3,-0.13,-0.03,0.49,0.12,-0.58,-0.67,-0.19
S000001496,1.05,0.01,-0.53,-0.31,-0.18,-0.21,-0.42,0.05,-0.05,-0.09,0.06,0.34,0.12,0.17
S000001497,-1.03,-0.22,-0.39,0.26,0.43,0.54,0.48,0.19,-0.18,0.35,0.11,-0.15,-0.48,0.08
S000001498,-0.47,2.23,-0.6,0.0,-0.38,-0.42,-0.06,0.09,-0.06,0.19,-0.32,0.18,-0.4,0.03
S000001509,2.76,0.52,0.42,0.13,-0.38,-1.02,-0.62,-0.46,-0.18,-0.98,-0.16,-0.09,0.06,0.0
S000001512,-1.5,-0.52,-0.68,0.58,0.55,0.08,0.15,-0.24,0.16,0.91,-0.08,0.01,0.03,0.55
S000001513,-1.04,-0.29,-0.02,0.41,0.65,0.29,0.18,-0.17,-0.07,0.2,0.0,-0.31,0.03,0.13
S000001548,1.24,0.41,-0.05,0.21,-0.53,-0.28,-0.22,-0.19,-0.34,-0.29,0.14,-0.22,0.07,0.04
S000001561,-1.04,-0.1,-0.2,0.54,0.99,0.59,0.25,-0.18,0.04,0.48,-0.18,-0.41,-0.41,-0.36
S000001564,-1.35,-0.66,-0.28,0.51,0.5,0.74,0.55,0.37,0.11,0.17,0.11,-0.15,-0.45,-0.18
S000001574,1.15,0.29,0.29,-0.16,-0.61,-0.52,-0.59,-0.18,0.0,-0.37,-0.07,0.34,0.16,0.27
S000001576,1.1,0.37,-0.28,-0.26,-0.51,-0.41,-0.36,-0.1,-0.15,-0.26,0.91,0.0,-0.17,0.14
S000001579,-1.11,0.2,-0.29,-0.9,-0.76,-0.5,0.04,0.52,0.68,0.31,0.18,0.74,0.64,0.25
S000001596,-1.25,-0.74,-0.38,-0.03,0.68,0.7,0.55,0.29,0.19,0.16,0.11,-0.04,-0.17,-0.06
S000001616,1.26,-0.22,0.2,0.11,-0.22,-0.12,-0.26,-0.2,-0.1,-0.37,-0.12,0.04,0.03,-0.03
S000001625,1.7,0.23,0.07,-0.47,-0.52,-0.43,-0.59,-0.22,-0.11,-0.5,0.13,0.21,0.42,0.09
S000001634,1.23,0.4,0.31,0.07,-0.39,-0.59,-0.35,-0.07,-0.19,-0.63,-0.45,0.05,0.23,0.39
S000001636,1.07,0.25,0.35,0.29,0.11,-0.17,-0.34,-0.36,-0.48,-0.57,-0.52,0.09,-0.03,0.3
S000001646,0.03,-0.55,-0.49,-0.4,-0.53,-0.46,-0.57,-0.44,-0.07,0.13,-0.02,1.08,1.28,1.01
S000001647,-0.14,-0.73,0.8,-1.03,-0.54,-0.45,-0.67,-0.48,-0.41,-0.02,0.17,1.03,1.53,0.94
S000001648,-1.22,-0.83,-0.49,0.71,0.06,0.47,0.7,0.22,0.11,0.12,0.23,-0.05,0.01,-0.05
S000001649,-0.93,0.38,-0.1,-0.1,0.66,0.05,-0.06,-0.13,-0.53,-0.11,2.07,-0.56,-0.42,-0.22
S000001655,-0.47,0.02,-0.05,0.88,1.11,0.72,-0.11,-0.07,-0.26,-0.07,0.08,-0.67,-0.62,-0.49
S000001661,-0.46,0.21,0.4,0.89,0.5,-0.41,0.27,-0.06,-0.21,-0.17,0.01,-0.26,-1.04,0.33
S000001663,-1.02,-0.17,0.1,0.28,0.2,0.38,0.0,0.34,0.06,0.25,-0.01,0.06,-0.29,-0.2
S000001665,-1.02,0.67,0.03,-0.6,-0.23,-0.04,-0.02,-0.11,0.36,0.39,0.01,0.59,-0.25,0.21
S000001670,-0.83,0.04,0.1,-0.18,-1.1,-0.51,0.11,0.51,0.46,0.29,-0.02,0.61,0.16,0.36
S000001676,1.17,0.07,-0.04,-0.24,-0.4,-0.65,-0.37,0.02,0.2,-0.37,0.04,0.26,0.46,-0.16
S000001704,1.29,-0.04,-0.12,-0.37,1.42,-0.48,-0.24,-0.42,-0.04,-0.27,-0.48,-0.04,-0.24,0.03
S000001719,1.71,0.19,0.51,0.17,-0.24,-0.07,-0.31,-0.28,-0.37,-0.58,0.23,-0.35,-0.28,-0.33
S000001720,-1.36,-1.29,-0.41,0.15,0.87,0.79,0.82,0.51,-0.07,0.33,0.31,-0.26,-0.83,0.43
S000001721,-1.77,-1.29,-0.82,-0.09,0.84,0.96,0.59,0.72,0.18,0.68,0.41,-0.24,-0.73,0.57
S000001747,-1.53,-0.08,-0.17,0.04,-0.66,-0.55,-0.23,0.7,0.76,0.3,-0.41,0.39,0.83,0.61
S000001766,1.47,0.24,0.13,-0.03,-0.62,-0.52,-0.22,-0.14,-0.27,-0.65,-0.17,0.43,0.26,0.09
S000001785,-1.36,0.37,-0.4,0.11,0.56,0.25,0.1,0.36,-0.18,0.15,0.19,-0.23,-0.3,0.37
S000001787,-1.32,-0.25,-0.2,0.27,0.4,0.18,0.22,0.25,-0.28,0.3,0.35,-0.02,-0.16,0.27
S000001789,-1.57,-0.39,0.06,0.34,0.72,0.45,0.11,0.26,-0.11,0.26,0.3,-0.18,-0.37,0.12
S000001805,0.53,0.84,0.12,-0.52,-1.19,-1.13,-0.82,0.2,0.51,0.46,0.06,0.41,0.49,0.04
S000003934,-1.0,-0.36,-0.18,0.46,1.15,0.77,-0.12,0.04,0.02,0.34,0.16,-0.52,-0.54,-0.22
S000003949,2.29,0.58,0.3,0.16,-1.25,-1.17,-0.98,-0.57,0.18,-0.42,-0.65,0.48,0.68,0.36
S000003952,1.26,0.02,-0.38,-0.09,-0.59,-0.55,-0.35,-0.23,0.31,0.14,-0.26,0.36,0.07,0.3
S000003967,-1.08,-0.69,-0.01,0.48,0.5,0.4,0.35,0.58,0.12,0.06,0.04,-0.04,-0.41,-0.3
S000003968,-1.17,-0.49,-0.39,0.27,0.58,0.39,0.26,0.53,0.31,0.25,-0.04,-0.06,-0.3,-0.14
S000003969,0.25,-0.49,1.28,0.1,0.08,-0.18,0.06,-0.11,0.06,-0.24,0.0,-0.57,-0.05,-0.18
S000003972,-0.06,0.13,0.19,0.29,0.24,0.25,0.15,-0.17,-1.03,0.0,0.19,-0.1,-0.15,0.07
S000003990,-1.22,0.2,-0.46,0.0,-0.02,0.12,0.28,0.59,0.18,0.32,-0.3,0.09,0.02,0.21
S000003998,-0.87,1.32,-0.45,-0.45,-0.08,0.06,0.13,0.13,0.17,0.26,0.18,-0.05,-0.08,-0.26
S000003999,-0.78,-0.29,-0.1,0.7,1.15,0.43,0.45,0.15,-0.15,0.15,0.0,-0.52,-0.66,-0.54
S000004015,1.05,0.04,0.28,0.07,-0.3,-0.14,-0.3,-0.04,-0.95,-0.09,0.1,0.14,0.24,-0.09
S000004038,-1.39,0.24,-0.27,0.36,0.58,0.32,0.25,0.31,-0.06,0.26,0.04,-0.16,-0.28,-0.19
S000004039,-0.92,-1.05,-0.43,-0.25,0.19,0.28,0.38,0.21,-0.23,-0.35,0.38,0.79,0.66,0.35
S000004046,-1.16,0.6,0.03,0.05,0.4,0.13,0.03,0.0,-0.16,0.37,0.17,-0.33,-0.4,0.29
S000004050,-1.15,-0.54,-0.56,-0.03,0.35,0.37,0.13,0.38,0.19,0.35,0.19,0.06,0.08,0.17
S000004073,-1.24,-0.52,-0.41,-0.41,0.34,0.37,0.47,0.36,0.39,0.41,0.25,0.44,-0.09,-0.36
S000004087,1.13,-0.05,0.13,0.13,-0.07,-0.13,-0.35,-0.24,-0.13,-0.33,0.04,0.01,-0.07,-0.07
S000004089,1.01,-0.28,-0.12,-0.01,0.02,0.01,-0.01,0.07,-0.19,-0.16,0.01,0.01,-0.25,-0.11
S000004100,-0.44,-0.88,-1.12,-0.84,-0.19,-0.01,0.27,0.62,0.56,0.41,0.23,0.6,0.55,0.24
S000004109,1.03,0.18,0.13,0.14,0.06,0.02,0.16,-0.01,-0.43,-0.36,0.18,-0.67,-0.32,-0.11
S000004115,0.76,0.0,1.92,0.19,0.2,-0.16,-0.2,-0.16,-0.24,-0.47,-0.4,-0.67,-0.36,-0.4
S000004121,-0.9,-1.0,-0.9,-1.15,-0.6,-0.37,-0.32,0.52,0.72,0.89,0.86,0.93,0.9,0.42
S000004126,2.19,1.14,-0.06,-0.94,-0.69,-0.62,-0.5,-0.29,0.06,-0.13,0.16,-0.04,-0.24,-0.04
S000004132,2.42,-0.54,0.24,-0.16,-0.65,-0.49,-0.7,0.12,-0.02,-0.14,-0.11,0.18,-0.18,0.04
S000004138,0.02,0.14,0.11,0.2,0.02,0.03,-0.08,-0.16,-1.02,0.17,-0.03,0.22,0.2,0.17
S000004139,1.41,0.01,0.12,-0.03,-0.63,-0.72,-0.42,-0.08,-0.06,-0.44,-0.1,0.44,0.27,0.23
S000004140,-0.33,-0.13,0.17,0.43,0.51,0.39,0.16,0.33,-1.52,-0.07,0.06,-0.04,0.08,-0.04
S000004143,-1.83,-0.61,-0.29,-0.53,-0.13,-0.27,0.14,0.67,0.59,0.47,0.15,0.51,0.61,0.51
S000004165,-1.29,-0.27,-0.1,0.32,0.71,0.69,0.54,0.1,0.06,0.45,0.17,-0.44,-0.61,-0.33
S000004167,1.36,-0.12,-0.07,-0.66,-0.07,-0.44,0.38,0.09,-0.27,-0.37,0.03,0.4,-0.12,-0.12
S000004168,1.47,0.66,0.15,0.04,-0.93,-1.33,-1.14,-0.36,0.52,-0.54,-1.03,0.73,1.22,0.53
S000004169,-1.23,-0.21,-0.29,-0.19,0.34,0.26,0.49,0.34,0.33,0.21,-0.09,0.27,-0.11,-0.13
S000004170,-1.71,0.04,-0.62,0.02,0.62,0.47,0.35,0.24,0.33,0.91,0.11,0.19,-0.74,-0.21
S000004173,-1.46,-1.52,-0.49,-0.37,0.63,0.41,0.87,0.68,0.38,0.4,0.46,-0.02,0.06,-0.02
S000004175,-1.06,-0.23,0.02,-0.27,0.21,0.17,0.01,0.13,0.5,0.56,-0.03,0.2,0.11,-0.31
S000004176,-1.17,-0.43,-0.39,0.16,0.44,0.5,0.01,0.63,0.47,0.44,-0.19,-0.59,0.12,-0.01
S000004180,-1.34,-0.28,0.04,-0.71,-0.76,-0.61,-0.23,0.48,0.57,0.73,0.73,0.62,0.47,0.29
S000004184,-0.96,0.1,0.06,-0.12,-0.61,-0.8,-0.15,-0.06,-0.12,0.33,0.28,0.67,1.06,0.32
S000004186,-1.62,0.39,0.03,0.31,0.47,0.65,0.06,0.2,-0.16,0.48,0.02,-0.47,-0.43,0.06
S000004187,-1.31,-0.64,-0.06,0.43,0.81,0.78,0.53,0.06,-0.02,0.32,0.43,-0.4,-0.67,-0.27
S000004188,-1.1,0.0,0.43,0.5,1.05,0.98,0.42,0.02,-0.37,-0.01,0.43,-0.85,-0.98,-0.52
S000004202,-1.46,0.1,0.53,-0.22,0.33,0.37,0.11,0.32,-0.04,0.24,0.18,-0.15,-0.52,0.19
S000004206,1.48,0.53,0.28,-0.01,-0.29,-0.45,-0.51,-0.2,-0.35,-0.35,-0.17,-0.16,0.19,0.04
S000004207,1.54,-0.06,0.2,-0.08,-0.33,-0.37,-0.37,-0.33,-0.18,-0.2,-0.09,-0.06,0.2,0.13
S000004212,-1.44,0.0,0.13,0.49,0.84,0.65,0.23,0.25,-0.16,0.35,0.38,-0.63,-0.8,-0.29
S000004239,-1.93,-0.63,-0.36,0.09,0.91,0.89,0.73,0.45,0.55,0.39,-0.12,0.1,-0.84,-0.25
S000004241,1.26,0.18,0.3,-0.24,-0.36,-0.42,-0.56,-0.21,-0.04,-0.62,-0.34,0.35,0.6,0.12
S000004242,1.12,-0.15,0.29,-0.21,-0.13,-0.35,-0.15,-0.21,0.09,-0.65,-0.04,0.07,0.29,0.04
S000004247,1.85,-0.32,-0.13,-0.42,-0.49,-0.28,-0.32,-0.13,-0.02,-0.42,-0.26,0.47,0.41,0.07
S000004248,1.41,-0.43,-0.3,-0.62,-1.12,-0.98,-0.73,-0.12,0.22,-0.28,-0.08,1.09,1.09,0.85
S000004254,-1.43,-0.06,-0.46,0.32,0.47,0.3,0.17,0.32,0.09,0.27,0.3,0.02,-0.35,0.06
S000004260,1.21,0.86,0.13,0.15,-0.81,-0.73,-0.91,-0.34,-0.11,-0.23,-0.16,0.21,0.46,0.27
S000004261,1.28,-0.05,0.04,0.06,-0.11,-0.26,-0.09,-0.09,-0.09,-0.36,-0.05,-0.05,0.04,-0.26
S000004276,2.49,1.05,0.32,-1.36,-1.42,-1.7,-2.04,-1.55,-1.19,-0.3,0.4,1.12,1.91,2.25
S000004281,1.03,0.27,0.19,-0.14,-0.17,-0.24,-0.26,-0.29,-0.02,-0.41,0.32,0.01,-0.07,-0.2
S000004291,-2.2,-1.37,-1.41,-1.05,0.02,0.55,0.33,0.29,0.56,1.1,0.65,1.06,0.81,0.64
S000004294,-0.53,2.44,0.38,0.11,0.16,-0.65,-0.62,-0.43,-0.21,-0.02,-0.23,0.11,-0.28,-0.23
S000004295,-1.21,-0.39,-0.26,-0.24,-0.29,-0.23,-0.14,0.35,0.51,0.46,0.22,0.57,0.4,0.25
S000004299,0.38,-0.02,0.19,0.29,0.34,0.03,0.41,-0.21,0.09,0.13,-0.02,-0.66,-1.02,0.05
S000004305,-1.17,-0.59,-0.22,0.18,0.34,0.56,0.68,0.45,0.06,0.02,0.02,-0.43,-0.03,0.13
S000004306,-1.33,-0.84,-0.87,-0.31,-0.1,0.1,0.06,0.51,0.88,0.46,0.59,0.56,0.28,0.01
S000004310,0.05,-0.38,0.3,0.15,0.21,0.02,-0.05,-0.15,0.51,0.08,0.3,-0.13,-1.09,0.19
S000004319,2.2,0.31,0.14,-0.52,-0.57,-1.06,-0.34,-0.14,-0.14,-0.8,0.03,0.42,0.36,0.12
S000004321,2.2,-0.19,0.18,-0.19,0.18,0.04,-0.09,-0.38,-0.13,-0.64,0.01,-0.43,-0.43,-0.13
S000004336,-1.14,-0.43,-0.02,0.53,0.41,0.27,-0.06,0.26,0.41,0.23,-0.12,0.06,-0.14,-0.27
S000004338,1.08,-0.07,-0.02,-0.02,-0.07,-0.37,-0.53,0.03,-0.09,-0.34,0.07,0.14,0.14,0.05
S000004342,1.38,-0.4,-0.22,-0.32,-0.27,-0.36,-0.25,0.18,0.16,-0.25,-0.07,0.22,0.13,0.08
S000004345,-1.12,-0.65,0.26,0.02,-0.01,-0.36,0.03,0.38,0.42,0.46,0.27,0.4,-0.45,0.36
S000004347,-2.39,-0.31,-0.54,0.7,0.36,0.06,0.04,0.67,0.49,0.58,-0.34,0.04,0.33,0.29
S000004364,-1.81,-0.81,-0.54,-0.34,0.6,0.95,0.81,0.77,0.43,0.54,0.37,-0.29,-0.32,-0.34
S000004369,-0.58,0.42,0.02,-0.13,-1.05,-0.98,-0.51,0.09,0.78,0.66,-0.17,0.61,0.86,-0.05
S000004380,-1.05,0.22,0.01,0.07,0.3,0.38,0.21,0.34,-0.04,0.15,0.32,-0.23,-0.41,-0.26
S000004386,-0.44,-0.64,-0.34,-0.16,-0.22,-0.18,-0.18,0.16,0.33,0.22,1.23,0.0,0.23,0.0
S000004389,-1.07,-0.37,-0.19,-0.02,0.51,0.32,0.12,0.06,0.29,0.36,-0.33,0.18,0.18,-0.05
S000004415,1.36,0.38,0.3,0.03,-0.26,-0.09,-0.26,-0.26,-0.05,-0.65,-0.13,-0.21,0.05,-0.21
S000004424,-1.83,-0.5,-0.43,0.2,0.55,0.53,0.32,0.53,-0.09,0.42,0.53,0.05,-0.35,0.1
S000004432,-0.13,-0.83,-0.63,1.01,0.21,0.03,-0.33,0.14,0.16,0.16,-0.11,0.14,0.12,0.06
S000004440,-1.73,-0.59,-0.05,0.09,0.44,0.49,0.3,0.47,0.14,0.33,0.17,-0.02,-0.04,-0.01
S000004454,-1.04,-0.25,0.29,-0.16,0.06,0.36,0.13,0.13,0.02,0.23,0.18,0.02,-0.26,0.32
S000004455,-1.04,-0.37,-0.11,0.02,0.31,0.29,0.35,0.2,0.09,0.14,-0.24,0.2,-0.22,0.38
S000004458,-1.32,-0.41,-0.55,-0.19,0.08,0.64,0.17,0.46,0.41,0.38,-0.43,0.28,0.05,0.43
S000004459,-1.13,-0.48,-0.09,0.22,0.32,-0.05,-0.11,0.1,0.34,0.28,-0.16,0.26,0.38,0.13
S000004463,1.58,-0.21,-0.04,-0.17,-0.43,-0.53,-0.38,-0.09,0.15,-0.27,-0.61,0.25,0.5,0.25
S000004484,-1.2,-0.75,-0.06,0.09,0.59,0.43,0.52,0.41,0.01,0.1,0.18,-0.07,-0.28,0.03
S000004489,-1.55,-1.2,-0.52,-0.13,0.6,0.86,0.72,0.72,0.45,0.66,-0.09,-0.27,-0.44,0.2
S000004491,0.3,0.09,0.29,0.07,-1.95,-0.15,-0.02,0.22,0.22,0.18,-0.08,0.43,0.12,0.29
S000004497,-0.3,-0.62,-0.12,-1.04,-0.72,-0.3,-0.17,0.21,0.28,0.43,1.28,0.55,0.31,0.21
S000004506,-0.36,0.23,-0.31,-0.83,-1.46,-1.02,-0.34,0.13,0.64,0.41,0.24,1.08,1.06,0.53
S000004518,1.94,0.67,0.71,0.01,-0.99,-0.95,-0.95,-0.32,0.35,-0.49,-0.78,0.41,0.33,0.06
S000004545,-1.11,0.05,-0.11,0.26,0.37,0.34,0.33,0.06,-0.02,0.39,0.1,-0.26,-0.41,0.0
S000004552,-1.29,-0.38,0.16,0.55,0.39,0.28,-0.21,0.11,0.06,0.04,0.08,0.2,0.01,0.01
S000004566,0.59,0.47,-0.37,-0.04,-1.47,-1.24,-0.44,0.24,0.55,-0.18,-0.42,0.84,0.73,0.74
S000004570,-1.0,0.14,-0.47,0.04,-0.03,0.11,0.04,0.47,0.1,0.3,-0.06,0.04,0.01,0.3
S000004574,-1.04,-0.22,-0.27,-0.22,0.28,0.36,0.29,0.46,0.08,0.31,0.31,-0.11,-0.17,-0.06
S000004585,1.08,-0.24,-0.26,-0.48,-0.23,-0.32,0.14,-0.26,0.39,0.17,-0.42,0.5,0.15,-0.21
S000004587,1.43,-0.16,-0.18,-0.01,-0.3,-0.3,-0.2,-0.06,0.01,0.04,-0.54,0.32,-0.26,0.21
S000004592,-2.83,1.02,0.54,0.87,0.63,0.54,0.14,-0.21,-0.19,0.32,-0.13,-0.08,-0.31,-0.31
S000004594,-1.32,0.24,0.05,-0.39,0.25,-0.03,0.02,0.66,0.28,0.48,0.16,-0.27,-0.18,0.05
S000004597,0.88,0.23,0.53,0.54,-0.97,-1.21,-0.95,-0.54,0.39,-0.65,-1.18,0.56,1.51,0.87
S000004603,-1.1,-0.98,-1.42,-0.9,-0.8,-0.39,-0.12,0.77,0.79,1.15,0.67,1.08,0.87,0.37
S000004616,-1.07,-0.07,0.26,0.54,0.34,0.37,0.23,0.23,-0.07,0.08,0.17,-0.45,-0.49,-0.09
S000004617,-1.43,0.67,0.87,0.78,0.53,0.23,0.09,-0.29,-0.38,-0.27,0.04,-0.19,-0.53,-0.11
S000004643,1.33,0.04,0.2,0.28,-0.1,-0.2,-0.24,-0.24,-0.26,-0.39,-0.06,-0.46,0.09,-0.01
S000004652,-1.62,-0.43,0.03,0.64,0.99,0.83,0.44,0.21,-0.28,0.27,0.2,-0.54,-0.5,-0.25
S000004656,1.23,0.15,0.17,0.09,0.12,-0.21,-0.27,-0.19,-0.19,-0.36,0.12,-0.34,-0.15,-0.17
S000004662,0.36,1.14,-0.5,-0.42,-0.3,-0.27,-0.03,0.07,0.2,0.25,-0.13,0.34,-0.34,-0.38
S000004683,-1.5,-0.73,-0.28,0.12,0.51,0.79,1.02,0.73,0.09,0.1,0.1,-0.37,-0.35,-0.25
S000004686,2.56,-0.22,0.03,-0.54,-0.42,-0.65,0.1,0.07,-0.24,-0.69,-0.19,0.42,0.01,-0.24
S000004696,1.39,-0.14,0.04,-0.06,-0.56,-0.61,-0.66,-0.2,0.1,-0.2,-0.16,0.1,0.58,0.38
S000004702,-0.96,-0.88,-0.13,0.03,-0.23,-0.49,-0.39,-0.16,0.01,0.03,-0.37,0.37,1.33,1.84
S000004703,-0.3,-0.81,-0.28,0.13,-0.03,-0.18,-0.16,-0.2,-0.23,-0.25,0.34,0.19,0.66,1.13
S000004709,1.11,-0.17,-0.03,-0.62,-0.35,-0.54,-0.35,0.03,0.05,-0.09,-0.03,0.44,0.36,0.17
S000004710,1.06,-0.38,-0.29,-0.31,-0.78,-0.78,-0.31,0.68,-0.07,0.15,-0.13,0.51,0.24,0.42
S000004711,1.52,0.4,0.05,0.29,-1.25,-1.34,-0.7,0.18,0.34,-0.46,-0.54,0.76,0.66,0.1
S000004713,2.65,-0.16,0.3,0.45,-0.44,-1.22,-0.98,-0.35,0.02,-0.85,-1.38,-0.09,1.2,0.85
S000004716,1.29,-0.14,-0.16,-0.44,-0.68,-0.46,-0.51,-0.27,0.42,-0.12,-0.23,0.5,0.45,0.35
S000004720,1.59,0.0,0.11,-0.21,-0.44,-0.33,-0.25,-0.02,-0.11,-0.37,-0.11,0.0,-0.07,0.23
S000004732,-0.35,-0.26,-0.28,0.32,0.16,0.22,0.13,0.07,0.43,-1.22,0.15,0.22,0.22,0.18
S000004736,-1.1,0.24,0.05,0.0,-0.16,-0.04,0.13,0.37,0.15,0.39,-0.04,0.0,-0.12,0.14
S000004738,-1.14,-0.02,-0.02,0.28,1.05,0.73,0.32,0.19,-0.22,0.51,0.18,-0.69,-0.99,-0.17
S000004747,1.2,-0.16,-0.08,-0.53,-0.66,-0.35,-0.63,-0.14,0.31,0.05,-0.03,0.6,0.26,0.16
S000004748,1.22,0.28,-0.08,-0.08,-0.23,-0.85,-0.34,0.03,0.12,-0.23,-0.39,0.34,0.2,0.01
S000004749,1.17,-0.12,0.18,-0.22,-0.26,-0.33,-0.12,-0.47,0.01,-0.35,0.06,-0.02,0.36,0.1
S000004752,-1.09,-0.55,-0.17,-0.6,0.08,0.52,0.27,0.45,0.41,0.26,0.27,0.1,0.17,-0.13
S000004770,1.05,-0.21,-0.07,0.06,-0.43,-0.51,-0.03,-0.3,0.15,0.12,-0.34,0.15,0.4,-0.05
S000004780,1.5,-0.41,-0.22,0.25,-0.16,-0.59,-0.78,-0.41,0.06,-0.32,-1.01,0.12,1.01,0.98
S000004791,-0.91,-0.71,0.51,0.01,0.4,0.56,0.34,0.45,-0.11,0.39,0.34,-0.3,-1.07,0.09
S000004792,0.29,1.51,-0.02,0.2,0.13,0.03,-0.12,-0.16,-0.68,-0.49,-0.01,-0.22,-0.12,-0.34
S000004798,1.06,0.4,0.32,0.32,-0.39,-0.55,-0.43,-0.51,-0.09,-0.21,-0.03,0.03,0.4,-0.31
S000004801,-1.28,0.06,-0.39,0.1,-0.6,-0.29,-0.15,-0.19,0.06,0.33,0.49,0.57,0.64,0.63
S000004808,1.2,-0.23,-0.03,-0.12,-0.56,-0.23,0.09,0.09,-0.03,-0.35,-0.03,0.1,0.18,-0.08
S000004809,-0.19,0.15,-0.32,-0.28,-1.01,-1.07,-0.58,0.36,0.59,0.39,-0.51,0.9,0.9,0.67
S000004812,-0.51,-2.07,-0.96,-0.29,0.23,0.65,0.48,0.54,0.59,0.53,0.24,0.27,-0.03,0.3
S000004828,-1.52,-1.63,-1.42,-1.08,-0.22,0.48,0.74,1.26,1.09,0.97,0.26,0.77,0.48,-0.2
S000004832,0.37,0.1,-0.16,0.24,-0.15,-0.15,0.24,-0.09,0.3,0.31,-0.02,0.15,-1.16,0.02
S000004854,-1.82,-0.52,-0.35,-0.17,0.37,0.63,0.16,0.71,0.48,0.44,0.03,0.25,-0.02,-0.19
S000004862,2.27,0.48,0.38,0.11,-1.02,-1.31,-1.09,-0.36,0.0,-0.74,-0.84,0.46,1.06,0.59
S000004868,1.38,-0.05,0.2,-0.06,0.05,-0.03,-0.13,-0.21,-0.32,-0.43,0.18,-0.23,0.16,-0.5
S000004872,-0.25,-0.03,0.24,0.22,0.55,0.34,0.35,0.09,-0.09,0.38,-0.17,-0.17,-1.27,-0.19
S000004881,0.48,-0.14,-0.2,0.58,0.59,0.27,0.32,0.13,-0.28,-0.1,0.0,-0.22,-1.32,-0.14
S000004884,1.11,-0.13,-0.16,0.12,0.15,-0.22,-0.02,-0.15,-0.2,-0.4,-0.06,-0.01,-0.18,0.15
S000004903,-1.26,-0.57,0.11,0.61,1.0,0.84,0.42,0.08,-0.35,0.27,0.3,-0.49,-0.62,-0.33
S000004905,1.21,0.4,-0.09,-0.38,-0.65,-0.49,-0.32,-0.34,-0.3,-0.28,-0.01,0.44,0.29,0.53
S000004912,0.11,0.01,0.05,0.17,-0.52,-0.9,-0.38,0.1,0.25,-0.09,-0.74,0.37,1.0,0.55
S000004916,-1.29,-0.29,-0.1,0.19,0.13,0.11,0.27,0.47,0.24,0.24,-0.18,0.14,-0.08,0.16
S000004921,-1.97,-2.06,-0.97,-0.39,0.93,0.82,1.13,1.18,0.6,0.58,0.33,0.19,-0.48,0.11
S000004924,-2.75,-1.81,-0.84,0.14,0.85,0.82,1.04,0.96,0.42,0.56,0.62,0.37,-0.29,-0.09
S000004926,-1.15,-0.51,-0.18,0.67,0.44,0.15,0.34,0.12,0.18,0.25,0.07,-0.06,-0.01,-0.3
S000004927,-1.31,0.14,0.98,0.33,0.25,0.27,0.18,-0.03,-0.12,0.27,-0.14,-0.29,-0.62,0.08
S000004928,1.41,-0.09,0.36,0.16,-0.09,-0.32,-0.22,-0.04,-0.24,-0.59,-0.22,-0.08,0.06,-0.08
S000004935,2.5,0.04,0.09,0.02,-0.25,-0.05,-0.03,-0.46,-0.56,-0.32,0.22,-0.21,-0.58,-0.41
S000004937,-1.64,-0.48,-0.28,0.18,0.31,0.48,0.17,0.42,0.13,0.23,0.08,0.29,-0.12,0.22
S000004947,-0.65,-0.04,-0.01,0.56,1.39,0.65,0.38,0.05,-0.26,0.01,-0.28,-0.62,-0.65,-0.53
S000004952,1.28,0.81,-0.09,-0.25,-0.59,-0.92,-0.67,-0.03,0.11,-0.24,-0.28,0.02,0.57,0.3
S000004975,-1.42,-1.38,-1.46,-0.77,-0.07,0.73,1.07,1.23,0.94,0.65,0.66,0.61,-0.01,-0.79
S000004976,-0.65,-1.28,-0.42,-0.52,0.03,0.56,0.77,1.05,0.55,0.23,0.27,0.07,-0.09,-0.57
S000004981,-2.44,-0.78,0.5,0.14,0.07,0.06,0.14,0.02,0.26,0.16,-0.13,0.63,0.79,0.59
S000004990,1.55,-0.17,-0.36,-0.17,-0.53,-0.2,-0.28,-0.09,0.08,-0.03,-0.23,-0.12,0.26,0.28
S000005000,-0.27,-0.36,1.02,-0.16,-0.43,-0.62,-0.51,0.2,-0.01,0.21,-0.18,0.29,0.48,0.35
S000005002,-1.18,-0.75,0.02,-0.35,-1.01,-0.41,-0.54,0.03,0.28,0.58,0.72,1.0,0.96,0.62
S000005003,-0.82,-0.75,-0.56,-0.79,-0.82,-0.72,-0.62,-0.05,0.56,0.68,1.27,1.09,0.86,0.68
S000005005,-1.02,-0.12,-0.11,0.69,0.51,0.39,0.02,0.05,-0.18,0.36,-0.05,-0.15,-0.33,-0.05
S000005010,-0.37,-0.71,-1.06,-1.37,-0.84,-0.8,-0.59,-0.08,0.23,0.43,0.5,1.35,1.94,1.38
S000005013,-1.19,-0.4,-0.11,0.56,0.53,0.59,0.38,0.2,0.13,0.24,-0.08,-0.1,-0.38,-0.37
S000005021,1.46,0.08,-0.46,-0.08,-0.13,0.08,-0.23,-0.04,-0.17,-0.13,-0.13,-0.1,-0.28,0.14
S000005022,0.04,-0.6,-0.41,-0.41,-0.26,-0.55,-0.76,-0.6,-0.28,-0.12,0.4,0.98,1.63,0.94
S000005037,1.6,-0.53,-0.13,0.02,-0.44,-0.47,-0.41,-0.23,0.31,-0.18,0.02,0.26,-0.07,0.25
S000005054,-0.71,-0.26,1.13,0.7,0.97,0.64,0.19,-0.22,-0.36,-0.22,0.18,-0.77,-0.63,-0.63
S000005055,-1.26,0.31,0.24,0.35,0.32,0.05,-0.26,0.07,-0.16,0.44,0.22,-0.26,-0.13,0.08
S000005056,-1.26,-0.57,-0.09,1.09,1.33,0.99,0.44,0.2,-0.43,0.28,-0.22,-0.76,-0.65,-0.34
S000005061,-1.03,0.42,-0.51,-0.24,-1.29,-1.09,-0.64,0.52,1.05,0.64,0.15,0.73,1.04,0.25
S000005076,-1.54,-0.37,-0.13,0.38,0.77,0.67,0.46,0.12,-0.06,0.32,-0.04,-0.11,-0.41,-0.06
S000005085,-1.21,-0.39,-0.46,0.38,0.96,1.02,0.26,-0.16,0.05,0.44,0.12,-0.49,-0.51,-0.01
S000005088,1.7,0.07,0.18,-0.31,0.16,-0.51,-0.34,0.03,-0.17,-0.42,-0.26,0.22,-0.14,-0.21
S000005101,1.19,0.03,-0.57,-0.02,-0.21,-0.23,-0.05,0.06,-0.13,-0.08,-0.04,0.14,-0.07,-0.02
S000005104,1.68,0.63,1.05,1.03,-0.23,-1.03,-0.82,-0.77,-0.46,-0.5,-0.52,0.05,-0.2,0.08
S000005107,-1.18,0.02,0.11,0.2,0.57,0.45,-0.04,0.01,0.05,0.1,0.02,-0.21,-0.27,0.16
S000005113,-1.07,-0.39,-0.48,-0.27,-0.13,0.48,0.28,0.45,0.16,0.19,0.17,0.48,0.04,0.1
S000005118,-0.85,-0.47,0.07,0.58,1.11,0.48,0.32,0.09,-0.25,0.05,-0.03,-0.57,-0.32,-0.21
S000005119,-1.7,-0.14,-0.1,0.41,0.82,0.56,0.17,0.1,0.02,0.51,0.36,-0.33,-0.7,0.03
S000005126,-1.3,-0.34,0.13,0.62,1.0,0.64,0.3,-0.05,-0.13,0.39,0.04,-0.39,-0.54,-0.39
S000005136,0.9,-1.55,-0.94,-0.76,-0.46,-0.41,-0.36,-0.31,0.15,0.55,0.19,1.33,1.19,0.47
S000005138,1.92,0.71,0.26,-0.41,-1.5,-1.5,-0.71,0.1,0.6,-0.85,-0.65,0.91,0.75,0.37
S000005139,0.95,0.37,0.6,-0.1,-1.18,-1.08,-0.56,0.17,0.57,-0.7,-0.91,0.48,1.16,0.23
S000005144,1.72,0.35,0.25,-0.31,-0.98,-0.78,-0.6,-0.11,0.17,-0.18,-0.31,0.18,0.33,0.27
S000005153,-1.15,-0.72,-0.3,0.01,0.43,0.28,0.21,0.38,0.43,0.36,-0.18,0.45,-0.27,0.07
S000005158,0.39,0.2,-0.01,-0.34,-0.05,-0.09,0.07,0.14,0.09,0.14,0.05,0.42,-1.03,0.01
S000005167,1.05,-0.36,0.09,0.09,-0.47,-0.56,-0.18,0.06,-0.26,-0.14,0.28,0.19,0.1,0.1
S000005172,-0.43,1.42,0.03,0.38,0.48,0.17,-0.14,-0.2,-0.3,-0.16,0.01,-0.57,-0.24,-0.45
S000005177,-1.01,-0.52,-0.36,-0.12,0.44,0.69,0.21,0.49,0.15,0.28,0.06,0.15,-0.5,0.02
S000005186,0.42,-0.02,-0.11,0.26,0.2,0.03,0.14,-1.89,0.42,0.25,0.46,0.09,-0.51,0.28
S000005191,-1.58,-0.13,0.03,0.12,0.04,0.13,0.05,0.37,0.09,0.44,0.21,0.04,0.11,0.08
S000005192,-1.26,-0.11,0.14,0.81,0.97,0.85,0.47,-0.09,-0.36,0.13,0.29,-0.81,-0.65,-0.38
S000005206,-1.01,-0.66,-0.43,0.14,0.58,0.72,0.54,-0.19,0.25,0.25,0.25,-0.01,-0.43,0.0
S000005210,1.0,0.32,-0.13,-0.52,-0.22,-0.31,-0.15,0.09,0.05,-0.29,0.19,0.12,0.14,-0.31
S000005217,-1.19,-0.49,-0.15,0.22,0.3,0.26,0.33,0.44,0.12,0.23,-0.1,0.1,-0.23,0.17
S000005227,-1.27,-1.19,-0.86,-0.89,0.09,0.46,0.63,0.92,0.67,0.73,0.44,0.39,-0.21,0.1
S000005235,0.7,-0.14,-0.18,0.5,0.29,0.27,0.53,-0.11,-0.18,-0.24,0.47,-0.6,-1.0,-0.3
S000005243,-0.87,-0.21,0.1,0.26,1.0,0.25,-0.03,0.12,0.07,0.29,0.25,-0.05,-1.21,0.04
S000005249,1.21,-0.21,0.01,-0.02,-0.17,-0.4,-0.31,-0.21,-0.11,-0.4,-0.08,0.12,0.21,0.36
S000005257,-1.02,-0.47,-0.07,0.19,0.87,0.87,0.29,0.06,-0.11,0.33,0.18,-0.38,-0.57,-0.16
S000005266,1.13,-0.06,0.07,0.26,0.2,-0.05,0.18,-0.13,-0.19,-0.4,-0.19,-0.24,-0.35,-0.22
S000005283,-1.04,-0.42,-0.14,-0.16,0.39,-0.11,-0.05,0.53,0.34,0.32,-0.44,0.39,0.24,0.16
S000005288,1.04,-0.08,0.43,0.17,0.3,-0.28,-0.04,-0.2,-0.32,-0.38,0.1,-0.24,-0.4,-0.11
S000005292,-1.3,-1.38,0.75,-0.41,0.3,0.53,0.87,0.95,0.41,0.08,0.31,-0.06,-0.54,-0.49
S000005295,-1.33,0.17,0.64,0.47,0.36,0.16,0.1,0.08,-0.06,0.19,-0.25,-0.19,-0.57,0.23
S000005299,-1.02,-0.36,-0.63,0.03,-0.07,-0.12,0.35,0.1,0.32,0.51,-0.22,0.37,0.12,0.61
S000005326,-1.18,0.13,-0.27,-0.23,0.1,0.39,0.21,0.21,0.15,0.25,-0.09,0.25,-0.15,0.24
S000005327,-1.0,-0.5,-0.07,-0.05,0.11,0.64,0.41,0.42,0.13,0.17,0.0,-0.12,-0.1,-0.03
S000005336,-1.38,-0.17,-0.06,0.62,0.95,0.76,0.28,0.08,-0.01,0.57,-0.38,-0.64,-0.33,-0.29
S000005337,-1.21,-0.27,0.07,0.33,0.35,0.42,0.09,0.2,-0.09,0.33,0.19,-0.33,-0.23,0.16
S000005343,0.02,0.02,1.23,0.2,0.29,0.04,0.14,-0.01,-0.63,-0.17,0.02,-0.51,-0.53,-0.1
S000005350,0.93,-0.59,-0.67,-1.51,-1.01,-1.51,-1.44,-1.01,-0.01,0.52,0.75,1.97,2.08,1.5
S000005353,1.1,0.08,0.05,0.15,0.2,-0.15,0.05,-0.09,-0.3,-0.37,-0.13,-0.23,-0.33,-0.05
S000005367,-1.92,-1.36,0.18,0.24,0.44,0.5,0.62,0.76,0.26,0.91,0.36,-0.04,-1.02,0.06
S000005372,0.32,-0.47,-0.54,-1.04,-0.61,0.1,0.28,0.8,0.34,0.23,0.28,0.39,0.17,-0.24
S000005376,1.75,-0.19,0.17,0.31,-0.83,0.04,-0.07,-0.18,-0.51,-0.56,-0.07,0.22,-0.21,0.14
S000005385,1.0,-0.01,-0.2,0.16,0.06,-0.16,0.23,-0.18,-0.45,-0.31,0.15,0.05,-0.45,0.12
S000005392,1.71,-0.22,0.0,0.08,-0.39,-0.39,-0.19,-0.2,-0.13,-0.37,-0.09,0.05,0.11,0.05
S000005401,-0.62,0.01,0.1,0.73,1.12,0.69,0.45,0.05,-0.35,-0.2,0.13,-0.76,-0.89,-0.46
S000005408,1.34,0.04,0.26,-0.02,-0.36,-0.49,-0.28,-0.36,-0.07,-0.49,0.04,-0.02,0.27,0.13
S000005420,1.35,0.01,0.1,0.19,-0.14,-0.28,-0.14,-0.07,-0.26,-0.33,-0.28,-0.07,-0.04,-0.07
S000005437,-1.2,-0.18,0.01,0.72,1.23,0.79,0.66,0.04,-0.4,-0.08,0.31,-0.66,-0.75,-0.47
S000005443,1.38,0.46,0.18,0.15,-0.05,-0.81,-0.42,-0.23,-0.1,-0.38,-0.18,-0.03,0.05,-0.01
S000005444,0.52,-0.05,0.54,0.57,-0.84,-0.88,-0.84,-0.65,0.42,-0.99,-1.43,0.57,1.47,1.6
S000005450,-1.16,-0.97,-0.42,0.05,0.32,0.66,0.6,0.23,0.58,0.33,0.13,-0.08,-0.28,0.03
S000005454,-0.02,0.04,-2.17,0.04,0.5,0.42,0.44,0.25,-0.02,-0.03,0.22,0.0,0.0,0.33
S000005455,0.09,-0.13,0.07,0.37,0.35,-0.04,0.32,-1.23,-0.04,0.13,0.24,0.0,-0.11,0.0
S000005469,1.25,0.12,-0.35,-0.07,-0.19,-0.48,0.04,0.08,0.03,-0.14,0.09,0.13,-0.03,-0.46
S000005476,1.14,0.0,-0.03,0.12,0.12,-0.31,-0.01,-0.19,-0.1,-0.19,0.16,-0.15,-0.31,-0.26
S000005482,-1.31,-0.06,-0.29,0.18,-0.2,-0.09,-0.12,0.51,0.1,0.38,-0.14,0.3,0.31,0.42
S000005483,-1.03,0.41,-0.36,-0.06,-0.15,0.1,0.3,0.27,0.14,0.06,-0.12,0.4,0.29,-0.27
S000005484,-1.37,-0.24,0.24,0.65,0.52,0.42,0.09,0.24,-0.24,0.5,0.14,-0.39,-0.73,0.15
S000005485,-1.07,0.01,0.01,0.29,0.19,-0.07,0.01,0.35,-0.12,0.36,0.16,-0.02,-0.12,-0.02
S000005486,-0.62,0.47,-0.51,-0.18,-1.18,-1.09,-0.16,0.56,0.85,0.42,0.16,0.46,0.73,0.08
S000005515,1.9,-0.27,-0.06,-0.31,-0.14,-0.54,-0.64,-0.21,0.27,0.19,-0.48,0.04,0.32,-0.07
S000005518,0.32,0.74,-0.35,-0.67,-1.07,-1.0,-0.73,0.04,0.54,0.42,0.4,0.66,0.55,0.14
S000005529,-0.46,1.23,-0.18,-0.4,-0.36,-0.28,-0.11,-0.11,0.19,-0.1,0.18,0.17,0.17,0.06
S000005541,1.09,0.16,-0.13,-0.25,0.02,-0.25,-0.03,0.14,-0.23,-0.05,0.0,0.11,-0.34,-0.25
S000005545,1.02,0.02,0.13,-0.4,-0.37,-0.35,-0.37,0.0,0.13,-0.23,-0.16,0.25,0.35,0.0
S000005553,1.03,0.27,0.21,0.13,-0.39,-0.48,-0.48,-0.24,0.08,-0.24,-0.49,0.12,0.35,0.12
S000005556,0.17,0.13,0.27,0.24,-0.01,-0.22,0.06,0.17,-0.2,0.22,-0.01,0.07,-1.02,0.12
S000005557,1.86,0.45,0.41,-0.01,-0.22,-0.12,-0.22,-0.5,-0.24,-0.38,-0.5,-0.3,-0.16,-0.08
S000005558,1.22,0.11,0.25,0.2,-0.03,-0.29,0.06,-0.07,-0.34,-0.31,0.11,-0.27,-0.75,0.14
S000005561,1.13,0.1,-0.13,-0.51,-0.13,-0.36,-0.43,-0.22,0.25,-0.22,-0.24,0.52,0.17,0.05
S000005562,1.47,-0.45,-0.24,-0.28,0.25,-0.26,-0.39,-0.05,0.0,-0.26,-0.11,0.32,0.08,-0.09
S000005567,1.07,0.0,-0.07,-0.35,-0.26,-0.39,-0.53,-0.01,0.09,-0.17,-0.45,0.44,0.5,0.11
S000005574,-1.01,0.03,-0.68,0.11,0.08,0.16,0.09,0.29,-0.08,0.35,1.03,-0.09,-0.49,0.22
S000005578,1.33,0.42,-0.38,-0.05,-0.38,-0.33,-0.25,0.04,-0.14,-0.33,-0.22,0.14,0.1,0.04
S000005581,1.21,-0.02,0.19,-0.11,-0.05,-0.39,-0.13,-0.14,-0.11,-0.43,-0.18,-0.05,0.08,0.11
S000005582,-1.21,-0.16,0.31,0.21,0.74,0.2,0.1,0.16,-0.19,0.24,0.11,-0.38,-0.07,-0.07
S000005585,1.08,-0.25,-0.1,-0.39,-0.08,-0.32,-0.01,0.08,0.03,-0.04,-0.12,0.27,-0.1,-0.04
S000005600,-1.76,-0.91,-0.03,-0.43,0.27,0.48,0.21,0.84,0.42,0.43,0.67,0.14,-0.55,0.21
S000005615,1.25,0.0,-0.28,-0.15,0.09,-0.29,-0.14,0.02,0.0,-0.35,-0.15,-0.01,0.12,-0.11
S000005621,-1.29,-0.18,0.24,0.62,0.58,0.22,0.33,-0.01,-0.13,0.05,0.28,-0.22,-0.29,-0.2
S000005624,-1.33,-0.09,-0.05,0.12,0.17,-0.48,0.25,0.15,0.23,0.44,0.08,0.25,-0.11,0.36
S000005626,-1.34,0.02,0.28,-1.04,-1.15,-0.61,0.01,0.6,0.79,0.74,0.42,0.67,0.51,0.11
S000005633,1.32,-0.58,-0.14,0.34,0.47,0.12,0.08,0.02,-0.14,-0.14,-0.53,-0.18,-0.39,-0.22
S000005639,1.35,0.1,-0.39,-0.21,-0.28,-0.59,-0.34,-0.1,0.08,-0.06,-0.28,0.38,0.29,0.05
S000005646,1.22,-0.23,0.0,0.13,-0.41,-0.43,-0.24,-0.43,-0.19,-0.39,-0.19,0.23,0.56,0.39
S000005647,1.0,-0.17,0.2,0.29,0.19,-0.55,-0.29,-0.23,-0.13,-0.31,-0.19,-0.11,0.11,0.17
S000005648,1.17,0.08,0.0,-0.2,-0.31,-0.36,-0.42,0.03,0.08,0.01,-0.18,-0.05,0.15,-0.01
S000005658,1.08,-0.39,-0.39,-0.33,-0.21,0.01,-0.18,0.03,0.25,0.12,-0.39,0.28,0.14,0.0
S000005698,1.2,0.2,-0.1,0.12,0.34,-0.32,0.24,-0.04,-0.11,-0.17,-0.13,-0.3,-0.67,-0.26
S000005699,1.98,0.47,0.25,0.18,-0.89,-0.99,-0.92,-0.3,-0.07,-0.99,-0.77,0.66,0.89,0.49
S000005700,1.01,-0.01,0.18,-0.08,0.35,-0.33,0.09,0.11,-0.06,-0.3,0.12,-0.28,-0.56,-0.23
S000005701,0.23,1.33,-0.29,-0.33,-0.23,-0.31,-0.04,-0.06,0.01,-0.04,-0.06,0.14,-0.04,-0.31
S000005704,1.06,0.11,0.47,-0.43,-0.55,0.19,0.14,0.12,-0.17,-0.38,-0.03,0.02,-0.31,-0.23
S000005719,1.18,0.11,0.23,0.05,0.07,-0.24,-0.07,-0.18,-0.28,-0.43,0.1,-0.3,-0.13,-0.11
S000005727,-1.04,-0.46,-0.39,0.07,0.05,-0.01,0.23,0.27,0.25,0.27,0.08,0.41,0.24,0.04
S000005735,1.07,-0.5,-0.08,0.01,-0.15,0.14,0.06,0.03,-0.08,-0.09,0.01,0.06,-0.35,-0.13
S000005741,1.74,0.21,0.31,-0.17,-0.14,-0.6,-0.49,-0.44,-0.12,-0.47,-0.12,0.11,0.25,-0.07
S000005746,2.73,0.25,0.3,-0.58,-0.69,-0.52,-0.42,-0.33,-0.38,-0.33,0.09,-0.1,0.06,-0.08
S000005747,1.19,0.17,0.01,0.32,0.18,-0.52,-0.25,-0.06,-0.18,-0.22,0.02,-0.09,-0.33,-0.24
S000005749,1.14,-0.45,0.04,0.13,0.11,-0.22,-0.06,-0.14,-0.07,-0.39,0.02,0.01,-0.17,0.05
S000005759,-1.25,-0.25,-0.29,0.4,0.13,0.02,-0.19,0.34,0.4,0.32,-0.15,0.05,0.32,0.13
S000005771,1.06,-0.09,0.14,-0.13,-0.13,-0.15,-0.09,-0.01,-0.07,-0.11,-0.15,-0.03,-0.21,-0.05
S000005773,-2.15,-2.78,-1.87,-0.78,0.42,0.95,1.26,1.29,1.14,0.94,0.66,0.69,0.18,0.05
S000005774,-2.45,-2.36,0.15,-1.19,-0.02,0.78,0.89,0.98,0.83,0.88,0.93,0.58,-0.09,0.1
S000005778,0.0,-0.5,-0.05,-0.03,1.01,0.71,-0.16,-0.03,-0.12,0.03,0.22,-0.39,-0.55,-0.14
S000005783,1.45,-0.04,-0.24,0.07,0.0,-0.24,-0.07,0.0,-0.18,-0.18,0.02,-0.02,-0.37,-0.18
S000005787,1.42,0.16,-0.1,-0.02,-0.37,-0.35,-0.16,-0.1,-0.1,-0.32,-0.1,0.09,0.09,-0.16
S000005789,1.13,-0.79,-0.32,-0.37,-0.22,-0.94,-0.98,-0.94,-0.25,0.04,0.71,1.09,0.85,1.01
S000005790,0.32,-0.53,-0.11,-0.93,-1.17,-0.56,0.17,-0.68,-0.47,0.18,0.56,1.07,1.0,1.15
S000005793,1.39,-0.22,-0.18,-0.03,-0.26,-0.32,-0.09,-0.12,0.03,-0.05,-0.05,0.1,0.02,-0.22
S000005801,1.18,-0.12,0.04,0.11,-0.01,-0.33,-0.18,0.04,0.02,-0.28,-0.33,0.06,0.0,-0.2
S000005815,1.37,0.03,0.29,0.33,0.06,-0.55,-0.21,-0.32,-0.38,-0.52,0.04,-0.1,-0.04,0.01
S000005820,-1.3,0.01,0.41,0.2,0.93,0.61,-0.71,0.19,-0.01,0.5,0.26,-0.56,-0.51,-0.01
S000005824,1.19,-0.21,-0.05,0.17,-0.27,-0.31,-0.34,-0.23,0.06,-0.38,0.32,0.14,-0.05,-0.05
S000005827,-1.06,-0.49,-0.21,-0.41,0.13,-0.38,-0.04,0.28,0.41,0.32,-0.02,0.55,0.74,0.2
S000005828,-1.39,-0.91,-0.07,0.8,0.58,0.44,-0.21,-0.21,0.22,0.09,-0.63,-0.01,0.57,0.72
S000005829,-1.54,-1.25,0.42,0.96,0.87,0.26,0.15,-0.06,-0.16,-0.23,-0.8,0.05,0.63,0.7
S000005837,-1.56,-0.58,0.27,0.26,1.19,0.82,0.42,0.29,-0.2,0.31,0.43,-0.77,-0.71,-0.17
S000005839,-1.09,-0.17,-0.05,0.2,0.29,0.52,0.31,0.47,0.02,0.07,0.15,-0.12,-0.41,-0.2
S000005840,-0.92,-0.92,-0.88,-1.11,-0.75,-0.18,0.31,0.49,0.27,0.79,0.88,0.96,0.64,0.43
S000005842,-1.46,-1.21,-0.51,-1.02,-0.96,-0.17,0.35,0.56,0.64,1.16,1.04,0.8,0.43,0.34
S000005843,-1.45,-0.32,-0.39,-0.34,-0.54,-0.2,0.07,0.28,0.4,0.45,0.48,0.46,0.66,0.44
S000005854,1.34,-0.08,-0.39,-0.17,-0.17,-0.03,0.02,0.04,0.02,-0.15,-0.11,0.05,-0.17,-0.22
S000005862,-1.1,-0.24,-0.03,0.06,0.16,0.23,0.32,0.24,0.15,0.56,0.13,-0.02,-0.22,-0.26
S000005865,0.36,0.17,0.4,0.61,1.36,0.45,-0.09,-0.67,-0.59,-0.34,-0.09,-0.43,-0.86,-0.27
S000005867,-1.0,-0.11,0.08,0.57,1.1,0.61,0.24,0.02,-0.29,0.07,0.31,-0.64,-0.76,-0.2
S000005871,1.46,0.64,-0.12,0.4,0.43,-0.09,-0.28,-0.23,-0.64,-0.46,-0.12,-0.3,-0.49,-0.18
S000005875,-1.86,-0.13,0.11,0.03,-0.33,-0.36,0.09,0.6,0.63,0.23,-0.02,0.24,0.43,0.36
S000005877,0.1,1.34,-0.01,-0.21,-0.19,0.15,-0.14,0.04,-0.1,-0.21,0.19,-0.5,-0.27,-0.19
S000005892,0.61,0.05,0.53,0.72,0.64,0.15,0.18,-0.18,-1.4,-0.33,0.25,-0.28,-0.73,-0.2
S000005895,-0.74,-0.29,0.5,-0.14,0.25,0.25,0.45,-0.16,-0.04,-0.08,1.04,-0.04,-0.93,-0.06
S000005901,-0.82,-0.04,-0.02,-0.37,-0.67,-0.23,-0.49,0.17,0.41,0.13,-0.26,0.52,1.12,0.53
S000005909,2.32,2.47,0.25,-0.19,-0.9,-0.67,-0.61,-0.3,-0.35,-0.37,-0.12,-0.15,-0.53,-0.86
S000005910,1.26,1.52,-0.24,0.74,-0.17,-0.44,-0.68,-0.15,-0.2,-0.17,-1.02,-0.03,-0.06,-0.36
S000005911,0.3,1.13,-0.1,0.03,-0.26,-0.2,-0.2,0.19,-0.24,0.08,0.09,0.08,-0.83,-0.06
S000005912,1.63,0.19,0.52,-0.07,0.22,-0.13,-0.28,-0.33,-0.28,-0.38,-0.09,-0.35,-0.46,-0.19
S000005913,1.66,0.37,0.13,-0.26,-0.58,-0.44,-0.32,-0.24,-0.4,-0.51,0.23,0.29,-0.16,0.23
S000005933,-1.82,-0.45,-0.16,0.94,1.1,0.71,0.45,0.17,-0.21,0.8,0.35,-0.65,-1.05,-0.19
S000005940,-1.07,0.51,0.2,0.49,0.75,0.4,0.22,-0.29,-0.27,-0.24,0.14,0.07,-0.49,-0.42
S000005941,1.04,-0.01,-0.37,0.01,0.19,-0.12,0.23,-0.04,-0.33,-0.02,0.01,-0.17,-0.26,-0.15
S000005959,0.37,0.18,-1.45,0.4,0.46,0.3,0.17,0.17,-0.4,-0.15,0.3,-0.1,-0.4,0.17
S000005961,-0.75,-0.26,-1.19,-0.31,-0.01,0.11,0.42,0.09,0.28,0.37,0.32,0.33,0.2,0.4
S000005964,-1.2,-0.22,-0.01,0.61,0.95,0.69,0.15,0.11,-0.12,0.19,-0.2,-0.42,-0.42,-0.12
S000005965,-1.32,-0.24,-0.57,0.57,1.02,0.35,0.09,0.04,-0.03,0.6,-0.14,-0.26,-0.36,0.25
S000005978,1.68,-0.4,-0.3,-0.45,0.06,-0.14,0.18,-0.14,-0.08,-0.19,-0.25,0.21,0.07,-0.25
S000005979,0.33,-0.17,1.06,0.17,0.28,0.02,0.19,-0.29,0.39,-0.76,-0.24,-0.34,-0.76,0.1
S000005982,-1.08,0.7,0.43,0.58,0.51,0.04,0.14,0.14,-0.13,-0.03,-0.25,-0.15,-0.41,-0.5
S000005989,-0.16,-0.78,-0.08,0.59,0.9,0.17,-0.04,0.03,0.01,0.41,-0.06,-0.12,-1.06,0.2
S000006003,1.12,-0.4,-0.23,0.21,0.24,-0.37,0.02,-0.26,0.32,0.08,-0.3,0.01,-0.4,-0.05
S000006005,1.16,0.17,0.01,0.31,0.04,-0.12,0.0,-0.31,-0.35,-0.2,0.06,-0.31,-0.47,0.01
S000006008,1.14,-0.09,0.07,0.14,-0.36,-0.24,-0.17,-0.24,-0.31,-0.31,0.07,0.11,0.21,-0.04
S000006009,1.37,-0.25,-0.1,0.22,0.34,0.26,0.37,-0.36,-0.32,-0.15,0.01,-0.52,-0.66,-0.21
S000006010,1.1,-0.17,0.05,0.26,0.12,-0.17,-0.12,-0.3,-0.4,-0.05,-0.05,-0.02,0.05,-0.31
S000006011,-1.17,-0.51,0.1,0.48,-0.09,0.25,-0.06,0.75,0.32,0.39,-0.41,0.0,0.02,-0.09
S000006014,-1.77,0.11,-0.08,0.44,1.36,0.99,0.35,0.17,-0.33,0.6,0.31,-0.89,-0.96,-0.31
S000006021,1.46,0.13,0.06,0.03,-0.01,-0.22,0.05,-0.2,-0.5,-0.26,0.05,-0.14,-0.52,0.08
S000006030,1.01,0.21,0.28,0.15,-0.33,-0.31,0.04,-0.22,-0.29,-0.31,0.08,-0.07,-0.08,-0.15
S000006032,0.62,0.68,0.56,0.58,0.26,0.11,0.14,-0.08,-0.42,-1.0,-0.38,-0.4,-0.43,-0.24
S000006043,0.31,-0.34,0.11,0.18,0.47,0.41,0.21,0.07,-0.1,-0.03,0.18,-0.34,-1.12,-0.03
S000006044,2.11,0.57,-0.57,0.5,-0.54,-0.65,-0.3,-0.21,-0.24,-0.71,-0.17,0.0,0.09,0.14
S000006048,-0.97,-1.38,-1.31,-0.97,0.14,0.71,0.88,1.06,0.76,0.49,0.53,0.36,0.07,-0.36
S000006055,-1.06,-0.27,-0.1,-0.07,-0.33,-0.51,-0.34,0.51,0.29,0.36,0.11,0.51,0.51,0.41
S000006062,-0.7,-0.51,-0.62,-1.02,-0.73,-0.3,-0.06,0.28,0.79,0.78,0.22,0.95,0.54,0.38
S000006063,-1.18,-0.37,0.12,0.13,0.14,0.21,0.14,0.5,0.18,0.37,0.16,-0.08,-0.26,-0.05
S000006067,-0.35,-0.42,-0.16,0.18,1.2,0.87,0.2,-0.02,-0.16,0.02,0.23,-0.79,-0.37,-0.42
S000006068,1.09,0.34,0.18,-0.22,-0.58,-0.66,-0.39,-0.07,-0.07,-0.37,-0.02,0.28,0.59,-0.1
S000006079,-0.96,-0.79,1.02,-1.03,-0.59,-0.37,-0.28,-0.65,-0.39,0.14,0.8,1.14,1.21,0.76
S000006080,1.18,0.08,0.03,-0.09,0.2,0.12,-0.02,-0.23,-0.13,-0.13,-0.27,-0.23,-0.21,-0.29
S000006081,-1.26,-0.26,0.0,-0.1,0.53,0.53,-0.09,0.2,0.06,0.39,0.22,0.03,-0.25,0.01
S000006084,-1.71,0.7,-1.02,-0.53,0.21,0.58,0.55,0.61,0.22,0.46,0.28,0.13,-0.63,0.15
S000006086,1.51,1.77,0.19,-0.34,-0.34,-0.51,-0.3,-0.38,-0.3,-0.59,-0.34,-0.1,-0.21,-0.05
S000006087,1.49,0.29,-0.33,-0.47,-0.33,-0.21,-0.14,-0.1,-0.42,-0.33,0.29,0.26,-0.1,0.13
S000006104,-0.97,1.18,0.02,0.68,0.39,0.4,-0.02,-0.29,-0.05,0.11,-0.18,-0.35,-0.56,-0.35
S000006106,1.27,0.38,0.41,0.3,-0.36,-0.54,-0.4,-0.28,-0.26,-0.63,-0.21,0.1,0.13,0.09
S000006107,1.68,0.64,-0.91,0.15,-0.61,-0.63,-0.18,-0.23,-0.28,-0.33,-0.31,0.23,0.46,0.33
S000006110,0.31,-0.03,0.12,0.5,0.44,0.01,-0.03,0.14,-0.1,-0.27,0.27,-1.3,-0.17,0.1
S000006124,1.64,-0.05,-0.12,-0.33,-0.58,-0.52,-0.24,-0.03,0.11,-0.31,-0.5,0.37,0.42,0.14
S000006128,-1.45,-0.49,0.18,0.63,0.5,0.59,0.53,0.35,0.17,0.12,-0.21,-0.17,-0.56,-0.19
S000006132,-0.82,-0.46,-0.03,0.58,1.05,0.68,0.27,0.06,-0.24,0.04,0.02,-0.44,-0.51,-0.2
S000006133,-0.87,-0.11,-0.16,0.39,1.11,0.79,0.03,-0.24,-0.2,0.27,0.02,-0.52,-0.37,-0.15
S000006138,-1.07,-0.34,-0.29,0.27,0.93,0.31,0.37,0.1,-0.15,0.44,-0.04,-0.11,-0.4,-0.02
S000006140,1.07,-0.16,-0.24,0.05,-0.2,-0.46,-0.03,0.0,-0.12,-0.11,0.07,0.11,0.05,-0.03
S000006144,0.17,-0.13,0.48,1.73,0.88,0.06,-0.16,-0.44,-0.24,-0.73,-1.11,-0.99,0.02,0.45
S000006146,1.26,0.3,0.12,0.1,-0.12,-0.39,-0.3,-0.22,-0.03,-0.46,-0.05,-0.09,-0.02,-0.09
S000006147,-1.33,-0.09,-0.05,0.4,0.91,0.51,0.55,0.33,-0.18,0.46,0.0,-0.44,-0.82,-0.26
S000006151,1.23,0.25,-0.12,-0.18,-1.14,-0.26,-0.01,0.1,-0.27,-0.57,-0.01,0.47,0.37,0.14
S000006152,-1.2,-0.14,-0.26,0.32,0.34,0.36,-0.06,0.32,0.02,0.42,-0.09,0.06,-0.15,0.06
S000006161,1.46,0.18,-0.03,0.22,-0.2,-0.44,-1.03,-0.32,-0.03,-0.2,0.0,0.04,0.51,-0.15
S000006163,-0.79,-1.33,-0.02,-0.61,-0.67,-0.33,-0.02,0.37,0.72,0.85,0.8,0.54,0.35,0.14
S000006168,1.25,0.08,0.08,0.32,-0.32,-0.64,-0.28,-0.06,0.01,-0.32,-0.56,0.17,0.14,0.14
S000006177,-1.77,-1.77,0.17,0.0,0.4,0.68,0.57,0.6,0.27,0.6,0.4,-0.3,-0.55,0.68
S000006180,1.2,0.05,-0.04,0.14,-0.06,-0.18,0.16,-0.22,-0.4,-0.25,0.08,-0.2,-0.06,-0.23
S000006181,1.5,-0.27,-0.15,0.09,-0.08,-0.23,-0.07,-0.42,-0.23,-0.17,0.18,-0.02,-0.07,-0.05
S000006188,-0.32,-0.66,0.0,0.04,0.81,0.49,0.64,0.49,0.09,0.24,0.09,-0.32,-1.25,-0.35
S000006204,-1.02,-0.4,-0.11,0.14,0.22,0.31,0.06,0.17,0.26,0.16,-0.3,0.34,-0.02,0.2
S000006206,-1.7,-0.09,-0.46,-0.23,-0.22,-0.39,0.27,0.12,0.41,0.64,0.34,0.58,0.35,0.36
S000006210,-1.6,-0.5,-0.8,-0.55,-0.95,-0.4,-0.08,0.5,0.9,0.99,0.6,0.87,0.57,0.45
S000006222,-1.01,-0.49,-0.12,0.17,0.33,0.24,0.4,0.1,0.34,0.33,-0.16,-0.14,0.02,0.0
S000006234,1.87,-0.03,0.02,-0.35,-0.51,-0.49,-0.46,-0.24,0.09,-0.37,-0.51,0.53,0.22,0.22
S000006237,-1.19,-0.38,-0.25,-0.38,0.39,0.47,-0.03,0.47,0.31,0.59,0.34,0.23,-0.72,0.16
S000006239,1.1,-0.25,-0.7,-0.18,-0.38,-0.17,-0.36,0.35,0.41,0.34,-0.56,0.04,0.25,0.1
S000006251,0.02,-0.42,-1.01,-0.31,-0.2,-0.18,0.07,0.25,0.07,0.14,0.48,0.53,0.24,0.33
S000006256,-0.03,1.44,-0.05,0.34,-0.34,-0.2,-0.21,-0.4,0.02,-0.07,-0.34,-0.01,-0.14,-0.01
S000006278,-1.95,-0.89,-0.14,0.56,0.67,0.33,0.32,0.53,0.34,0.31,0.15,0.2,-0.27,-0.17
S000006313,1.39,-0.39,-0.36,-0.11,0.49,0.24,-0.23,-0.02,-0.25,-0.1,-0.1,-0.21,-0.3,-0.06
S000006319,0.25,-0.65,0.14,0.2,-0.09,-0.09,0.42,0.27,0.15,-0.06,0.14,0.45,-1.02,-0.12
S000006323,-1.75,-1.29,0.25,-1.29,-1.18,-0.55,0.63,0.54,0.37,0.95,1.08,0.79,0.85,0.61
S000006342,1.07,0.01,0.12,-0.23,0.17,-0.17,-0.27,0.12,-0.04,-0.17,-0.44,-0.04,-0.02,-0.13
S000006346,0.12,-0.27,0.03,0.36,1.09,0.41,0.15,0.01,-0.22,-0.01,-0.09,-0.55,-0.55,-0.49
S000006349,-0.27,-0.48,-1.34,0.26,0.37,0.33,-0.1,0.4,0.14,0.39,-0.2,0.01,0.24,0.24
S000006353,1.22,-0.16,-0.2,-0.21,-0.96,-0.93,-0.59,-0.12,0.52,0.16,-0.29,0.6,0.81,0.16
S000006354,1.3,0.41,0.21,-0.64,-0.14,-0.67,-0.29,0.18,0.14,-0.59,-0.29,0.03,0.3,0.06
S000006355,1.31,0.05,-0.17,0.23,-0.25,-0.76,-0.06,-0.22,0.36,-0.17,-0.46,-0.06,0.21,-0.01
S000006357,0.38,-0.26,-0.08,-1.0,0.29,0.25,0.18,-0.02,-0.1,-0.17,-0.06,0.12,0.25,0.23
S000006358,1.68,0.22,-0.05,-0.21,-0.28,-0.75,-0.66,-0.07,0.03,0.06,-0.44,0.2,0.2,0.08
S000006359,1.02,0.1,-0.1,-0.44,-0.21,-0.26,-0.31,0.24,0.24,-0.24,-0.31,0.29,0.04,-0.08
S000006360,-0.17,-1.13,-0.91,-1.21,-0.94,-0.6,-0.39,0.45,0.96,0.97,0.63,1.06,0.74,0.56
S000006364,1.52,0.41,-0.06,-0.68,-1.71,-1.12,-1.01,-0.18,0.52,-0.14,-0.41,1.07,1.17,0.62
S000006396,1.19,0.48,0.54,0.01,0.01,-0.5,-0.7,-0.17,0.05,-0.38,-0.41,-0.03,0.09,-0.17
S000006399,1.04,0.71,0.65,0.18,0.03,-0.13,-0.3,-0.3,-0.26,-0.6,-0.32,-0.24,-0.19,-0.28
S000006406,-1.04,-0.36,-0.44,-0.32,0.25,0.35,0.21,0.18,0.4,0.38,-0.16,0.37,-0.04,0.21
S000006408,-1.09,-0.39,-0.28,-0.26,-0.01,0.17,0.35,0.25,0.34,0.25,-0.34,0.55,0.22,0.25
