gene_id,10,20,30,40,50,80,105,120,160
S000000001,-0.05,0.32,-0.54,-0.28,-0.15,1.34,0.29,0.59,-0.43
S000000033,-1.89,-0.36,-0.44,-0.46,-0.31,-0.64,-0.51,-0.49,-0.67
S000000034,-0.86,-0.79,-1.03,-0.76,-0.84,-0.76,-0.97,-1.69,-1.0
S000000038,-0.36,-0.3,-0.45,-0.17,-0.03,-1.15,-0.34,-0.25,-0.62
S000000040,-0.62,-1.06,-0.74,-0.36,-0.42,-1.22,-0.2,-0.3,-0.51
S000000052,0.03,0.12,-0.21,-0.23,-0.14,-0.33,-1.84,0.05,-0.76
S000000056,-0.1,-0.51,-0.3,-0.49,-0.3,-1.15,0.19,0.28,0.16
S000000058,-1.06,-0.81,-0.54,-0.12,-0.6,-2.32,-0.76,-0.79,0.11
S000000061,-0.14,0.01,-0.25,-0.4,-0.34,-1.22,-0.07,-0.43,-0.25
S000002142,0.01,-0.89,-0.45,-0.17,-0.38,-2.4,-0.2,-0.67,-0.07
S000000070,0.15,-0.21,-0.21,-0.26,-0.26,0.36,0.74,1.38,0.9
S000002144,0.34,-0.09,-0.49,-0.2,-0.42,-0.56,-1.6,0.33,-0.64
S000000094,0.88,0.89,0.58,0.94,1.4,0.57,0.31,0.08,0.12
S000000101,0.23,1.01,0.42,0.03,0.21,0.3,0.7,1.46,0.14
S000002146,0.14,1.0,0.33,-0.04,0.29,0.24,0.68,1.28,0.36
S000000111,-0.86,0.1,-0.29,-0.22,-0.67,-1.15,0.24,-0.12,-0.1
S000000113,-0.26,-0.03,0.03,-0.29,-0.34,-0.14,0.57,1.34,-0.52
S000000121,-0.51,-0.23,-0.62,-0.2,-0.84,-0.4,-0.51,0.03,-1.15
S000000131,-0.58,-0.43,-1.09,-0.67,0.01,-0.15,-0.56,-0.43,-0.29
S000000135,0.0,-0.69,-0.76,-0.79,-0.4,-0.06,-0.86,-1.22,-0.64
S000000139,-0.58,-0.01,-0.06,-0.01,0.06,-0.12,-0.04,-0.69,-1.25
S000000142,-0.64,-0.92,-0.84,-1.0,-0.62,-1.47,-0.76,-0.69,-0.64
S000000143,-0.4,0.1,-0.07,-0.24,-0.82,-0.43,-0.5,0.28,-1.11
S000000146,0.45,0.91,1.1,0.81,0.65,0.38,0.49,0.6,0.92
S000000150,0.0,-0.6,-0.34,-0.15,-0.2,-0.07,-0.89,-1.6,-0.47
S000000153,0.63,0.11,-0.23,0.45,0.14,-0.12,-0.12,-0.22,-1.09
S000000160,1.36,3.6,3.72,4.08,3.46,2.88,3.57,3.16,2.25
S000000173,-0.09,0.14,0.04,-0.04,-0.14,-0.17,-0.38,-0.74,-1.09
S000000176,0.06,0.18,-0.22,-0.54,-0.34,-0.38,-0.47,-1.12,-0.79
S000000178,-0.51,-1.18,-0.27,-0.92,-0.56,-0.62,-0.97,-1.4,-0.43
S000000179,-0.62,-0.92,-1.09,-0.49,-0.92,-0.97,-0.43,-0.71,-0.6
S000002148,0.1,0.71,0.16,-0.17,0.1,0.03,0.58,1.36,0.24
S000000199,0.59,1.23,0.96,0.71,0.77,1.11,1.08,1.12,0.25
S000002152,-1.0,-0.47,-1.0,-1.03,-0.92,-1.32,-0.54,-0.62,-0.74
S000000212,-0.4,1.05,2.06,1.49,0.55,0.42,-0.23,0.54,-0.45
S000000215,0.86,0.89,1.26,0.6,1.04,1.01,0.68,0.76,0.56
S000000225,-0.22,-1.18,-0.45,-0.36,-0.1,0.0,0.96,-0.17,0.55
S000000230,-0.03,0.74,1.14,0.77,0.71,0.55,0.48,0.82,0.31
S000000234,-0.42,-0.54,-0.23,-0.4,-0.25,-0.2,-0.81,-1.25,-0.2
S000000236,-0.49,-0.76,-0.49,-0.34,-0.81,1.54,-0.42,-0.97,-0.3
S000000241,-0.12,-1.09,-0.2,-0.04,-0.2,-0.09,-0.3,-0.34,0.33
S000000244,-1.22,-0.74,-0.79,-0.76,-0.51,-0.25,-0.56,-0.79,-0.69
S000000250,0.06,0.84,1.64,1.89,1.3,0.52,0.33,0.5,-0.17
S000000251,0.03,1.98,1.94,1.98,1.57,1.13,0.66,-0.45,-0.01
S000000257,0.2,0.8,1.37,1.26,1.04,0.53,0.7,0.82,0.89
S000000258,0.57,0.12,0.72,0.68,0.41,0.86,1.01,1.32,1.22
S000000260,0.01,0.89,1.41,1.13,0.48,0.61,0.9,1.28,1.11
S000000271,-0.45,-0.81,-1.29,-0.62,-0.49,0.04,0.5,0.34,1.0
S000000273,-4.64,-0.04,-0.42,-0.14,0.01,0.04,-0.07,0.12,0.39
S000000275,-1.58,-0.27,-0.67,-0.57,-0.11,-0.46,-0.2,0.17,1.15
S000000290,1.36,-0.21,-0.44,-0.46,-0.51,-0.55,-0.32,-0.2,-0.31
S000000318,0.12,0.5,0.54,0.51,0.3,0.03,-0.36,0.06,-1.18
S000000327,-1.99,0.18,0.1,-0.16,-0.05,-0.03,0.21,0.47,-0.06
S000000353,0.59,0.38,0.46,1.3,0.64,0.25,0.34,0.39,0.33
S000000377,-0.49,-0.51,-0.67,-0.14,-0.6,-1.09,-0.4,-0.42,-0.49
S000000378,0.12,1.27,0.36,0.97,0.21,0.45,0.41,0.7,0.33
S000000379,0.28,1.16,0.76,0.68,0.66,0.67,0.6,0.52,0.14
S000000381,0.51,1.32,1.34,1.33,1.05,1.13,1.0,1.08,0.91
S000000383,-0.18,1.08,0.72,0.7,0.42,0.86,0.9,1.29,0.58
S000000387,0.14,1.03,1.16,0.84,0.41,0.45,0.94,0.76,0.49
S000000396,-3.06,0.26,0.21,0.38,0.23,0.12,-0.06,0.21,-0.3
S000000401,-0.6,-0.22,-0.86,-0.34,-0.43,-1.18,-0.34,-0.07,-0.3
S000000408,0.41,1.1,1.1,0.81,0.68,0.51,0.6,0.9,0.18
S000000416,-0.1,-0.27,-0.1,-0.23,-0.12,-1.15,-0.71,0.0,-0.42
S000000417,0.04,-0.03,-0.67,-0.51,-0.38,-0.04,-0.06,-1.03,-1.18
S000000423,-0.94,-0.34,-1.0,-0.74,-0.64,-1.56,0.42,-0.92,-0.74
S000000427,-0.92,-0.42,-0.23,0.31,-0.23,-1.4,0.32,0.15,0.2
S000000442,-0.17,-1.09,-0.43,-0.58,-0.58,-0.79,-0.67,-0.89,-0.64
S000000448,1.88,3.33,3.73,3.5,2.75,3.11,3.19,2.66,3.17
S000000456,-0.69,-1.22,-0.54,-1.09,-0.42,-0.4,-0.86,-1.36,-0.27
S000000460,0.98,2.0,2.04,2.0,1.62,1.69,1.46,1.14,0.82
S000000465,-1.25,0.26,-0.67,-0.29,-0.74,-0.01,-0.2,-0.34,-0.43
S000000468,-0.92,-0.43,-0.86,-0.81,-0.51,-0.92,-0.79,-1.36,-0.36
S000000471,-0.69,-1.03,-1.29,-0.71,-0.64,-0.84,-1.0,-0.84,-1.32
S000000516,-0.18,-0.89,-1.09,-0.81,-0.62,-1.12,-0.62,-0.79,-0.29
S000000517,-0.23,-0.3,-0.56,-0.47,-0.49,-1.09,-0.49,-0.81,-0.92
S000000523,-0.4,-0.49,0.04,0.14,0.07,-0.79,-2.25,0.0,-0.42
S000000527,-0.71,-1.32,-1.09,-0.97,-0.81,-1.4,-0.34,-0.45,-0.64
S000000528,-0.17,-0.94,-0.18,-0.94,-0.32,-1.09,-0.67,-0.23,-0.01
S000000529,-1.15,-0.86,-1.25,-1.15,-0.56,-0.64,-0.74,-0.03,-0.4
S000000533,-1.06,-1.18,-0.84,-0.86,-1.0,-0.92,-0.89,-0.89,-1.03
S000000534,-0.68,-0.8,-0.51,-0.87,-0.62,-0.73,-0.81,-1.19,-0.67
S000000535,1.15,0.66,0.1,0.19,0.07,0.5,0.79,1.3,0.16
S000000537,0.08,-0.64,-0.47,0.03,-0.64,-0.62,-0.45,-0.23,-1.56
S000000538,-0.32,-0.64,-0.51,-0.18,-0.74,-1.12,-0.76,-0.64,-0.1
S000000540,0.3,0.12,0.94,0.82,0.58,0.58,0.57,0.58,1.08
S000000541,-0.6,-0.86,-0.45,-0.45,-0.86,-0.97,-1.12,0.91,-0.94
S000000542,-0.43,-1.6,-0.64,-1.12,-0.69,-1.4,-1.56,-1.0,-0.79
S000000545,-0.94,-0.25,0.04,-0.29,-0.84,-1.47,-0.03,0.5,0.51
S000000547,-0.38,0.26,0.59,-0.3,-0.38,0.15,0.49,1.23,1.01
S000000548,-1.12,-1.29,-0.64,-0.74,-0.62,-1.36,-0.97,-0.94,-0.58
S000000549,-1.09,-0.94,-0.92,-1.15,-0.81,-0.67,-1.22,-0.25,-0.42
S000000562,0.45,1.16,1.14,1.41,0.84,0.8,0.93,0.99,0.52
S000000579,-0.47,-0.79,-0.74,-1.18,0.1,-0.14,-0.15,0.41,-0.04
S000000580,-0.23,0.92,-1.15,-0.51,-0.38,-0.3,0.15,-0.12,0.54
S000000597,0.0,0.77,1.34,1.99,1.82,1.81,1.84,1.46,1.46
S000000598,-0.17,-0.07,0.33,0.97,0.96,1.0,1.08,1.06,0.61
S000000599,-0.51,-0.56,-1.4,0.04,0.32,-0.03,0.1,0.28,0.28
S000000606,-0.67,-0.76,-1.0,-0.81,-1.25,-1.79,-1.25,-1.36,-0.86
S000000612,0.24,0.51,0.7,0.42,0.51,0.42,0.21,0.7,-1.09
S000000616,-0.22,-0.64,-0.92,-0.47,-0.45,-2.32,0.1,0.04,-1.12
S000000620,-1.32,-0.64,-1.09,-0.36,-0.89,-0.79,-0.4,-0.29,-0.27
S000000627,-0.17,-0.69,-0.74,-0.69,-0.49,-0.94,-0.67,-1.32,-0.38
S000000632,-0.06,0.44,1.12,0.83,0.52,0.62,0.4,1.12,0.61
S000000642,-1.29,-0.92,-1.09,-1.29,-1.09,-0.86,-0.97,-1.06,-0.81
S000000643,-0.89,-1.25,-0.27,-0.92,-0.51,-1.12,-0.81,-1.74,-0.43
S000000644,-0.97,-0.86,-0.84,-1.0,-0.86,-1.36,-0.97,-0.76,-0.1
S000000646,-0.89,-0.64,-1.15,-1.0,-1.03,-2.56,-0.74,-0.69,-0.29
S000000647,-0.81,-1.4,-0.51,-0.86,-0.56,-1.03,-0.76,-1.64,-0.49
S000000650,0.31,0.04,-0.12,0.01,0.03,1.96,-0.22,-0.17,-0.01
S000000653,-0.32,-1.03,-0.56,-0.86,-0.38,-1.09,-1.03,-0.84,-0.42
S000000655,-0.67,-0.79,-0.94,-0.58,-0.4,-0.38,-0.51,-1.29,0.1
S000000668,-0.43,-0.86,-1.06,-1.12,-0.56,-1.18,-0.94,-1.09,-0.79
S000002133,-0.81,-0.04,-0.92,-1.09,-0.27,-1.89,-0.81,-0.47,-0.79
S000000699,-0.23,1.93,2.0,1.77,1.42,1.55,0.84,0.28,0.26
S000002161,-0.36,-1.12,-1.12,-1.06,-0.07,0.24,0.11,-0.04,0.56
S000002171,-0.4,-0.97,-0.51,-0.81,-0.15,-0.62,-0.84,-1.56,-0.56
S000002179,-0.09,1.03,1.15,0.89,0.76,0.31,0.82,1.41,1.3
S000002183,0.39,1.68,1.74,1.39,0.93,0.63,1.13,1.22,0.7
S000002185,0.16,0.92,0.79,0.9,0.33,0.72,1.0,1.18,1.01
S000002187,0.37,1.08,1.06,1.11,0.56,0.73,0.99,0.77,0.61
S000002189,-0.12,0.07,-0.29,-0.2,-0.09,-0.15,-1.16,-0.22,0.1
S000002195,-0.06,0.03,-0.27,-0.18,-0.2,-0.76,-1.64,-1.6,-0.42
S000002196,0.25,-0.2,-0.3,-0.25,-0.45,-1.29,-1.74,-0.97,-1.22
S000002197,0.31,-0.27,-0.42,-0.32,-0.25,-1.06,-2.0,-1.74,-0.03
S000002218,-0.12,-0.15,-0.67,-0.27,-0.36,-0.14,-0.74,-1.32,-1.0
S000002231,0.12,-0.02,0.07,-0.07,-1.73,-0.14,0.1,0.28,0.08
S000002238,-0.01,0.31,-0.15,0.0,-0.06,-1.22,-0.6,-0.1,-1.09
S000002239,0.12,-0.74,-0.76,-0.89,-0.94,-0.6,-0.74,-1.89,-0.17
S000002243,-0.14,-0.27,-0.14,-0.64,-0.45,2.49,-0.18,-0.45,-0.03
S000002245,-0.22,-0.64,-0.22,-0.07,-0.38,-1.51,-0.17,-0.25,-0.06
S000002270,-1.5,-0.28,0.54,-0.25,-0.64,-0.22,-0.3,-0.45,-0.87
S000002272,-0.17,-0.92,-1.6,-0.74,-0.64,1.12,-0.01,-0.17,0.08
S000002280,-0.32,0.51,-0.01,-4.64,-0.07,0.21,0.14,-0.22,-0.4
S000002284,0.26,1.06,0.68,1.23,1.01,0.55,0.64,1.28,0.04
S000002296,0.53,0.63,0.71,0.86,0.73,0.99,1.03,1.1,1.28
S000002306,0.19,0.9,1.08,1.01,0.82,0.57,0.34,0.38,0.34
S000002310,-1.18,-1.25,-1.43,-1.43,-1.09,-1.64,-1.4,-1.22,-0.69
S000002321,-0.6,-0.43,-0.89,-0.27,-0.64,-0.4,-0.47,0.12,-1.4
S000002332,-0.86,-0.89,-0.92,-0.69,-0.67,-1.0,-0.97,-1.69,-0.56
S000002340,-0.47,-0.6,-0.64,-0.71,-0.92,-1.51,-0.45,-0.38,-0.22
S000002341,0.29,0.63,1.12,1.19,0.91,0.77,-1.4,0.23,0.04
S000002356,-0.74,-0.84,-0.87,-1.39,-0.96,-1.26,-0.76,-0.94,-0.72
S000002362,-0.84,-0.6,-1.92,-0.23,-0.42,-0.32,-0.6,-0.43,-0.4
S000002364,-0.42,-1.22,-0.69,-1.29,-0.84,-1.74,-1.12,-0.42,-0.74
S000002374,-0.29,0.01,-0.01,-0.14,1.12,0.33,0.1,0.7,-0.47
S000002379,0.0,0.28,-0.58,-0.42,0.31,1.82,0.77,0.51,0.37
S000002389,-0.09,-0.18,-0.84,-0.36,-0.32,-1.4,0.26,0.29,0.23
S000002393,0.29,1.22,0.48,0.68,0.56,0.14,0.6,1.48,0.34
S000002395,0.31,0.69,0.7,0.41,0.75,0.72,0.73,0.86,1.08
S000002401,-0.15,0.29,0.52,0.41,0.16,2.49,-0.92,0.14,-0.23
S000002402,-0.02,0.41,0.86,0.99,1.1,-0.2,0.4,-0.56,0.13
S000002408,0.0,1.1,0.57,0.45,0.16,-0.25,0.06,0.71,0.03
S000002409,-0.29,-0.79,-1.09,-0.79,-0.81,-0.86,-1.0,-1.36,-0.71
S000002414,0.85,1.1,0.31,0.54,0.43,0.53,0.38,0.51,0.06
S000002419,-0.49,-1.03,-1.12,-1.06,-0.79,-1.22,-1.36,-1.03,-0.94
S000002426,0.14,-0.32,-0.15,0.58,0.03,0.16,1.62,2.08,1.54
S000002431,-0.74,-0.38,-0.42,-0.6,-0.79,-0.84,-1.06,-0.67,-1.29
S000002435,0.02,0.4,-0.15,-0.22,-0.24,1.25,0.55,0.75,-0.66
S000002439,-0.62,0.91,1.69,1.68,2.02,2.03,2.14,1.82,1.73
S000002442,0.76,0.77,0.34,1.09,0.59,0.1,-0.09,0.04,0.0
S000002447,0.42,0.14,0.2,0.25,0.29,1.67,-0.12,-0.02,0.14
S000002456,-0.43,-1.18,-0.17,-1.0,-0.58,-1.06,-0.92,-1.03,0.06
S000002457,-0.56,-1.09,-1.22,-0.69,-1.25,-1.47,-0.79,-0.89,-0.43
S000002460,-0.58,-1.03,-0.6,-1.22,-0.94,-0.58,-0.51,-0.76,0.04
S000002461,-0.2,-0.89,-0.49,-0.27,-0.42,-1.12,-0.34,-0.79,-0.43
S000002476,0.08,1.27,0.85,0.77,0.32,0.55,0.84,0.93,0.61
S000002481,0.39,2.49,2.02,1.3,0.9,1.06,2.04,2.16,0.77
S000002484,0.15,0.37,0.38,0.49,0.68,0.2,0.55,1.53,0.51
S000002492,0.33,1.41,1.06,1.53,1.1,0.55,1.2,0.82,0.49
S000002496,0.0,0.43,-0.23,0.07,0.08,0.44,1.46,1.31,0.75
S000002502,-0.47,-0.91,-0.75,-1.12,-0.54,-0.54,-0.8,-0.59,-0.74
S000002520,-0.06,-0.54,-1.25,-0.58,-0.29,-0.76,-0.54,-0.34,-0.43
S000002539,-0.56,2.24,2.52,1.54,1.17,1.16,0.9,0.97,0.75
S000002540,-0.62,-0.74,-0.89,-0.79,-0.62,-1.09,-0.64,-1.43,-0.14
S000002541,-1.18,-1.03,-1.06,-1.0,-0.89,-1.4,-1.06,-1.22,-0.47
S000002550,-0.62,-1.12,-0.62,-0.86,-0.54,-1.22,-0.86,-1.4,-0.56
S000002556,-0.71,-0.56,-0.76,-0.64,-0.89,-0.84,-0.54,-1.43,-0.84
S000002559,-0.58,-1.32,-0.94,-1.29,-1.12,-1.0,-0.92,-1.36,-0.64
S000002561,-0.79,-1.06,-0.42,-0.29,-0.6,-1.15,-0.58,-1.74,-0.2
S000002563,-0.32,-0.94,-0.92,-0.42,-0.79,-1.74,-0.58,-1.15,-0.67
S000002565,1.08,0.99,0.67,1.26,1.06,0.93,0.78,-0.01,-0.22
S000002590,0.31,0.89,0.75,0.37,0.33,0.55,0.77,1.09,0.23
S000002619,-1.74,-0.07,-0.15,-0.25,-0.06,0.16,-0.07,-0.1,-0.14
S000002621,-0.64,-1.09,-0.94,-1.32,-0.89,-0.25,0.16,-0.56,-0.97
S000002622,-0.71,-1.03,-1.0,-0.74,-1.09,-1.06,-1.0,-0.54,-1.09
S000002642,-1.18,-1.15,-0.81,-0.94,-0.94,-0.97,-0.74,-0.94,-1.47
S000002656,0.32,0.15,0.98,1.22,1.29,1.48,1.34,1.14,1.51
S000002666,0.27,0.65,1.24,0.93,0.03,0.28,0.58,1.43,0.55
S000002677,-0.09,1.29,0.92,0.95,0.48,0.3,0.08,0.37,-0.07
S000002678,0.01,1.16,0.91,1.2,0.58,0.38,0.04,-0.01,0.2
S000002680,0.21,0.7,0.86,0.8,0.64,0.91,0.85,1.0,1.19
S000002685,0.36,0.23,0.14,0.61,0.82,1.56,2.0,2.09,1.21
S000002694,0.08,0.33,0.57,0.61,1.46,0.63,0.63,0.5,0.49
S000002705,-0.29,-1.32,-1.32,-1.6,-0.58,-0.49,-0.62,-0.54,-0.15
S000002742,-0.38,-0.15,0.19,0.0,-0.12,0.07,-0.51,-0.01,-1.43
S000002750,0.62,-0.07,0.04,0.33,0.38,0.85,0.83,1.21,1.16
S000002751,0.66,0.15,0.16,0.34,0.63,1.01,0.81,1.1,1.14
S000002756,-0.51,-0.86,-0.97,-1.25,-0.76,-0.34,-0.47,-0.79,-0.71
S000002762,0.64,1.15,1.08,0.8,1.06,1.54,0.86,1.1,0.89
S000002766,0.04,1.1,0.84,0.7,0.32,0.46,0.9,0.95,0.44
S000002776,0.39,1.04,1.53,1.53,1.5,1.28,1.31,1.49,1.28
S000002783,0.52,1.21,0.38,0.99,0.59,0.61,0.93,0.86,-1.74
S000002790,-0.47,-0.89,-1.25,-0.94,-0.81,-0.84,-1.06,-1.89,-0.79
S000002792,-0.25,-0.69,-1.36,-0.97,-0.64,-0.71,-0.94,-1.15,-1.03
S000002799,0.58,1.4,1.53,1.49,1.16,0.89,0.97,1.26,1.05
S000002802,1.2,1.19,0.99,1.51,1.22,0.78,0.84,0.73,-0.17
S000002807,0.43,-0.81,-1.09,-1.03,-0.42,0.01,0.26,0.36,0.37
S000002810,-0.03,0.52,0.56,1.08,0.33,0.41,0.34,0.37,-0.94
S000002813,-0.43,-0.76,-0.76,-0.22,-0.69,-1.36,-0.42,-0.25,-0.23
S000002814,-1.51,-0.05,0.79,0.04,-0.27,-0.05,0.23,0.27,-0.27
S000002816,-0.64,-0.67,-0.71,-0.79,-1.06,-1.47,-0.81,0.29,0.23
S000002837,0.12,-0.6,-0.38,-0.23,-0.38,-0.38,-0.32,-1.89,-0.23
S000002841,-0.51,-0.54,-0.15,-0.34,-0.2,-1.12,-0.49,-1.22,-0.36
S000002849,0.15,-0.47,-0.27,0.15,-0.2,-0.58,-0.51,-1.29,0.25
S000002850,-0.27,-0.51,-0.32,-1.29,-0.51,-0.54,-0.6,-0.47,-0.38
S000002854,-0.32,-2.94,-0.18,-1.09,-0.89,-0.22,-0.81,-1.15,-1.32
S000002856,-0.34,-0.74,-0.84,-1.09,-0.71,-0.86,-0.64,-0.92,-0.84
S000002860,-0.04,0.75,0.73,0.52,0.6,0.73,1.01,1.37,0.8
S000002861,0.55,3.16,3.82,4.35,3.53,2.57,3.22,2.93,1.68
S000002882,-0.94,-0.25,-0.43,-0.4,0.12,0.15,0.07,-0.23,-1.09
S000002884,-0.58,-0.84,-0.79,-1.18,0.11,-0.58,-0.23,-0.2,-0.27
S000002888,0.33,1.33,1.69,1.66,1.7,1.88,1.48,1.51,1.08
S000002896,-1.0,-0.71,-0.89,-0.89,-0.45,-2.64,-0.58,-0.67,-0.58
S000002900,-0.09,-1.0,-0.94,-1.29,-0.43,0.2,0.06,0.0,0.07
S000002902,0.37,0.96,1.23,0.77,0.6,0.5,0.78,0.85,0.8
S000002904,-0.04,-0.73,-0.61,-0.57,-0.26,-0.47,-0.68,-1.41,-0.3
S000002920,-0.2,1.05,1.7,1.33,0.97,0.82,0.94,0.98,1.31
S000002921,1.04,2.75,3.12,3.06,2.24,1.72,2.27,1.88,1.69
S000002925,-0.56,-0.4,-0.4,-0.51,-0.76,-0.43,-0.4,-1.74,-0.17
S000002931,-0.14,-1.29,-0.34,-1.12,-0.32,-0.94,-0.34,-0.89,-0.51
S000002953,-0.71,-0.49,-0.51,-0.79,-0.49,-0.64,0.84,1.48,-0.51
S000000737,0.25,1.43,1.13,1.03,0.77,1.51,1.9,2.28,0.88
S000000738,0.59,1.82,1.95,1.44,1.01,1.12,1.33,1.73,0.73
S000000741,0.26,0.68,0.33,0.45,0.36,0.77,0.78,1.09,0.24
S000000765,0.26,1.24,0.99,1.32,0.48,0.43,0.9,0.7,0.6
S000000781,-0.1,0.01,-0.6,-0.62,-0.45,0.84,-0.49,-0.62,-1.81
S000000791,0.39,0.89,0.71,1.44,0.74,0.12,-0.4,-0.71,0.16
S000002955,-0.89,-0.32,-0.76,-0.6,-0.58,1.4,-0.32,0.56,-0.43
S000000808,0.4,-0.47,-0.58,-0.47,-0.29,-0.03,-0.49,-1.25,-0.3
S000000813,-0.28,-0.93,-0.95,-1.81,-1.07,-0.71,-0.63,-1.11,-0.57
S000000819,-0.1,0.06,-0.25,-0.87,-0.4,-1.96,-0.17,-0.25,-0.33
S000000821,-0.4,-0.6,-0.94,-0.69,-0.84,-0.38,-1.29,-0.92,-0.67
S000000828,0.42,0.86,1.1,1.01,0.81,0.87,0.71,0.84,1.16
S000000838,-0.25,-0.81,-0.94,-0.6,-0.69,-0.89,-0.76,-1.09,-0.97
S000000839,0.6,1.56,0.96,1.61,0.64,0.2,0.46,0.8,0.59
S000000845,-0.67,-0.84,-0.94,-1.06,-0.89,-0.92,-1.06,-1.15,-0.92
S000000854,1.02,1.37,1.32,0.93,1.1,0.65,0.08,-0.01,0.14
S000000855,0.18,1.52,1.68,1.18,0.64,0.3,0.97,1.29,0.53
S000000857,1.38,1.28,0.93,0.92,1.06,1.07,0.93,0.67,0.16
S000000863,0.84,0.64,0.28,0.53,0.69,0.96,1.43,1.38,1.05
S000002959,0.48,1.84,1.56,1.62,0.48,0.51,1.16,2.04,1.36
S000000872,-0.56,-1.29,-1.15,-1.09,-0.2,-0.09,-0.34,0.14,-0.56
S000000886,-0.17,-1.0,-0.86,-0.62,-0.6,0.82,-0.42,-1.15,0.58
S000000893,-0.84,-0.6,-0.74,-1.29,-1.51,-0.27,0.64,1.54,-0.76
S000000896,-0.47,-0.74,-0.36,-0.49,-0.49,-1.0,-0.49,-1.36,-0.58
S000000897,-0.32,-0.79,-1.03,-1.18,-0.76,-0.27,-0.67,-0.79,-0.45
S000000898,-0.15,-0.62,-0.67,-0.43,-0.38,-1.79,-0.74,-1.43,-1.09
S000000912,0.21,-0.56,-0.38,-0.84,-0.47,-0.34,-0.32,-1.25,-0.25
S000000922,-0.58,-0.74,-0.79,-0.89,-0.76,-0.6,-0.67,-1.09,-0.17
S000000929,-0.17,-0.71,-0.89,-0.89,-0.79,-0.51,-0.89,-1.89,-0.69
S000000944,-0.06,1.08,1.18,1.32,0.93,0.28,0.58,0.4,0.23
S000000947,0.06,-0.14,-0.04,0.33,0.18,-0.36,-1.25,-1.09,-0.47
S000000948,-0.64,-0.54,-0.6,-0.56,-0.47,-0.67,-0.6,-1.18,-0.07
S000000949,-1.4,-0.51,-0.64,-0.81,-0.67,-0.64,-0.38,-1.22,-0.58
S000000962,0.19,0.7,0.27,-0.59,-0.14,0.04,0.31,1.37,0.06
S000000989,-0.3,-0.81,-0.74,-0.51,-0.79,0.15,-0.18,-0.22,-1.6
S000000990,-0.89,-0.86,-1.12,-1.6,-0.71,-3.18,-1.0,-0.84,-0.42
S000000992,-0.94,-0.92,-0.51,-1.15,-0.54,-1.25,-0.76,-0.79,-0.58
S000001888,-0.45,-0.6,-0.06,-0.06,-0.2,-0.42,-0.51,-1.15,-0.14
S000001884,-0.74,-1.47,-0.45,-0.94,-0.86,-0.58,-0.89,-0.74,0.11
S000001883,0.03,-0.23,-0.51,-0.76,-0.43,-1.06,-1.03,-1.22,-0.18
S000001882,0.01,-1.15,-1.18,-0.71,-0.51,-0.89,-0.12,-0.38,0.58
S000001880,-0.36,0.57,1.29,2.35,2.33,0.69,1.24,1.87,1.75
S000001877,-0.34,-0.4,-0.43,-0.51,-0.54,-0.17,-0.27,-1.12,0.2
S000001854,-0.14,0.33,0.46,0.29,0.43,0.78,0.78,0.29,2.26
S000001842,-0.86,-0.94,-0.67,-1.12,-0.4,-0.84,-0.56,0.36,-0.69
S000001841,0.12,-0.97,-1.15,-0.67,-0.14,-1.15,-4.06,-0.74,-1.09
S000001839,-0.1,0.06,-1.22,-0.3,0.19,-0.81,0.16,-0.1,-0.17
S000001838,-0.12,0.86,1.08,1.82,1.28,1.03,1.0,1.45,0.41
S000001832,0.29,0.56,0.66,0.52,0.59,0.81,0.64,0.95,1.12
S000001828,-1.51,-1.03,-1.29,-1.4,-1.4,-1.51,-1.15,-0.81,-1.47
S000001826,-1.22,-0.76,-1.12,-1.4,-0.97,-0.97,-1.29,-0.17,-1.22
S000001910,-2.47,-0.04,0.2,0.58,0.0,-0.14,-0.36,0.3,-0.27
S000001911,-0.1,-1.51,-1.47,-0.09,-0.06,-0.22,-0.2,0.46,0.16
S000001914,-0.09,-1.47,-1.15,-0.92,-0.97,-1.18,-0.49,-0.81,0.24
S000001917,-0.23,-0.76,-0.6,-0.97,-0.56,-0.69,-0.86,-0.97,-1.15
S000001928,-0.3,-0.97,-0.62,-0.56,-0.3,-3.32,-2.06,-1.6,0.0
S000001932,-0.62,-0.67,-0.67,-0.27,-0.47,-0.51,-0.51,-1.89,-0.34
S000001933,-0.84,-1.0,-1.22,-1.25,-0.97,-1.03,-0.64,-0.86,-0.64
S000001936,0.62,0.64,0.59,0.29,0.32,0.78,0.37,1.14,0.08
S000001940,1.03,1.07,1.09,1.06,1.07,1.15,0.82,0.92,0.01
S000001946,0.68,1.29,1.44,1.24,0.94,0.83,0.79,0.96,0.24
S000001949,0.9,1.94,1.94,2.22,1.29,1.86,2.6,3.12,1.46
S000001953,-0.02,0.13,-0.48,-0.35,-0.73,-1.1,-0.18,-0.21,-0.4
S000002985,-0.56,-0.64,-0.92,-0.58,-0.51,-0.62,-1.51,-0.54,-0.54
S000002987,-0.64,-0.71,-0.84,-0.56,-0.6,-1.12,-0.79,-0.97,-0.76
S000002991,-0.81,-0.51,-0.94,-1.43,-0.43,-1.18,-0.62,-0.62,-0.12
S000002994,1.26,1.34,0.96,1.6,1.33,1.24,0.83,0.91,-0.07
S000002997,0.06,-0.69,-0.69,-0.64,-0.36,-0.6,-0.67,-1.09,0.08
S000003008,-1.0,-0.74,-0.71,-0.51,-1.09,-0.74,-1.06,-0.94,-0.89
S000003014,-1.0,-1.36,-0.79,-1.18,-1.12,-0.15,-0.67,-0.36,-0.86
S000003023,-0.17,-1.79,-2.25,-2.4,-1.4,0.52,0.6,0.56,0.42
S000003027,0.65,1.03,1.12,0.93,0.91,0.58,0.45,0.28,0.46
S000003029,-0.43,-0.69,-0.64,-1.03,-0.43,-0.27,-0.27,-1.15,-0.1
S000003031,-0.58,-0.38,-0.49,-0.49,-0.69,-1.09,-1.03,-1.12,-0.32
S000003036,-0.62,-0.86,-0.54,-0.38,-0.56,-1.09,-0.27,-0.62,0.0
S000003049,-0.01,1.16,0.75,0.83,0.59,0.62,0.95,0.62,0.45
S000003055,0.49,1.01,1.15,0.95,0.62,0.82,0.77,0.99,0.86
S000003064,0.32,1.38,1.37,1.14,0.82,0.92,1.25,1.24,0.71
S000003065,-0.34,-0.45,-0.69,-0.94,-0.51,-0.49,-0.43,-1.6,-0.42
S000003066,0.51,1.25,1.34,0.88,0.93,1.04,1.13,1.42,0.99
S000003072,-0.04,0.44,0.51,0.96,0.75,1.1,0.54,1.16,-0.58
S000003074,-1.06,-1.0,-1.43,-1.18,-1.4,-1.09,-1.29,-1.56,-1.12
S000003085,1.86,1.7,1.37,1.78,1.8,1.65,1.11,0.82,1.07
S000003091,-0.18,-0.84,-0.94,-0.94,-0.6,-1.18,-0.94,-1.4,-0.56
S000003102,0.15,0.85,1.11,0.63,0.54,0.58,0.26,0.39,-0.3
S000003106,-0.2,-1.69,-0.29,-0.92,-1.18,-3.84,-1.51,-0.07,-1.09
S000003114,-0.97,-0.25,-0.6,-1.22,-0.71,-1.4,-1.18,-1.47,-0.22
S000003116,-0.94,-0.76,-0.89,-0.81,-0.84,-0.81,-1.32,-2.64,-1.06
S000003121,-0.18,-0.49,-0.06,0.03,-0.29,-0.04,-0.23,-1.69,-0.32
S000003125,0.69,0.82,1.37,1.26,0.88,0.7,0.51,0.31,0.56
S000003126,-0.56,-0.23,-1.09,-0.89,-0.71,-0.32,-1.4,-0.71,-1.09
S000003130,-0.6,-1.18,-0.67,-0.81,-0.86,-1.09,-0.94,-1.0,-1.22
S000003133,-0.3,-0.42,-0.01,-0.32,-0.23,-0.62,-0.4,-1.09,-0.34
S000003134,-0.45,-1.47,-0.84,-0.86,-0.54,-0.54,-0.92,-0.51,-0.23
S000003137,0.38,-0.69,-0.36,-0.15,-0.14,-0.67,-0.58,-1.09,-0.6
S000003138,-0.36,-0.64,-1.03,-0.47,-0.94,-0.64,-1.18,-1.47,-1.36
S000003139,0.07,-0.81,-0.51,-0.67,-0.3,-0.34,-0.67,-1.47,-0.25
S000003147,0.31,0.83,0.88,0.9,0.85,1.18,1.36,0.84,0.14
S000003148,0.12,1.13,0.9,0.97,0.9,0.56,0.52,0.65,-0.32
S000003154,1.01,0.82,0.6,0.85,0.89,0.97,1.24,1.35,0.4
S000003164,0.41,0.83,1.02,1.0,0.77,0.9,1.04,1.12,0.99
S000003180,-1.09,-0.36,-1.03,-1.22,-0.62,-0.09,-1.06,-0.04,-0.67
S000003184,-0.84,-0.32,-0.58,-0.25,-0.54,-0.76,-0.86,-1.12,-0.79
S000003188,0.96,1.18,0.89,1.11,0.7,1.12,0.92,0.52,0.14
S000003203,0.29,-0.49,-0.74,-0.45,-0.3,-0.2,0.7,1.56,-0.03
S000003226,-0.06,-0.18,-0.05,0.0,0.04,0.12,-1.66,-0.13,0.18
S000003228,0.03,0.0,0.39,1.4,0.07,0.14,0.3,-0.27,0.42
S000003230,-0.36,-1.06,-0.29,-0.38,-0.38,-0.6,-0.38,-1.32,-0.07
S000003231,0.41,0.15,-0.76,-1.32,-1.0,-0.29,-0.38,-0.54,-0.76
S000003234,-0.54,-0.49,-0.17,-0.71,-0.47,-0.38,-0.42,-1.18,-0.22
S000003242,0.88,0.88,0.83,1.46,0.86,0.63,0.67,0.44,0.37
S000003264,0.08,0.24,0.16,-0.12,-0.22,-0.06,1.62,-1.88,0.37
S000003269,0.61,0.59,0.76,0.8,0.9,1.23,0.95,1.07,1.1
S000003281,-0.04,-0.25,-0.89,-1.06,-0.71,-0.09,-0.34,-0.49,-1.12
S000003284,0.69,0.71,1.74,0.97,0.29,0.48,0.45,0.74,0.1
S000003291,-0.32,0.43,0.25,0.15,-0.27,2.94,0.77,-0.17,0.34
S000003293,-0.57,-0.52,-0.59,-0.5,-0.5,-0.82,0.18,1.32,-0.49
S000003295,-0.76,-0.89,-1.06,-0.56,-0.94,-1.25,-0.43,-0.84,-0.58
S000003301,-1.36,-0.76,-0.38,-0.1,-0.29,-0.92,-0.36,-0.01,-0.09
S000003320,0.57,1.58,1.67,1.64,0.79,0.53,0.95,1.54,-0.6
S000003328,-0.54,-0.64,-0.6,-0.43,-0.36,-0.94,-1.15,-1.56,1.26
S000003341,-0.49,-0.97,-1.36,-0.94,0.11,0.55,0.28,0.3,0.48
S000003364,0.86,1.53,1.71,1.45,1.14,1.18,1.11,1.27,0.14
S000003367,0.14,0.66,1.12,0.95,1.19,0.45,0.39,0.34,0.56
S000003375,0.51,0.69,0.36,0.53,0.57,0.32,0.45,1.08,0.01
S000003377,-0.09,-0.69,-1.06,-0.89,-0.62,-0.3,-0.97,-2.18,-0.86
S000003391,0.03,-0.3,-0.36,-0.44,-0.32,1.21,-0.75,-0.64,-0.53
S000003405,-0.22,-1.06,-1.15,-0.76,-1.0,-0.92,-1.51,-1.69,-0.94
S000003408,-0.58,-1.15,-0.47,-0.92,-0.62,-1.6,-0.76,-1.09,-0.32
S000003418,-0.54,-0.38,0.12,-0.2,-0.43,-0.42,-0.32,-1.09,-0.62
S000003419,-0.23,-1.15,-0.94,-0.79,-0.92,-0.79,-1.09,-1.4,-0.97
S000003424,-0.34,-1.03,-0.64,-0.62,-0.79,-1.12,-0.64,-0.97,-0.01
S000003432,-0.67,-1.22,-0.94,-1.0,-0.71,-0.94,-0.97,-1.47,-0.86
S000003439,0.55,0.78,0.77,1.06,0.94,1.27,1.5,1.6,1.22
S000003441,1.08,2.5,2.96,3.37,3.16,2.78,3.13,2.25,2.68
S000003443,0.32,1.08,0.78,0.95,0.61,0.68,0.62,-0.04,0.2
S000003451,0.54,0.92,1.0,1.12,0.67,0.86,1.03,1.01,0.37
S000003452,0.83,1.03,1.23,1.07,0.83,1.12,0.96,1.42,0.9
S000003457,-0.71,-0.03,-0.49,0.14,-0.14,0.29,-0.2,-0.64,-1.47
S000003458,-0.6,-0.45,-0.4,0.01,-0.42,-1.09,-0.1,-0.62,-0.27
S000003466,0.54,0.96,1.22,1.01,1.06,0.9,0.56,0.32,0.52
S000003473,-0.17,-0.58,-0.47,-0.12,-0.45,-0.69,-0.4,0.3,-1.32
S000003477,-0.45,-0.97,-1.51,-1.51,-1.09,-0.79,-1.22,-1.89,-1.0
S000003479,-1.56,-0.29,-0.62,-0.6,-0.64,-0.6,-1.69,-0.71,-0.06
S000003480,0.28,1.06,0.74,1.66,0.08,0.58,0.15,0.73,0.38
S000003486,0.44,1.48,-0.3,-0.31,-0.5,-0.8,-0.6,-0.09,0.07
S000003487,-0.06,0.07,0.25,0.43,0.32,-0.1,-0.07,1.26,-0.04
S000003501,-0.3,-0.38,-0.74,-0.6,-0.45,-1.43,-0.49,-0.23,-0.47
S000003504,0.26,-0.69,-0.34,-0.64,-0.29,-0.23,-0.47,-1.09,-0.01
S000003507,0.29,-0.79,-0.67,-0.04,-0.43,-0.54,-0.86,-1.18,-1.03
S000003510,-0.36,-0.92,-1.03,-1.09,-0.74,-0.58,-0.32,-1.09,-0.12
S000003511,-0.42,-1.29,-0.92,-0.69,-0.62,-0.49,-0.42,-0.4,-0.89
S000003512,-0.12,-1.4,-1.4,-1.15,-0.89,-0.86,-1.0,-2.74,-0.6
S000003517,-0.17,-0.67,-0.79,-1.09,-0.74,-0.34,-0.3,-1.15,-0.43
S000003521,-0.1,-0.15,0.07,-0.03,-0.09,1.28,1.15,0.4,-0.04
S000003526,-0.22,-0.81,-0.14,-0.36,-0.27,-0.6,-0.23,-1.18,0.23
S000003527,0.2,0.26,0.51,0.59,0.32,0.54,0.86,0.84,1.14
S000001002,0.07,1.14,0.41,0.77,0.32,0.26,0.43,0.85,0.08
S000001010,-0.29,-0.04,-0.12,-0.32,0.06,-0.38,0.03,-0.18,-1.74
S000001013,0.7,1.42,1.44,0.75,0.39,0.45,0.99,1.47,0.48
S000001018,0.26,-0.4,-0.62,0.06,0.26,-0.79,-0.49,-1.09,-0.76
S000001023,-1.25,-0.62,-1.22,-1.03,-0.86,-3.18,-1.15,-0.47,-0.84
S000001024,-0.3,-0.58,-0.86,-0.3,0.44,-2.06,-0.43,-0.06,-0.94
S000001028,0.26,1.02,0.78,0.59,0.49,0.76,1.36,1.38,0.3
S000001029,-1.12,0.15,-0.49,-0.92,-0.56,-0.64,-0.58,-0.14,-0.97
S000001031,0.31,-0.2,-0.12,-0.29,-1.61,-0.15,-1.55,-0.94,-0.05
S000001032,0.11,1.56,1.3,1.71,1.59,1.09,0.09,0.38,0.23
S000001036,0.46,0.6,0.93,0.89,0.96,1.06,0.9,1.15,1.07
S000001039,0.51,0.7,0.66,1.34,1.26,0.5,0.29,0.2,-0.3
S000001040,0.59,0.62,0.77,0.76,0.77,0.74,0.9,1.08,1.53
S000003529,0.48,0.64,0.6,0.49,0.5,0.62,0.65,1.15,0.8
S000001050,0.14,0.22,1.38,1.21,0.9,0.84,1.24,1.77,0.96
S000001056,0.25,-0.07,1.58,1.58,0.03,0.21,0.17,0.09,0.65
S000001060,2.03,2.14,1.97,1.91,1.89,1.46,0.9,0.57,0.45
S000001061,-0.17,-0.45,-1.29,-0.25,-0.22,-0.84,-0.86,-0.36,-0.58
S000001067,-0.94,-1.4,-0.94,-0.84,-0.92,-1.09,-1.15,-0.38,-1.12
S000001071,0.87,1.34,2.06,2.36,1.97,2.06,1.33,1.01,0.41
S000001072,0.41,-0.27,0.04,0.3,-0.12,-0.72,-0.21,-1.24,-0.09
S000001075,-0.88,-0.48,-0.47,-0.47,-0.56,-3.6,-0.18,-0.2,-0.28
S000001084,-0.89,-1.18,-1.43,-1.64,-1.4,-1.64,-1.69,-1.06,-1.18
S000001087,-0.25,-0.4,-0.23,-0.03,0.16,-1.16,0.15,0.11,-0.09
S000001093,0.46,0.82,0.77,0.48,0.45,0.76,0.77,0.96,1.21
S000001115,0.5,1.12,0.64,0.49,0.58,0.43,0.54,0.83,0.06
S000001128,1.18,0.15,-0.06,-0.14,-0.17,0.14,0.16,-0.38,0.3
S000001129,-0.27,0.08,0.39,-0.56,-0.43,-1.25,-0.47,-0.14,-0.43
S000001130,0.58,-0.36,-0.6,-0.23,0.0,0.03,-0.58,-1.09,-0.2
S000001131,-0.94,-1.25,-1.47,-1.47,-1.03,-1.0,-1.06,-1.94,-0.67
S000001157,-0.86,-0.56,-0.56,-0.56,-0.64,-0.81,-1.12,-0.54,-0.64
S000001169,-0.03,-0.94,-0.42,-0.43,-0.58,-0.12,-0.27,-1.12,-0.32
S000001178,0.58,1.03,1.22,1.19,1.15,0.03,-0.22,-0.23,0.1
S000001179,-0.23,-0.89,-1.03,-0.67,-0.76,-1.51,-1.12,-0.81,-0.79
S000001181,-0.27,-0.86,-0.47,-0.38,-0.92,-1.51,-0.6,-1.22,-1.22
S000001187,0.4,0.36,0.3,0.14,1.57,0.41,0.25,0.04,-0.13
S000001199,0.24,0.47,0.54,0.32,0.29,0.3,0.35,0.48,-1.22
S000001202,-0.14,0.08,-0.18,0.11,0.07,-2.31,1.89,0.19,0.37
S000001204,-0.09,0.48,-0.82,1.49,-1.06,0.3,0.16,0.45,0.14
S000001205,0.9,0.5,0.41,0.6,0.67,0.66,0.66,0.54,1.84
S000001212,-0.49,-0.79,-0.74,-0.93,-0.68,-1.07,-1.24,-1.77,-0.81
S000001213,0.13,-0.56,-0.67,-0.51,-0.4,-0.55,-0.61,-1.31,-1.01
S000001215,-0.11,-0.46,-0.44,-0.47,-0.33,-1.2,-0.33,-0.57,-0.39
S000001220,0.28,-0.64,0.55,0.48,0.21,0.14,1.56,-0.13,0.15
S000001222,1.48,1.22,1.5,1.84,1.32,-0.24,0.44,0.46,0.23
S000001224,0.68,0.6,0.65,1.36,0.86,0.26,0.21,-2.07,0.45
S000001225,-0.74,-0.15,-0.28,-0.34,-0.26,-0.09,-1.61,-0.79,-0.38
S000001226,0.5,1.53,0.54,1.28,0.73,0.66,0.9,0.3,0.93
S000001228,0.25,0.5,-0.08,0.86,0.66,0.02,-0.06,1.56,-0.01
S000001236,-0.71,-1.27,-1.0,-0.93,-0.94,-0.74,-1.0,-1.17,-0.74
S000001238,0.15,-0.8,-0.58,-0.46,-0.5,-1.27,-0.55,-0.64,-0.46
S000001240,0.11,-0.86,-0.84,-0.71,-0.58,-0.79,-0.88,-1.46,-0.76
S000001243,-1.16,-0.74,-0.57,-0.45,-0.97,-0.97,-1.06,-1.17,-1.04
S000001244,-0.12,-0.44,-0.11,-0.3,-0.31,-0.32,-0.36,-1.58,-0.3
S000001246,1.17,0.2,-0.08,0.33,0.12,0.02,0.13,-0.32,-0.31
S000003534,0.24,0.82,0.51,-0.01,0.41,0.25,0.61,1.33,0.32
S000001258,0.7,0.01,0.25,0.57,1.11,0.06,-0.4,-0.56,-0.37
S000001264,-0.18,-0.18,-0.7,-0.23,0.08,-0.18,1.6,-0.32,-0.46
S000001272,0.26,0.37,1.14,0.97,0.95,0.44,0.57,0.01,0.63
S000001313,-0.69,-0.83,-0.81,-0.73,-0.83,-1.09,-0.89,-1.12,-0.93
S000001315,0.44,-0.77,-1.28,-0.81,-0.76,-1.26,-1.4,-1.4,-1.19
S000001317,-0.33,-0.36,-0.51,-0.24,-0.42,-1.19,-0.34,-0.8,-0.83
S000001320,0.31,0.7,-1.42,0.53,-0.35,0.08,0.2,0.55,0.19
S000001324,-1.35,0.44,-0.18,-0.84,-0.18,-0.29,-1.37,0.23,-0.3
S000001326,0.0,0.06,-1.7,-0.27,-0.32,0.66,-0.47,-0.23,-0.2
S000001375,-0.41,-0.13,0.06,0.11,-0.07,-1.08,-0.29,-0.78,0.23
S000001378,0.85,1.36,1.4,1.26,1.34,1.67,1.63,1.83,0.48
S000001379,1.06,1.31,1.57,1.41,1.07,0.58,0.64,0.5,0.96
S000001383,0.21,0.32,0.26,0.49,0.31,0.48,0.91,1.14,1.1
S000001386,0.55,1.08,1.34,0.87,0.84,1.01,1.13,1.27,1.17
S000001413,-1.13,-0.01,0.04,-0.07,-0.33,-0.35,-0.55,-0.19,-0.2
S000001415,-0.32,-0.07,-0.97,-0.45,-2.2,-0.31,-0.69,-0.38,-0.04
S000001421,0.11,-0.18,0.04,0.42,0.08,-1.1,-0.14,0.1,0.12
S000001423,-0.59,-0.09,0.1,0.01,0.16,1.09,0.18,-0.07,0.44
S000001451,-0.17,-0.88,-0.58,-0.52,-0.37,-0.63,-0.82,-1.11,-0.53
S000001471,-0.76,-0.27,-0.23,-0.45,-0.03,-1.41,-0.34,-0.83,0.06
S000001472,0.3,0.6,0.55,0.7,0.32,0.81,0.96,1.25,0.29
S000001476,0.54,0.76,1.27,1.15,1.19,1.09,0.88,1.08,1.1
S000001477,0.96,0.92,1.46,1.45,1.46,1.21,1.08,1.3,0.79
S000001478,0.59,0.9,1.2,1.21,1.07,0.99,0.94,1.21,0.58
S000001482,0.44,0.58,0.87,0.74,0.86,0.92,0.87,1.16,1.26
S000001483,0.43,0.79,0.79,0.67,0.63,0.8,0.99,1.25,1.1
S000003538,0.54,0.87,1.11,1.01,0.83,0.73,0.47,0.36,0.13
S000003560,-0.06,0.0,0.24,0.18,0.21,0.26,-2.24,0.31,-0.04
S000003563,0.0,0.41,0.58,-0.74,0.28,0.36,1.38,-0.75,0.31
S000003569,1.05,-0.48,0.75,0.44,-0.35,0.3,1.52,0.42,0.41
S000003571,0.3,0.33,-2.31,-0.01,-0.34,0.12,0.39,0.51,0.1
S000003599,-0.59,-1.02,-0.5,-0.41,-0.37,-0.54,-0.59,-1.22,-0.29
S000003601,-0.57,-1.02,-0.58,-0.68,-0.54,-0.92,-0.74,-1.44,-0.36
S000003605,-0.32,-1.14,-0.6,-0.88,-0.46,-0.7,-0.84,-1.84,-0.42
S000003613,2.03,-0.27,-0.07,-0.05,0.03,-0.21,0.0,-0.6,-0.06
S000003617,1.92,-0.21,-0.35,0.18,-0.01,-0.04,-0.01,-0.74,-0.04
S000003624,1.06,0.77,0.58,0.96,1.4,1.2,0.6,0.36,0.1
S000003640,0.77,0.5,0.49,1.17,0.53,0.5,0.49,0.46,0.14
S000003651,-0.79,-0.69,-1.12,-1.12,-0.58,-0.64,-0.71,-1.03,-0.54
S000003655,-0.32,-0.45,-0.62,-0.69,-0.09,-1.43,-0.17,-0.42,-0.22
S000003657,-0.6,-0.56,-0.6,-0.86,-0.42,-1.09,-0.51,-0.89,-0.47
S000003658,-0.2,-1.06,-1.22,-1.06,-0.47,-0.56,-0.89,-1.6,-0.89
S000003662,-1.0,-0.29,-0.62,-0.67,-0.42,-0.15,-0.27,-0.09,-1.09
S000003670,-0.45,-0.67,-0.71,-0.81,-0.74,-1.09,-0.62,-0.54,-0.74
S000003688,-1.09,-1.12,-1.32,-0.69,-0.79,-1.15,-1.06,-1.25,-0.45
S000003689,-0.1,-0.62,-0.69,-0.6,-0.25,-1.09,-0.34,-0.84,-0.81
S000003694,-0.76,-1.09,-0.77,-0.93,-0.82,0.04,-0.92,-0.69,0.08
S000003695,-0.47,-1.15,-0.36,-0.54,-0.36,-0.94,-0.4,-0.54,-0.32
S000003697,-0.17,0.51,1.29,1.24,0.84,0.83,1.27,0.81,0.64
S000003706,0.42,0.81,1.63,0.97,0.58,0.59,0.63,0.34,0.23
S000003714,-0.64,-1.09,-0.81,-0.47,-1.06,-1.09,-0.94,-0.94,-0.45
S000003732,0.52,0.24,0.19,0.52,0.59,0.91,1.27,1.3,1.36
S000003747,-0.34,1.44,-0.07,-0.6,-0.38,-1.51,-1.32,-0.17,0.08
S000003756,-0.09,-0.17,0.07,-0.72,-0.26,-1.25,-0.39,-0.78,-0.23
S000003761,0.83,0.51,0.55,0.51,0.56,0.59,0.5,1.1,0.73
S000003768,0.06,0.83,1.21,1.04,0.68,0.71,0.74,0.73,0.58
S000003778,-1.4,-1.36,-1.51,-0.89,-1.29,-1.56,-1.18,-1.69,-0.79
S000003779,-0.56,-1.22,-1.03,-1.0,-0.38,-0.92,-0.94,-1.18,-0.2
S000003780,-0.69,-1.32,-0.18,-0.56,-1.18,-0.94,-2.06,-0.34,-0.25
S000003782,-0.81,-0.81,-1.15,-1.74,-0.74,0.03,-0.71,-0.36,-0.34
S000003786,0.31,1.03,1.63,1.96,2.05,1.91,1.42,1.06,1.14
S000003795,0.52,-0.18,0.53,1.1,0.58,0.42,0.61,-0.3,-0.03
S000003812,0.4,0.57,1.1,0.64,0.38,0.99,0.83,0.83,0.57
S000003851,0.43,1.21,0.55,0.4,-0.03,0.1,0.49,0.85,0.1
S000003857,0.32,0.99,1.56,1.8,0.95,0.57,0.79,0.91,0.63
S000003864,0.01,-0.69,-0.36,-0.27,-0.71,-0.01,-0.23,-1.15,-0.38
S000003869,-0.07,0.32,0.16,0.99,0.33,1.09,0.42,-0.03,0.32
S000003870,2.03,2.28,1.92,1.72,1.61,1.51,0.78,0.84,0.31
S000003877,-0.89,-1.29,-1.22,-0.92,-0.69,-1.18,-1.09,-0.18,-0.18
S000003883,0.03,1.38,-0.27,1.86,1.46,1.28,0.73,0.71,0.39
S000003889,-0.86,-1.06,-0.69,-1.32,-0.45,0.0,-0.54,-0.89,-0.47
S000003890,-0.69,-0.94,-0.6,-0.97,-0.25,-1.43,-0.89,-1.51,-0.69
S000003891,0.32,0.8,1.16,1.05,0.85,1.01,0.68,0.74,0.66
S000003907,-0.47,-0.2,-0.67,-1.4,-0.43,-2.25,-0.36,-0.2,-0.29
S000003916,0.38,0.46,0.72,1.24,0.8,0.93,0.43,0.4,0.62
S000003917,0.48,0.44,0.44,0.43,0.37,1.11,0.5,0.31,0.33
S000003922,0.7,0.75,0.88,0.78,0.94,1.03,1.11,1.37,1.5
S000001485,1.21,0.83,0.4,1.18,0.97,0.49,0.43,0.42,-0.18
S000001486,0.61,0.53,0.91,1.17,1.11,0.9,0.77,0.75,0.94
S000001490,0.49,0.94,1.15,0.86,0.75,0.68,0.94,0.98,0.73
S000001496,0.42,0.7,1.13,0.87,0.77,0.58,0.56,0.67,0.89
S000001502,-1.25,-0.64,-1.09,-1.12,-0.74,-1.15,-0.97,-1.12,-0.94
S000001509,-0.22,0.63,1.2,0.73,0.62,0.37,0.52,0.26,0.73
S000001512,-0.6,-1.25,-1.4,-1.43,-0.81,-1.03,0.04,0.28,-0.45
S000001513,-0.36,-1.25,-1.47,-1.43,-0.67,-0.67,-0.04,-0.4,-0.18
S000001514,-0.06,-0.43,-0.97,-0.6,-0.74,-2.47,-0.97,-1.09,-0.6
S000001518,0.12,0.61,0.7,0.7,0.2,0.49,0.8,1.12,0.42
S000001523,0.7,0.99,0.94,0.95,1.14,1.09,0.92,0.58,0.6
S000001534,-1.43,0.44,0.75,0.81,0.51,0.89,0.74,0.59,-0.23
S000001535,-0.42,-1.12,-0.74,-0.56,-0.45,-0.76,-0.74,-1.25,0.06
S000001536,-1.43,-0.71,-0.74,-0.45,-0.71,-0.76,-0.69,-0.62,-0.51
S000001545,-0.12,0.1,0.79,0.67,0.46,0.55,1.05,1.2,1.16
S000001548,0.53,0.42,1.2,1.16,0.64,0.45,0.72,0.69,0.74
S000001550,0.95,0.5,1.27,1.11,0.52,0.69,0.81,0.77,0.68
S000001552,0.43,-0.14,0.45,0.29,0.21,0.65,0.7,0.41,1.08
S000001554,0.26,1.57,3.18,3.03,2.57,1.68,1.62,0.95,0.82
S000001574,0.52,1.56,1.59,1.46,1.04,0.96,1.42,1.45,0.7
S000001579,0.14,1.31,0.26,-0.22,-0.18,-0.6,-0.47,0.23,0.42
S000001586,0.04,2.3,2.3,2.55,1.37,1.2,1.64,1.79,1.52
S000001604,0.04,0.51,0.76,0.56,0.31,0.32,0.8,1.14,0.49
S000001608,0.48,0.24,0.14,0.18,-0.09,0.48,0.2,-0.06,1.26
S000001621,0.38,0.46,1.02,1.09,0.64,0.86,0.98,1.27,0.88
S000001624,0.37,0.3,0.49,0.34,0.41,0.66,0.69,0.83,1.16
S000001625,0.26,1.19,1.54,1.33,0.86,0.32,0.44,0.9,0.61
S000001626,0.34,-0.76,-1.22,-1.0,-0.47,-0.54,-0.92,-2.12,-0.67
S000001633,0.42,1.14,1.32,1.34,0.88,1.2,1.03,1.86,0.85
S000001647,-0.36,-0.94,-0.64,-0.76,-0.97,-1.15,-0.97,-0.15,-0.69
S000001655,-0.2,-1.18,-0.84,-0.74,-0.36,-0.27,-0.42,-1.06,-0.45
S000001666,-0.38,-0.45,-0.92,-1.47,-0.69,-1.36,-0.45,-0.74,-0.86
S000001673,0.51,0.79,1.09,0.61,0.89,1.01,0.77,0.82,1.1
S000001674,-1.84,-0.49,-0.74,-0.17,-0.12,-0.76,-1.06,-1.09,-0.64
S000001675,0.55,0.82,1.27,0.9,0.87,0.71,0.54,0.98,0.89
S000001682,-0.58,-0.37,0.19,0.24,0.12,0.62,1.14,0.26,0.18
S000001690,-0.6,-0.4,-0.56,-0.47,-0.4,-1.4,-0.6,-0.29,-0.25
S000001691,0.12,0.61,0.66,0.44,0.21,1.08,0.57,0.63,0.23
S000001719,0.15,0.96,1.4,1.23,0.82,0.6,0.73,0.93,0.88
S000001720,-0.29,-0.58,-0.74,-1.09,-0.34,-0.94,-0.74,-0.06,-0.22
S000001721,-1.06,-1.32,-1.22,-0.97,-0.38,-0.36,-0.84,-0.62,-0.25
S000001727,-0.56,-0.92,-0.94,-0.62,-0.64,-1.43,-1.0,-1.43,-0.54
S000001732,-0.14,-0.62,-0.6,-1.03,-0.23,-0.4,-0.86,-1.12,-0.38
S000001733,-0.51,-1.18,-1.12,-1.0,-1.15,-1.03,-1.32,-1.15,-0.92
S000001734,0.36,-0.76,-0.81,-0.17,-0.43,-0.71,-0.47,-1.18,-0.6
S000001740,0.1,-1.12,-0.54,-1.12,-0.43,-1.32,-0.27,-0.12,-0.64
S000001747,-0.42,-1.25,-1.29,-0.32,-0.15,0.68,-0.3,-0.36,-0.17
S000001751,-0.7,-1.27,-1.61,-1.08,-1.14,-1.3,-0.92,-1.52,-1.02
S000001755,-1.32,-1.56,-1.84,-1.47,-1.69,-1.12,-1.06,-1.84,-1.03
S000001760,-1.6,1.43,0.48,1.29,0.77,0.14,0.72,0.5,-0.09
S000001761,1.48,1.66,1.29,1.57,1.58,1.4,1.19,0.69,0.8
S000001766,0.1,0.42,-0.36,0.06,0.29,-0.25,1.08,1.06,0.57
S000001769,1.0,1.49,1.75,1.82,1.45,1.47,1.32,1.21,0.77
S000001775,-0.07,1.27,1.48,1.22,0.79,0.52,0.7,0.99,0.58
S000001779,1.01,1.58,1.72,1.44,1.18,1.21,1.03,0.75,0.96
S000001784,0.78,2.94,4.24,5.24,5.0,4.03,3.9,3.72,1.35
S000001785,-0.22,-0.2,-0.29,-0.06,0.49,0.66,0.58,0.82,1.14
S000001788,0.55,0.23,-0.07,-0.18,0.46,1.23,2.28,2.7,1.61
S000001800,-0.09,-0.89,-1.06,-1.18,-0.71,-1.18,-1.12,-1.15,-0.81
S000003924,0.41,0.87,1.14,1.01,0.15,0.86,0.74,1.32,0.69
S000003931,-0.15,-1.06,-1.06,-1.32,-0.69,-0.81,-1.03,-1.74,-0.81
S000003932,0.44,0.57,0.51,1.12,0.6,0.58,0.81,1.08,1.08
S000003945,-0.56,-1.36,-0.89,-1.36,-0.51,-0.69,-0.67,-2.06,-0.56
S000003947,-0.32,-0.92,-0.62,-0.43,-1.12,-1.79,-1.09,-1.36,-1.06
S000003949,0.5,1.64,1.48,1.44,0.11,0.15,1.2,1.26,0.73
S000003950,-0.32,-1.12,-0.81,-1.25,-0.71,-0.12,0.1,-1.12,-0.45
S000003952,-0.62,-0.74,-0.71,-0.71,-1.43,-0.56,-0.92,-0.74,-1.4
S000003960,0.15,-0.76,-1.25,-0.45,-0.97,-1.47,-0.84,-1.56,-0.84
S000003962,0.73,1.26,1.31,1.24,0.78,0.65,0.61,0.71,0.39
S000003964,0.87,1.12,0.8,0.8,0.83,1.64,1.51,1.74,1.17
S000003973,0.56,0.51,0.77,0.71,0.75,0.77,0.88,0.76,1.12
S000003974,1.06,1.12,0.74,1.14,0.78,0.7,0.63,0.66,0.58
S000003978,0.34,1.1,1.42,0.86,0.16,0.31,0.08,0.15,0.37
S000003985,1.12,0.45,0.16,0.2,0.1,0.15,0.41,0.77,0.31
S000004007,1.18,0.06,-0.6,0.49,0.19,0.01,-0.15,-0.51,-0.74
S000004008,-0.32,-0.79,-0.97,-0.86,-0.76,-1.69,-0.92,-1.94,-0.76
S000004015,0.01,-0.42,-0.18,0.2,-0.29,-0.38,-0.27,-1.15,-0.1
S000004017,-0.34,-0.38,-0.18,-0.03,-0.23,-0.67,-0.71,-1.79,-0.54
S000004019,1.3,-0.23,-0.58,0.68,0.16,-0.54,-0.45,-0.62,-0.67
S000004035,-0.89,-1.32,-1.32,-1.32,-1.12,-1.32,-0.84,-1.94,-0.58
S000004041,-0.15,-0.89,-0.67,-0.54,-0.34,-0.32,-0.51,-1.15,0.0
S000004045,-0.89,-0.69,-0.79,-0.54,-0.42,-0.89,-0.4,-1.32,-0.49
S000004046,0.58,-1.25,-1.4,-0.84,-0.81,-0.42,-0.49,-1.0,-0.64
S000004048,0.99,-0.2,-0.4,-0.01,-0.1,1.07,2.4,2.42,1.3
S000004059,0.5,1.17,1.4,1.06,0.51,1.01,1.23,1.25,0.58
S000004060,-0.2,-0.03,-0.67,-0.06,0.01,-1.84,-0.2,-0.36,0.21
S000004064,-0.22,-0.69,-1.12,-0.51,-1.0,-0.71,-0.92,-0.74,-0.92
S000004065,-0.17,-0.86,-1.0,-0.56,-1.03,-1.0,-1.0,-1.12,-0.79
S000004066,-0.64,-1.06,-1.32,-0.74,-0.97,-1.22,-1.15,-1.43,-1.29
S000004070,0.26,0.77,1.1,1.06,0.73,0.71,0.99,1.52,0.79
S000004071,0.5,0.29,-0.14,-0.07,0.4,0.41,0.31,1.11,1.04
S000004079,0.7,0.92,0.43,0.65,0.61,0.98,1.17,1.45,0.59
S000004098,2.7,3.95,3.97,2.89,3.17,3.29,2.9,2.55,2.55
S000004099,0.95,2.14,2.71,2.65,2.73,1.48,2.16,1.79,2.22
S000004100,-0.89,-0.79,-0.74,-0.79,-0.69,-1.25,-0.64,-1.25,-0.51
S000004104,-0.1,-0.01,-0.23,-2.48,-0.43,-0.24,-0.07,-1.36,-0.54
S000004118,0.04,0.48,1.18,0.48,0.72,0.79,0.7,0.69,0.36
S000004126,0.82,0.56,0.84,2.24,1.9,0.53,-0.04,-0.27,0.07
S000004127,-0.62,-1.09,-0.14,-0.34,-0.32,-0.49,-0.56,-1.12,-0.71
S000004132,-0.27,0.11,0.9,1.07,1.38,-0.07,-0.03,0.11,0.14
S000004139,0.42,1.15,2.03,1.53,1.25,0.91,1.38,1.58,1.06
S000004142,0.82,1.01,1.82,2.26,2.34,1.98,1.84,1.42,1.31
S000004145,-0.25,-0.56,-0.32,-0.06,-0.36,-0.81,-0.32,-1.09,0.07
S000004147,-0.34,-0.47,-0.25,-0.17,-0.32,-0.84,-0.43,-1.22,0.34
S000004152,-0.84,-0.81,-1.4,-1.15,-1.06,-0.94,-0.94,-0.71,-0.81
S000004157,1.14,0.86,0.5,0.55,0.29,0.46,0.31,0.59,0.37
S000004162,-0.15,-0.51,-1.03,-0.79,-0.69,-0.49,-0.76,-1.18,-1.09
S000004184,-0.42,-0.51,-0.76,-0.71,-0.84,-1.32,-1.12,-0.86,-1.51
S000004193,-0.49,0.45,0.55,0.39,0.43,-0.06,0.3,1.14,0.33
S000004203,-0.89,-0.04,-0.6,-0.86,-0.74,-0.27,-1.29,-1.43,-1.43
S000004204,0.29,1.76,2.27,1.79,1.45,1.26,0.62,0.11,0.19
S000004209,-0.4,-0.45,-0.29,-0.51,-0.42,-0.76,-0.17,-1.09,-0.56
S000004224,-0.58,-0.38,-0.89,-0.97,-0.79,0.26,-1.29,-1.15,-1.89
S000004225,-0.85,-1.08,-0.5,-0.74,-0.43,-0.72,-0.58,-0.78,-0.58
S000004226,-0.38,-0.42,-0.22,-0.47,-0.58,-0.74,-0.4,-1.12,-0.34
S000004239,-0.14,-1.06,-1.22,-0.81,-0.79,-0.79,-0.74,-1.51,-0.86
S000004240,0.44,0.76,1.4,0.96,0.89,0.93,0.9,1.03,1.01
S000004245,-0.17,-0.62,0.0,-1.25,-0.25,-0.76,-0.54,-0.76,0.1
S000004248,0.48,1.52,1.91,1.71,0.92,0.77,1.71,2.36,1.07
S000004257,0.18,0.77,1.01,1.6,1.34,0.71,0.71,1.02,0.61
S000004260,0.45,1.46,1.73,1.74,1.29,1.11,1.22,1.6,1.24
S000004288,1.12,1.56,1.56,1.34,1.08,0.85,0.98,0.95,0.07
S000004294,0.43,0.73,1.29,1.16,0.91,0.7,0.73,1.18,0.28
S000004295,0.1,0.62,0.7,0.34,0.37,1.14,0.93,1.49,0.15
S000004301,0.07,-0.01,0.32,-0.54,-0.34,-0.29,-0.23,0.62,-1.16
S000004303,-0.62,0.66,1.01,0.82,1.06,1.04,0.77,1.45,2.48
S000004308,-0.97,-0.6,-0.81,-1.36,-0.94,-0.06,-1.09,-0.69,-2.0
S000004316,0.0,-0.4,-0.43,-0.06,-0.47,-1.03,-0.71,-0.79,-1.36
S000004317,-0.1,-0.67,-0.97,-0.92,-0.76,-0.49,-0.86,-1.64,-0.34
S000004330,-0.89,-0.76,-0.51,-0.74,-0.79,-1.84,-0.54,-0.32,-1.06
S000004332,-0.49,-1.43,-1.18,-1.12,-1.12,-1.18,-0.94,-1.18,-0.64
S000004335,-0.12,-0.62,-0.67,-0.36,-0.58,-2.12,-0.58,-1.0,-0.79
S000004337,0.15,0.96,1.14,1.09,0.62,0.54,1.01,0.86,0.75
S000004338,0.36,0.28,1.21,1.16,0.69,0.71,0.59,0.12,0.85
S000004341,-0.18,-0.43,-0.34,-0.69,-0.36,-0.58,-0.76,-1.15,-0.25
S000004342,-0.17,-0.94,-0.64,-0.47,-1.09,-1.56,-0.67,-1.09,-0.49
S000004343,-0.76,-0.74,-0.42,-0.62,-0.38,-0.69,-0.62,-1.6,-0.43
S000004346,0.86,0.71,1.16,1.38,1.44,1.58,1.52,1.44,1.29
S000004347,-0.04,-0.6,-0.64,-0.67,-0.49,-0.94,-0.64,-1.18,-0.64
S000004350,-0.29,-0.4,-0.76,-0.74,-0.69,-0.34,-0.25,-1.12,-0.58
S000004351,0.91,0.71,0.45,0.26,0.58,1.54,2.56,3.3,2.36
S000004362,0.58,0.9,1.12,0.8,0.56,0.83,0.92,1.18,1.05
S000004377,0.53,-0.18,-0.38,-0.38,-0.09,-0.67,-2.12,-0.1,0.07
S000004392,-0.71,-0.67,-1.12,-0.89,-0.79,-0.92,-1.09,-1.18,-0.94
S000004405,-0.06,-1.6,-1.89,-1.69,-0.45,0.2,0.03,-0.01,0.03
S000004407,-0.49,-1.18,-0.92,-0.18,-0.4,-0.04,-0.76,-0.51,0.08
S000004411,-0.14,1.38,0.15,-0.07,-0.19,0.0,-0.19,-0.67,0.05
S000004421,-0.71,-0.97,-0.74,-0.86,-0.4,-1.47,-0.4,-0.51,-0.06
S000004425,-0.36,-0.47,-0.34,-0.43,-0.43,-1.29,-0.3,-1.0,-0.17
S000004427,0.19,-0.64,-0.25,-0.43,-0.15,-0.18,-0.54,-1.25,-0.38
S000004438,0.18,-0.62,-0.01,-0.23,-1.3,-0.2,-0.18,-0.56,-0.14
S000004441,-0.09,-0.49,-0.64,-0.74,-0.45,-0.71,-0.76,-2.32,-1.06
S000004452,0.86,2.08,1.51,2.24,2.03,1.42,0.99,0.28,0.98
S000004463,0.63,1.31,1.59,1.21,1.13,1.15,1.06,1.29,0.96
S000004466,0.29,1.21,1.32,0.68,0.6,0.54,0.59,0.18,0.38
S000004469,-0.56,-0.4,-0.71,-0.92,-1.12,-0.76,-0.36,-0.32,-0.84
S000004476,-0.84,-0.62,-0.79,-0.07,-1.15,-1.43,-1.03,-1.47,-1.12
S000004489,-1.12,-1.03,-0.62,-0.89,-0.18,-0.38,-0.86,-0.58,-0.34
S000004490,0.65,1.12,1.21,1.58,1.53,1.19,1.15,0.78,1.45
S000004494,-0.2,0.08,-0.97,-0.49,-0.01,-0.17,-1.74,-0.74,-0.43
S000004504,0.06,0.45,0.04,-0.2,0.08,0.06,0.31,1.14,0.0
S000004508,0.23,0.49,0.24,-0.07,0.11,-0.03,0.29,1.18,-0.1
S000004510,-0.54,-0.07,-0.27,-0.43,-0.23,-1.84,-0.14,0.1,-0.94
S000004516,-0.41,-0.95,-0.91,-1.14,-0.98,-1.74,-0.81,-1.02,-0.29
S000004525,0.25,-1.09,-0.76,-0.81,-0.38,-0.42,-0.34,-1.43,-0.12
S000004527,-0.27,-0.84,-0.42,-0.6,-0.6,-0.49,-0.71,-1.18,-0.62
S000004529,0.18,-0.49,-0.04,-0.01,-0.09,-0.3,-0.32,-1.12,-0.4
S000004534,1.1,0.07,-0.07,0.72,0.59,0.39,0.51,0.48,-0.04
S000004540,-0.47,-1.47,-0.29,-2.09,-0.84,-0.92,-0.45,-0.07,-0.41
S000004545,0.4,-0.79,-0.22,-0.22,0.07,-0.15,-0.18,-1.18,-0.38
S000004547,-0.18,-0.64,-0.43,-0.38,-0.27,-0.62,-0.84,-1.29,-0.54
S000004548,-0.51,-0.81,-0.71,-1.03,-2.74,-0.17,0.0,-0.6,-0.69
S000004553,-0.47,-0.56,-0.18,-0.23,-0.22,-1.32,-0.89,-1.22,-0.04
S000004554,0.23,-0.04,-1.06,-0.54,-1.74,-1.4,-0.34,-0.94,-2.4
S000004555,0.08,0.82,0.9,0.51,0.4,0.67,1.63,1.16,1.06
S000004556,0.37,0.96,1.2,0.18,0.39,0.68,1.51,0.9,0.92
S000004557,0.83,0.06,0.52,1.16,0.59,-0.14,0.16,-0.43,0.24
S000004558,-0.04,-0.94,-1.15,-0.81,-0.81,-0.62,-0.89,-1.79,-1.18
S000004566,0.43,2.58,2.36,1.99,1.23,1.49,1.97,3.1,1.77
S000004568,-0.86,-0.54,-0.71,-0.74,-0.86,-0.36,-0.49,-1.29,-0.07
S000004570,-0.58,-0.17,-0.62,-0.67,-0.67,-1.4,-0.1,-0.97,-0.38
S000004578,0.34,0.7,1.11,1.09,1.02,0.93,1.0,1.25,1.2
S000004583,1.11,0.53,0.46,0.7,0.66,0.99,0.72,1.01,0.16
S000004584,2.19,3.15,3.12,3.11,2.97,3.07,2.87,2.94,1.78
S000004587,-1.94,0.62,-0.32,0.04,0.38,0.16,0.3,0.74,-0.76
S000004592,1.12,0.43,0.69,1.15,1.12,0.15,0.06,0.2,0.33
S000004597,-0.25,0.7,1.21,1.03,0.57,0.42,0.61,1.41,1.21
S000004600,1.01,3.21,3.74,3.84,3.44,3.38,3.46,3.08,2.62
S000004601,0.5,0.67,0.75,0.65,0.74,0.58,0.84,1.12,1.33
S000004608,0.39,-1.29,-1.15,-1.64,-0.97,-0.15,0.14,0.03,-0.03
S000004613,0.65,-0.27,-1.4,-1.32,-0.84,-1.6,-2.18,-1.74,-1.56
S000004626,0.32,0.52,1.21,0.65,0.7,0.93,0.65,1.22,0.79
S000004634,-0.09,0.11,-0.1,-0.32,-0.45,-1.29,-0.09,0.1,-0.09
S000004638,0.1,-0.3,-0.62,-0.32,-0.4,-1.36,-0.45,-0.51,-0.94
S000004640,-0.09,-0.14,-0.3,-0.27,-0.4,-0.38,-0.18,0.33,-1.25
S000004645,-0.01,-0.81,-1.0,-1.22,-0.47,-1.51,-0.69,-0.74,-0.29
S000004647,-0.45,-0.84,-0.51,-0.6,-0.58,-0.74,-0.4,-1.25,-0.38
S000004649,0.01,0.19,0.11,-0.12,0.07,-0.12,0.23,1.44,0.04
S000004651,-0.54,-0.86,-0.97,-0.92,-0.84,-1.09,-0.74,-0.12,-0.45
S000004652,0.01,-1.18,-0.89,-0.81,-0.69,-0.54,-0.64,-1.47,-0.81
S000004654,0.12,0.15,0.16,-0.07,-0.14,-0.12,0.31,1.26,0.12
S000004660,-0.06,-0.81,-0.34,-0.25,-0.14,-0.6,0.0,-1.25,0.65
S000004662,0.5,0.6,1.3,1.43,1.35,-0.03,-0.71,-0.97,0.25
S000004666,1.07,2.0,2.16,1.62,1.69,1.65,0.77,0.5,0.57
S000004672,-1.03,-0.04,-0.6,-0.6,-0.34,-3.47,0.01,-0.51,-0.94
S000004681,-0.47,-0.29,-1.03,-1.18,-0.36,-0.22,-0.03,0.38,0.28
S000004689,-0.94,-0.38,0.03,-0.27,-0.3,-0.81,-0.03,-0.18,-1.51
S000004696,0.56,2.1,3.26,3.34,3.08,2.37,2.21,2.48,2.1
S000004698,0.24,0.74,1.03,0.65,0.48,0.69,0.71,0.95,1.09
S000004702,-0.38,0.1,-0.32,-0.04,0.19,0.49,0.3,0.43,-1.22
S000004711,0.25,2.07,2.04,1.69,1.04,1.3,1.52,3.41,1.24
S000004716,0.24,0.99,1.04,0.96,0.63,0.64,0.86,1.21,1.0
S000004717,1.18,-0.3,-0.36,-0.32,-0.14,0.01,-0.23,-0.94,-0.27
S000004727,1.26,0.57,0.07,0.07,0.2,1.82,3.07,3.91,2.28
S000004728,1.33,0.03,-0.62,0.48,-0.06,-0.54,-0.58,-0.47,-1.09
S000004735,-0.11,-0.27,-0.77,-0.86,-0.65,-0.45,-0.68,-1.13,-0.46
S000004753,0.19,0.68,1.11,0.64,0.57,0.11,-0.27,0.03,-0.89
S000004772,0.01,0.11,-0.47,0.53,0.58,-0.3,0.07,0.29,1.3
S000004776,0.12,-0.89,-0.49,-0.86,-0.69,-1.6,-1.22,0.07,-0.64
S000004780,0.32,0.7,0.89,1.14,0.86,0.78,0.86,0.7,1.04
S000004784,1.18,3.33,4.03,3.91,3.93,3.63,3.3,3.48,3.29
S000004785,1.06,2.56,3.5,3.5,3.12,2.78,2.9,2.95,2.89
S000004786,0.14,0.81,1.43,1.32,1.12,1.12,0.62,0.86,0.3
S000004788,-0.09,0.5,0.25,0.15,0.0,-0.01,-1.8,1.89,0.51
S000004793,0.14,0.64,0.8,0.77,0.87,1.36,1.76,1.33,1.29
S000004794,-0.71,-0.64,-0.92,-0.94,-0.67,-1.03,-0.43,-1.25,-0.17
S000004795,-0.6,-0.38,-0.45,-0.56,-0.74,-0.42,-0.42,-1.56,-0.74
S000004800,0.45,0.58,0.7,0.65,0.66,0.83,1.01,1.06,1.14
S000004801,0.09,0.37,0.36,0.3,0.36,0.99,1.44,2.11,1.26
S000004808,0.98,0.18,0.31,1.21,1.2,0.88,1.48,0.74,1.18
S000004809,0.21,0.97,1.23,0.81,0.37,1.08,0.7,1.25,0.28
S000004810,1.01,1.32,1.42,1.14,1.23,1.43,1.32,1.52,1.15
S000004813,0.41,0.81,1.21,0.53,0.58,1.08,0.77,1.1,0.82
S000004819,-0.12,-0.12,-0.32,-0.36,-0.18,-2.0,-0.56,-0.51,-0.79
S000004827,-0.71,-0.64,-0.76,-0.51,-0.54,-0.74,-0.81,-1.74,-0.58
S000004828,-0.06,-0.2,-0.89,-1.09,-0.84,0.14,0.04,-0.6,0.41
S000004835,-0.43,-0.3,-0.58,-1.15,-0.43,0.07,-0.38,-1.03,-0.14
S000004842,-0.34,-0.6,-0.7,-1.09,-0.7,-1.05,-0.85,-1.47,-0.62
S000004845,-0.6,0.07,-0.07,-0.3,-0.45,-0.81,-0.49,-0.42,-1.12
S000004849,-0.22,-0.58,-0.47,-0.51,-0.74,-1.51,-0.43,-0.94,-0.15
S000004852,0.04,-0.74,-0.56,-0.6,-0.34,-0.42,-0.84,-1.15,-0.43
S000004858,-0.56,-0.49,-0.23,-0.17,-0.62,-0.34,-0.42,-0.71,-1.36
S000004859,-0.15,-0.81,-0.69,-0.74,-0.74,-1.29,-0.42,-1.15,-0.14
S000004860,-0.42,-1.03,-1.4,-1.29,-0.64,-0.23,-0.56,-0.04,-0.43
S000004862,0.26,1.38,1.9,2.22,1.48,0.64,1.21,1.77,1.24
S000004863,0.08,0.38,0.75,0.76,0.63,-1.25,-0.14,0.24,0.43
S000004864,0.26,0.41,1.53,1.4,1.3,0.41,0.64,0.67,1.24
S000004875,0.12,-0.14,-0.2,-0.4,-0.3,-1.25,-0.84,-0.71,-0.04
S000004877,-0.94,-1.03,-0.84,-0.79,-0.42,-0.97,-0.54,-2.0,-0.27
S000004878,-0.49,-0.67,-0.49,-0.51,-1.06,-1.43,-0.71,-0.58,-1.03
S000004882,0.04,-1.12,-0.81,-0.79,-0.51,-0.67,-0.56,-0.97,-0.01
S000004885,1.01,0.44,0.48,0.61,1.07,1.22,1.34,1.04,0.98
S000004890,-0.58,-0.4,-0.89,-0.67,-0.62,-0.6,-0.54,-1.56,-0.69
S000004904,-0.43,0.1,0.04,0.41,-0.09,0.08,-0.36,1.08,1.92
S000004905,0.34,0.82,0.36,0.58,0.7,1.13,1.36,1.82,0.19
S000004909,-0.76,-0.69,-0.89,-0.76,-0.97,-0.23,-0.74,-1.69,-0.25
S000004910,-0.42,-0.56,-0.86,-0.76,-0.92,-0.1,-0.51,-1.6,0.11
S000004915,0.77,0.54,0.76,0.26,0.68,1.45,2.32,2.8,1.64
S000004917,0.2,0.67,0.93,0.65,0.57,0.59,0.77,1.24,0.26
S000004918,-0.38,-0.6,-0.89,-0.97,-0.84,-1.25,-0.92,-0.92,-0.18
S000004919,-0.74,-1.03,-0.74,-1.06,-0.42,-0.71,-0.36,-1.09,-0.23
S000004920,0.3,1.11,1.06,0.73,0.5,0.4,0.61,1.19,0.18
S000004928,-0.29,-0.04,-0.25,-0.01,-0.56,-0.36,-0.34,-1.29,-0.29
S000004932,0.37,1.66,2.09,2.33,2.3,1.98,1.93,2.04,2.09
S000004937,1.32,1.36,1.86,2.61,2.45,1.71,1.37,1.4,0.54
S000004941,-0.27,-0.27,-0.92,-1.12,0.58,-2.56,-0.49,-0.58,-0.76
S000004942,-0.85,-0.67,-0.76,-1.19,-0.7,-0.7,-0.4,-1.14,-0.94
S000004958,-0.47,-0.56,-0.81,-0.62,-1.0,-0.86,-0.62,-1.69,-1.09
S000004960,0.1,0.45,1.18,1.07,0.89,0.65,0.7,0.97,1.58
S000004962,-1.03,-0.54,-0.51,-0.09,-1.06,-1.29,-0.4,-0.29,-1.4
S000004963,0.01,-0.56,-0.14,-0.58,-0.51,-2.47,-1.15,-0.58,-0.23
S000004964,-0.69,-1.22,-0.56,-0.89,-0.45,-1.74,-0.67,-0.58,-0.84
S000004982,-0.42,-0.62,-0.6,-0.51,-0.64,-1.15,-0.62,-0.17,-0.97
S000004989,0.26,-0.4,0.41,-0.45,-0.18,-0.96,-0.01,-1.81,0.42
S000004991,-0.2,-1.0,-0.54,-0.64,-0.34,-0.56,-0.84,-1.09,0.24
S000004997,-0.1,-0.84,-0.74,-0.69,-0.54,-0.92,-0.86,-1.18,-0.14
S000005000,0.86,0.99,0.99,1.14,1.33,1.15,1.38,1.62,1.01
S000005008,-0.29,-0.81,-0.86,-0.79,-1.09,-1.47,-0.94,-1.51,-0.54
S000005010,-0.25,-0.64,-0.71,-0.69,-0.3,-1.0,-1.09,-0.62,-0.36
S000005022,-0.36,-0.34,-1.0,-0.86,-0.47,-0.94,-1.22,-1.25,-1.09
S000005023,-0.84,-0.86,-1.29,-0.76,-1.15,-0.81,-1.0,-1.15,-0.6
S000005027,0.11,0.64,0.9,0.58,0.58,0.87,0.77,1.08,0.69
S000005041,-1.12,-0.49,-1.12,-1.09,-1.09,-2.18,-1.06,-0.92,-1.09
S000005054,0.12,-0.69,-0.49,-0.69,-0.27,-0.22,-0.64,-1.09,-0.25
S000005055,-0.23,-1.12,-1.43,-1.4,-1.18,-0.94,-1.29,-1.32,-1.43
S000005056,0.01,-1.09,-1.22,-0.89,-0.67,-0.86,-0.74,-0.94,-0.69
S000005076,0.07,-0.56,-0.54,-0.56,-0.42,-0.25,-0.29,-1.25,-0.51
S000005078,0.99,2.85,3.63,3.55,3.53,3.09,2.84,2.37,2.9
S000005084,-0.45,-0.97,-0.76,-0.6,-0.58,-0.92,-0.76,-2.0,-0.22
S000005086,-0.92,-2.4,-0.54,-1.12,-0.47,-0.58,-0.89,-1.15,0.81
S000005092,-0.64,-0.69,-0.14,-0.56,-0.29,-1.74,-0.67,-1.74,0.21
S000005096,0.65,0.71,0.83,0.33,0.36,0.74,0.57,1.17,-0.04
S000005099,0.01,0.76,1.13,0.93,0.64,0.16,0.1,0.16,-0.2
S000005100,0.82,0.87,0.61,1.26,0.66,0.5,0.55,0.88,0.01
S000005104,0.55,1.58,2.48,2.71,2.67,2.85,3.21,4.02,3.11
S000005123,-0.03,0.16,-0.06,-0.09,0.01,-1.15,-0.09,0.16,-0.23
S000005129,-1.18,-1.0,-0.86,-0.76,-0.74,-1.06,-0.86,-1.84,-0.94
S000005130,-0.3,-0.51,-0.54,-0.69,-0.43,-0.6,-0.86,-1.15,-0.56
S000005131,-0.84,-0.45,-0.79,-0.86,-0.64,-1.4,-0.47,-1.43,-0.47
S000005136,0.23,1.08,0.58,0.34,0.31,0.21,0.31,0.9,0.12
S000005139,-0.47,-0.22,-0.51,-0.25,0.16,-1.74,0.16,-0.6,-0.32
S000005159,-0.67,-0.76,-1.03,-0.6,-0.56,-1.25,-0.97,-1.22,-0.67
S000005161,0.1,-0.4,-0.38,0.04,-0.27,-0.92,-0.47,-1.22,-0.47
S000005172,-0.03,-0.84,-0.69,-0.84,-0.42,-0.49,-0.56,-1.29,-0.6
S000005175,0.5,0.36,1.14,0.96,0.98,1.04,0.98,0.84,1.25
S000005183,0.33,0.28,1.3,1.17,1.08,0.72,0.87,0.84,0.92
S000005203,0.49,0.58,0.82,0.98,1.0,1.26,0.85,0.93,1.06
S000005204,0.68,1.13,1.46,1.21,1.1,0.93,0.88,0.69,0.98
S000005208,0.73,0.67,0.94,0.55,0.58,0.94,0.96,1.08,0.97
S000005213,-1.03,0.12,0.0,0.18,0.12,-3.18,-0.01,-0.15,-0.69
S000005220,-0.36,-0.01,-0.6,-0.23,-0.3,-0.89,-1.47,0.25,-0.29
S000005221,-0.86,-0.79,-0.58,-0.81,-1.22,-2.4,-1.36,-0.74,-1.09
S000005222,-0.15,-0.43,-1.09,-0.43,0.0,-0.43,-0.89,0.16,-0.76
S000005226,-0.34,-0.69,-1.22,-0.89,-0.74,-0.64,-1.22,-1.69,-0.6
S000005234,-1.09,-0.92,-1.22,-1.15,-0.84,-0.81,-1.0,-1.15,-0.74
S000005236,-0.6,-0.86,-1.18,-1.0,-0.86,-0.56,-1.09,-1.6,-0.94
S000005243,0.04,-0.81,-0.76,-0.74,-0.69,-0.3,-0.79,-1.12,-0.89
S000005247,-0.58,-1.22,-1.47,-1.18,-1.18,-1.47,-1.6,-2.06,-1.94
S000005253,-1.64,-0.79,-1.18,-1.0,-0.4,-2.12,-1.79,-0.67,-0.84
S000005259,0.26,0.53,1.01,0.62,0.36,0.55,0.64,0.75,1.26
S000005262,0.37,-0.34,0.01,-0.09,-0.01,0.06,-0.14,1.36,0.78
S000005266,-0.76,-1.03,-0.67,-0.71,-0.64,-1.18,-0.79,-1.84,-0.22
S000005274,0.2,-0.36,-0.47,-0.12,-0.32,-0.69,-0.49,-1.29,-0.23
S000005275,0.21,0.0,0.89,1.34,0.88,0.04,0.36,0.6,0.44
S000005276,0.01,-0.17,-0.03,0.28,0.36,-1.18,-0.12,-0.25,0.48
S000005280,0.39,0.48,0.61,0.59,0.54,0.59,0.82,0.54,1.29
S000005284,0.21,0.7,0.89,0.97,0.92,0.69,1.32,1.23,1.23
S000005290,0.33,0.18,-0.38,0.2,0.07,-0.36,-0.22,1.7,-0.34
S000005292,-0.03,-0.43,-1.18,-0.79,-0.49,0.11,-0.22,-0.34,0.29
S000005300,-0.84,-0.6,-0.74,-0.76,-0.38,-1.15,-0.67,-0.71,0.04
S000005301,-0.69,-0.71,-1.12,-1.12,-1.25,-1.03,-0.36,-1.56,-0.58
S000005310,-0.86,-0.67,-0.69,-0.86,-0.74,-0.64,-1.03,-1.47,-1.03
S000005319,-0.76,-0.69,-1.06,-0.74,-1.15,-2.47,-1.06,-1.0,-0.58
S000005321,-0.36,-0.62,-0.64,-0.51,-0.6,-0.74,-1.09,-0.86,-1.06
S000005325,-1.18,-0.32,-0.42,-0.69,-0.03,-1.64,-0.18,-0.29,-0.94
S000005329,-0.74,-1.09,-1.22,-1.32,-0.94,-1.12,-1.06,-1.47,-0.94
S000005332,-0.43,0.11,-0.04,-0.67,-0.15,-2.94,-0.67,-0.36,-0.4
S000005333,0.01,-0.04,0.4,0.5,1.01,1.48,1.4,1.27,1.01
S000005341,-0.79,-0.1,-0.47,-0.56,-1.09,-1.74,-0.43,-0.07,-0.14
S000005353,0.13,-0.38,-0.47,-0.16,-0.2,-0.42,0.03,-1.32,-0.42
S000005356,-0.69,-0.36,-0.38,-0.58,-0.42,-0.04,-0.47,-1.64,-0.69
S000005357,0.72,1.31,2.16,2.16,1.45,1.53,1.13,0.66,0.67
S000005360,-0.23,-1.47,-0.15,-0.67,-0.54,-0.74,-0.09,-1.06,-0.36
S000005365,-0.29,-0.71,-1.56,-0.32,-0.76,-0.67,-0.54,-1.09,-0.34
S000005366,-0.38,-1.15,-0.6,-0.67,-0.56,-0.6,-0.4,-0.94,-0.42
S000005372,0.15,-0.86,-0.71,-0.29,-0.49,-0.43,-0.47,-1.15,0.15
S000005380,-0.14,-1.09,-0.22,-0.38,-0.29,-0.51,-0.62,-0.17,0.2
S000005399,-0.18,-0.81,-1.09,-0.92,-1.03,-0.76,-1.0,-2.0,-0.51
S000005400,1.32,0.21,0.08,0.43,0.45,0.12,0.19,-0.09,-0.06
S000005401,0.22,-0.7,-0.36,-0.53,-0.43,-0.52,-0.32,-1.16,-0.32
S000005412,-0.71,-1.06,-0.86,-1.0,-0.69,-1.18,-1.03,-1.03,-0.58
S000005417,0.03,-0.32,-0.47,-0.34,-0.32,-0.6,-1.0,-0.14,-1.6
S000005423,0.2,0.92,1.2,0.58,0.5,0.66,0.45,0.77,0.69
S000005442,0.48,0.75,0.82,1.12,0.77,0.7,0.7,1.24,0.73
S000005443,-0.07,0.84,1.32,1.17,0.8,0.83,0.94,1.2,1.16
S000005444,0.1,-0.76,-0.62,0.14,-0.23,-2.06,-0.94,-0.42,-0.43
S000005445,-0.47,-0.79,-0.07,-0.56,0.08,-1.25,-0.36,-0.97,-0.58
S000005446,-0.56,-0.94,-0.92,-1.12,-1.12,-1.43,-1.32,-1.36,-0.47
S000005457,0.28,-0.51,-0.6,-0.45,-0.6,-0.25,-0.38,-1.69,-0.43
S000005461,-0.76,-1.43,-1.64,-2.32,-1.32,0.57,1.1,0.82,1.12
S000005469,0.73,-0.06,-0.15,0.31,-0.32,-0.6,-0.67,-2.06,-0.3
S000005470,-0.5,-0.34,-1.04,-1.12,-1.18,-0.36,-1.25,-0.7,-0.32
S000005471,-0.4,-0.79,-0.43,-0.6,-0.56,-1.12,-0.58,-1.32,-0.27
S000005477,0.28,1.08,0.59,0.7,0.28,0.31,0.9,1.13,0.58
S000005478,0.99,1.36,1.64,1.51,1.46,1.53,1.23,0.99,0.93
S000005479,1.66,2.31,2.08,2.28,1.83,1.4,1.35,2.07,1.2
S000005480,1.26,0.25,-0.04,0.48,0.4,0.08,-0.03,-0.38,-0.45
S000005482,0.42,0.88,1.21,0.81,0.27,0.43,0.26,0.74,0.5
S000005489,0.55,0.45,1.01,0.84,0.78,0.48,0.49,0.68,1.17
S000005504,-0.71,-1.03,-1.06,-1.03,-0.76,-0.74,-0.92,-1.6,-0.54
S000005507,-0.04,-0.12,-0.54,-0.45,-0.07,-2.0,0.99,-0.92,-0.04
S000005510,1.13,3.65,4.34,4.11,4.18,3.66,3.61,3.06,2.97
S000005511,2.11,4.59,5.35,5.1,4.89,4.66,4.53,4.21,3.62
S000005512,-0.12,1.29,0.76,1.41,1.3,1.27,0.53,0.46,0.3
S000005515,-0.34,-0.06,-0.03,0.04,-0.27,-0.29,0.03,1.21,-0.12
S000005522,-0.94,-0.25,-0.06,-0.64,0.1,1.14,-0.09,0.19,0.18
S000005524,0.52,0.06,0.26,0.0,1.2,-1.56,-0.2,0.37,0.06
S000005525,-0.22,-0.23,0.78,1.12,0.92,0.45,0.62,0.41,0.18
S000005526,-0.67,-0.36,-0.29,-0.23,-0.14,0.03,-0.3,-0.92,-1.12
S000005530,0.08,-1.15,-1.03,-0.69,-0.45,-0.29,-0.92,-1.09,-0.89
S000005535,-0.04,-1.56,-0.79,0.4,-0.89,-1.18,-0.81,-1.03,-0.89
S000005536,-0.49,-1.4,-1.12,-1.94,-1.79,-1.36,-1.69,-1.51,-1.6
S000005539,-0.1,-0.51,-0.64,-0.6,-0.49,0.14,-0.47,-1.36,-0.38
S000005550,-1.15,-0.56,-0.54,-0.45,-0.97,0.93,-0.29,-0.42,-1.12
S000005551,-1.18,-1.09,-1.0,-1.25,-1.03,-1.64,-0.62,-0.86,-0.34
S000005553,-0.51,-1.06,-0.86,-0.62,-1.43,-2.0,-1.18,-1.64,-1.12
S000005554,0.56,0.7,1.38,0.97,0.39,0.84,1.42,1.01,0.62
S000005562,0.18,0.4,1.3,0.91,0.66,0.56,0.86,0.91,0.92
S000005568,-0.54,-1.0,-0.69,-0.86,-0.69,-0.74,-0.51,-1.15,-0.6
S000005578,0.99,1.28,1.51,1.66,0.88,0.52,0.53,0.75,0.07
S000005581,-0.23,-0.27,-1.09,-0.67,-0.23,-1.12,-0.32,-0.27,0.08
S000005582,0.1,-0.49,-0.86,-0.74,-0.45,-0.38,-0.51,-1.09,-0.76
S000005585,0.42,0.72,1.22,1.05,0.84,0.7,0.75,0.62,0.86
S000005603,-0.25,-0.62,-0.94,-0.89,-0.32,-0.81,-1.51,-0.42,-0.69
S000005608,-0.54,-0.6,-0.25,-1.09,-0.89,-0.67,-0.58,-0.84,-0.14
S000005614,0.1,0.82,0.82,0.51,0.49,0.56,0.53,1.03,1.1
S000005617,-0.17,-0.6,-1.06,-0.92,-0.47,-0.43,-0.64,-2.18,-0.12
S000005621,0.39,-0.43,-0.43,-0.45,-0.47,-0.51,-1.06,-1.6,-0.6
S000005624,0.01,-0.25,-0.32,-0.56,-0.6,-0.25,-0.43,-0.56,-1.22
S000005626,0.0,-0.25,-0.18,0.11,0.31,-1.25,0.53,-0.07,-1.51
S000005646,0.14,0.91,2.07,2.17,1.89,1.63,2.01,1.86,1.33
S000005651,-0.27,-0.4,-0.62,-0.58,-0.29,-1.43,-0.32,-0.58,0.36
S000005654,0.18,-0.36,0.1,0.1,0.3,0.92,2.29,2.47,1.4
S000005656,1.08,0.06,-0.1,0.99,0.79,0.12,-0.09,-0.3,0.18
S000005665,-0.45,-0.3,-0.71,-0.42,-0.27,-0.45,-0.62,-1.29,0.11
S000005678,0.59,1.0,1.1,1.24,1.21,1.08,1.04,0.96,1.26
S000005679,0.5,0.92,0.96,1.1,1.1,0.77,1.1,1.78,0.86
S000005681,1.11,0.75,0.38,1.23,0.51,0.49,0.42,0.68,0.03
S000005699,0.58,1.03,0.9,1.23,0.91,0.71,1.0,1.32,0.85
S000005704,0.16,-0.49,-0.14,-0.04,-0.03,-0.17,-2.84,0.7,0.45
S000005710,0.34,0.32,0.38,0.4,0.67,0.96,1.52,1.86,1.52
S000005713,0.7,0.29,0.5,0.65,0.39,0.44,0.56,1.35,0.75
S000005721,-0.45,-0.47,-0.74,-1.22,-0.64,-0.38,-0.43,-0.36,-0.14
S000005727,-0.27,-1.15,-0.51,-0.64,-0.2,-0.97,-0.34,-0.62,-0.81
S000005729,-0.74,-0.86,-0.79,-0.56,-0.56,-0.89,-0.38,-1.36,-0.79
S000005740,-0.3,-0.17,-0.27,-0.94,-0.42,1.45,-1.09,-0.27,-0.06
S000005743,-0.67,-1.18,-0.86,-0.97,-0.71,-1.25,-0.69,-1.36,-0.58
S000005751,0.68,1.26,1.78,1.61,1.13,1.21,1.36,0.48,1.43
S000005752,0.39,0.41,1.26,1.52,0.53,1.04,1.08,0.9,1.64
S000005755,-0.64,-0.56,-0.62,-0.76,-0.47,-0.92,-0.58,-1.09,0.01
S000005759,-0.3,-0.71,-0.34,-0.58,-0.51,-0.92,-0.79,-2.0,-0.38
S000005761,-0.15,-0.94,-0.15,-0.43,-0.18,-1.56,-0.14,-1.09,0.26
S000005763,-0.42,-1.51,-1.03,-1.25,-0.94,-0.67,-0.74,-1.36,-0.25
S000005773,-0.32,-0.97,-1.36,-1.36,-1.12,-0.62,-0.54,-0.76,-0.18
S000005774,-0.23,-0.86,-1.36,-1.25,-1.15,-0.67,-0.71,-0.84,-0.62
S000005776,0.52,0.89,1.33,0.46,0.7,0.91,0.78,0.93,0.16
S000005794,-0.17,-0.32,-0.32,-0.76,-0.32,-1.32,-1.64,-1.18,-0.69
S000005798,0.3,-0.67,-1.0,-0.56,-0.4,-0.22,-0.76,-1.15,-0.84
S000005811,0.39,0.62,1.34,1.32,1.14,0.87,0.94,1.24,1.64
S000005815,0.25,0.72,1.19,1.05,1.06,0.98,1.01,1.44,1.03
S000005820,-1.09,-1.79,-1.4,-1.0,-1.18,-1.36,-1.4,-2.4,-1.36
S000005824,-0.86,-0.89,-0.71,-1.29,-0.94,-0.74,-1.12,-1.32,-1.18
S000005826,-0.47,-0.84,-0.74,-0.51,-0.43,-1.74,-0.6,-0.84,-0.76
S000005829,1.23,0.41,0.55,0.84,0.61,0.11,-0.34,-0.86,-0.34
S000005840,-0.58,-1.74,-1.6,-1.6,-1.0,-0.42,0.1,-0.64,-0.03
S000005841,-0.3,-0.46,-1.11,-0.9,-0.8,-0.25,0.04,-0.11,-0.06
S000005842,0.15,-1.09,-0.74,-0.54,-0.23,0.14,0.36,-0.29,0.43
S000005849,-0.32,-0.74,-1.12,-0.42,-0.86,-1.03,-0.3,-0.89,-0.64
S000005854,0.07,-0.79,-0.6,-0.14,-0.36,-1.09,-0.56,-1.47,0.01
S000005867,0.48,-0.44,-0.35,-0.16,0.24,0.16,-0.69,-0.35,1.42
S000005870,-0.58,-0.47,-0.15,-0.49,-0.23,0.66,0.03,1.12,0.08
S000005889,-0.51,-0.01,0.3,-0.06,0.18,-0.45,-0.27,-1.15,-0.17
S000005905,-2.25,-0.92,-0.76,-1.69,-0.07,1.77,-0.03,-0.34,0.79
S000005909,0.23,0.61,0.53,1.69,2.54,2.14,0.61,0.67,0.23
S000005913,0.08,0.53,0.99,0.81,0.9,0.91,0.79,1.58,0.82
S000005925,0.9,0.14,0.36,1.32,0.25,-0.47,0.12,0.82,0.3
S000005934,-0.27,-0.56,-0.45,-0.36,-0.38,-0.45,-0.3,-1.09,0.28
S000005936,0.7,0.43,1.18,1.06,0.66,0.29,0.66,0.44,0.49
S000005938,-0.29,-0.42,-0.29,-0.45,-0.15,-1.69,-0.43,-0.94,0.06
S000005939,-0.71,-0.6,-0.17,0.0,0.52,-2.18,0.1,0.2,-0.14
S000005942,-0.92,-0.07,-0.42,-0.23,-0.17,-1.89,-0.27,-0.43,-0.25
S000005948,-0.69,-0.14,0.03,0.26,-0.27,-1.94,0.36,-1.56,1.41
S000005954,-0.36,-0.15,0.06,0.07,-0.1,1.84,0.18,-0.29,0.49
S000005958,0.29,-0.89,-1.22,-0.79,-0.86,-1.0,-0.74,-1.4,-0.3
S000005959,0.25,-0.36,-0.89,-0.43,-0.58,-0.49,-0.69,-1.6,-1.03
S000005980,-2.94,0.7,0.85,0.77,0.72,0.79,0.59,0.88,1.13
S000005998,-0.69,0.4,-0.6,-0.23,-0.43,-0.81,-0.45,-1.4,-0.22
S000006013,0.53,0.08,0.16,0.04,0.12,0.54,0.71,1.1,0.44
S000006014,-0.38,-0.37,-0.39,-0.3,-0.29,0.17,-0.52,-1.25,-0.61
S000006028,-0.51,-0.36,-0.47,-0.42,-0.27,-0.29,-0.45,-1.51,-0.2
S000006029,-0.45,-0.76,-0.74,-0.64,-0.74,-0.64,-0.22,-1.22,-1.0
S000006032,-0.36,-0.29,-0.07,-0.15,-0.01,-0.23,-0.51,-1.56,0.15
S000006049,0.03,-0.81,-0.69,-0.54,-0.29,-1.18,-0.79,-0.89,-1.03
S000006050,-0.42,-0.6,-0.47,-0.69,-0.69,-1.32,-0.17,-0.97,0.15
S000006051,-1.0,0.38,-0.15,-0.03,-0.17,-0.71,-0.43,-1.64,0.0
S000006052,0.57,-0.62,-0.89,-0.18,-0.25,-0.89,-0.81,-1.4,-0.69
S000006054,0.86,0.39,-0.18,0.29,0.3,0.16,0.07,0.3,-1.32
S000006055,-0.94,-0.09,-0.69,-0.34,-0.23,-0.58,-0.2,-1.12,0.2
S000006075,0.3,0.5,0.97,1.15,1.21,0.38,0.42,0.71,0.77
S000006086,0.28,1.06,1.13,0.87,0.54,0.41,0.93,0.73,0.58
S000006091,-0.3,-0.86,-1.12,-0.71,-0.58,-0.54,-0.58,-1.36,-0.27
S000006095,0.08,-0.1,-0.01,0.07,-0.42,-0.81,1.45,0.37,0.11
S000006097,-0.81,-0.34,-0.49,-0.32,-0.58,-0.34,-1.09,0.04,-1.0
S000006106,-0.56,-0.43,-0.15,-0.29,-0.22,-1.79,-0.07,-0.15,-0.27
S000006108,-0.42,-0.47,-0.25,-0.62,-0.3,1.3,-0.81,-0.6,-0.12
S000006121,-0.56,-0.84,0.04,-0.81,-0.62,-4.32,-0.09,0.01,-1.22
S000006124,0.9,1.48,1.44,1.1,0.38,0.86,0.91,1.2,0.55
S000006132,0.38,-1.0,-0.58,-0.51,-0.4,-0.03,-0.4,-1.12,0.19
S000006143,-0.03,-0.25,-0.14,0.54,-0.42,-0.39,-0.26,0.2,-1.83
S000006144,-0.09,-0.56,-0.42,-1.09,-0.2,-0.34,0.34,-0.17,0.34
S000006145,0.49,0.37,1.36,0.72,0.53,1.06,0.44,0.55,0.29
S000006146,0.32,-0.3,0.5,0.31,0.16,0.2,0.2,-0.1,1.08
S000006171,1.84,1.39,1.14,1.28,1.45,0.51,0.2,-0.1,-0.12
S000006173,-0.42,-0.47,-0.6,-0.54,-0.36,-1.18,-0.54,-0.49,-0.67
S000006177,-0.49,-0.89,-1.25,-0.89,-0.22,-0.47,-0.27,-0.23,-0.79
S000006184,-0.47,-0.74,-1.16,-1.14,-1.1,-0.51,-0.88,-0.93,-0.62
S000006188,0.06,-0.42,-0.27,-0.6,0.38,0.43,0.32,0.6,1.12
S000006196,-0.4,-1.03,-0.03,-0.15,0.11,-2.32,-0.84,-0.34,0.12
S000006197,-0.47,-0.43,-0.22,-0.32,-1.0,-1.89,-0.12,-0.89,-0.45
S000006201,-0.58,-0.51,-0.45,-0.89,-0.27,1.96,-0.43,-0.67,-0.64
S000006202,-0.18,-1.4,-0.14,-1.94,-0.34,-1.69,-0.45,-0.49,-0.47
S000006203,-0.22,-0.4,-0.49,-0.4,-0.38,-1.09,-0.38,-0.54,-0.6
S000006206,-0.29,-0.71,-0.17,-0.81,-0.22,-1.69,-0.81,-0.76,0.2
S000006208,0.4,0.07,0.67,0.11,0.41,0.79,1.04,1.17,1.29
S000006209,-3.18,0.0,0.48,0.14,0.25,0.55,0.41,0.39,0.49
S000006211,0.71,-0.67,-0.36,-0.76,-0.18,-2.64,-1.47,-0.32,-0.89
S000006222,-0.07,-1.29,-0.4,-0.6,-0.67,-0.18,-0.17,-0.3,0.04
S000006238,-0.42,-0.94,-0.47,-1.18,-0.4,-1.74,-1.09,-1.15,-0.22
S000006239,-0.47,-1.22,-1.06,-0.51,-0.14,0.19,0.64,0.79,0.1
S000006241,-0.45,-0.32,-0.32,-0.71,-1.09,-1.03,-0.71,-1.06,-0.43
S000006242,-0.64,-0.56,0.07,-0.81,-0.3,-1.18,-0.49,-0.89,0.04
S000006244,-0.34,-0.76,-0.36,-1.12,-0.36,-0.97,-0.51,-1.22,-0.29
S000006252,0.86,1.29,1.41,1.08,0.84,0.96,0.57,0.54,0.54
S000006257,-0.09,-0.42,-0.76,-0.45,-0.27,-0.89,-0.42,-1.22,-0.07
S000006260,-1.18,0.07,0.21,0.15,0.34,0.37,0.54,0.38,0.57
S000006268,-0.27,0.3,0.12,-0.54,0.12,0.03,0.28,1.9,-0.56
S000006271,0.12,1.05,1.43,1.34,1.09,0.86,0.87,0.75,0.63
S000006291,-0.56,-0.54,-0.67,-0.74,-0.86,-1.36,-0.92,-1.15,-0.76
S000006297,-0.34,-0.51,-0.45,-0.45,-0.6,0.1,-0.2,0.01,-1.47
S000006303,0.19,0.37,0.84,0.73,0.25,0.72,0.77,1.13,0.91
S000006327,-0.32,-0.94,-0.51,-0.32,-0.51,-1.32,0.11,-0.6,-0.6
S000006328,-0.94,-0.97,-1.0,-1.0,-0.84,-0.97,-1.22,-1.64,-0.74
S000006330,-0.42,-0.69,-0.25,-0.74,-0.4,-0.89,-0.86,-1.4,-0.03
S000006333,-0.62,-1.43,-0.79,-0.74,-0.89,-0.92,-0.6,-1.89,-0.34
S000006334,-0.51,-0.81,-0.32,-0.6,-0.56,-1.03,-0.43,-2.18,-0.25
S000006344,0.12,0.42,0.32,0.54,0.58,0.58,0.3,0.75,1.12
S000006354,-0.6,-0.92,-0.27,-0.36,0.21,-0.12,-0.14,1.64,-0.4
S000006359,0.46,1.01,0.94,0.62,0.58,0.65,0.73,1.08,0.44
S000006363,1.12,0.58,0.58,0.63,0.57,0.94,0.87,1.46,0.15
S000006364,-0.06,0.76,0.61,0.67,0.22,0.45,0.0,1.55,1.2
S000006367,-0.56,-0.97,-1.25,-0.86,-1.03,-0.86,-0.92,-2.18,-0.97
S000006377,-0.76,-0.64,-0.79,-0.97,-0.71,-1.15,-0.74,-1.32,-0.76
S000006378,-1.18,-1.43,-1.09,-1.0,-0.71,-0.42,-0.94,-1.25,-0.25
S000006386,-0.71,-0.38,-1.32,-0.38,-0.89,-0.12,-0.36,-1.25,-1.12
S000006394,-0.15,-0.89,-0.89,-1.22,-0.6,-0.92,-1.09,-1.36,-0.97
S000006396,-0.45,-1.18,-0.45,-0.56,-0.43,-1.0,-0.34,-0.62,-0.34
S000006397,-0.34,-0.49,-0.4,0.07,-0.06,-0.58,-0.17,-0.51,-1.18
S000006408,-1.03,-0.76,-1.18,-1.32,-1.06,-1.12,-1.0,-0.51,-0.89
