gene_id   ,5    ,15   ,30   ,45   ,60   ,90   ,120
S000000003,0.13 ,-1.4 ,-1.17,-0.64,-0.16,-0.5 ,-0.47
S000000023,-0.74,-1.72,-0.43,-0.18,0.01 ,-0.07,-0.22
S000000033,-0.34,-1.15,-0.45,-0.23,-0.24,-0.18,-0.38
S000000034,-0.21,-1.08,-0.5 ,-0.19,-0.04,-0.24,-0.37
S000000057,0.51 ,1.17 ,0.03 ,0.11 ,-0.15,-0.12,-0.18
S000000075,0.3  ,1.04 ,0.71 ,0.46 ,-0.12,-0.04,0.13
S000000085,-0.27,-1.0 ,-0.12,0.1  ,-0.04,-0.06,-0.34
S000000094,-0.38,-1.09,-1.5 ,-0.54,-0.4 ,-0.19,-0.3
S000002145,-0.1 ,-1.22,-0.67,0.01 ,-0.34,-0.34,-0.2
S000000105,-0.35,-0.59,-1.06,-0.16,0.15 ,0.0  ,0.28
S000000114,-0.37,-1.09,-0.48,-0.15,0.09 ,-0.07,-0.15
S000000120,-0.43,-1.12,-0.4 ,-0.14,0.08 ,0.13 ,0.23
S000000123,-0.2 ,-1.38,-0.73,-0.05,0.01 ,0.37 ,-0.14
S000000124,-0.8 ,-2.16,-0.56,-0.06,0.04 ,-0.07,-0.18
S000000135,-0.75,-3.12,-1.24,-0.46,-0.07,-0.11,-0.03
S000000138,-0.4 ,-1.58,-0.32,-0.36,-0.25,0.29 ,-0.2
S000000157,-0.34,-0.94,-0.32,-0.34,0.24 ,-0.5 ,0.12
S000000171,0.65 ,1.66 ,1.52 ,0.58 ,0.05 ,-0.08,-0.18
S000000173,-0.24,-1.34,-0.55,-0.09,0.08 ,-0.07,-0.04
S000000210,0.35 ,1.33 ,1.49 ,0.74 ,0.27 ,0.54 ,0.53
S000000213,-0.64,-0.5 ,-0.92,-0.93,-0.21,-0.43,-0.13
S000000218,0.25 ,1.12 ,1.09 ,0.57 ,0.05 ,0.24 ,0.51
S000000222,0.33 ,1.81 ,0.75 ,0.17 ,-0.03,0.16 ,0.04
S000000230,0.29 ,0.37 ,0.93 ,0.83 ,-0.05,-0.13,0.59
S000000235,-0.28,-1.18,-0.94,-0.19,-0.03,-0.34,-0.47
S000000238,-1.04,-1.74,-0.46,-0.35,0.1  ,-0.14,0.09
S000000250,0.23 ,0.66 ,1.14 ,0.63 ,-0.15,0.01 ,-0.04
S000000254,0.45 ,1.97 ,1.04 ,0.34 ,0.24 ,0.58 ,0.58
S000000256,0.56 ,1.22 ,1.35 ,1.17 ,-0.03,0.06 ,0.46
S000000258,0.02 ,-0.09,0.63 ,1.39 ,0.36 ,0.69 ,0.6
S000000260,1.05 ,1.79 ,1.87 ,1.43 ,-0.11,-0.04,0.58
S000000270,0.56 ,1.2  ,-0.04,-0.09,0.01 ,0.52 ,0.44
S000000271,-0.17,-0.63,-0.96,-0.35,-0.4 ,-0.26,-0.58
S000000282,-0.17,-1.46,-1.0 ,-0.12,0.12 ,0.3  ,0.4
S000000283,-0.35,-1.21,-0.5 ,-0.22,-0.07,-0.19,-0.01
S000000287,-0.24,-0.8 ,-0.94,-0.77,-0.56,-0.04,-0.05
S000002156,-0.09,-0.93,-0.6 ,-0.04,0.21 ,0.32 ,-0.12
S000000288,-0.45,-1.63,-0.82,-0.29,0.01 ,-0.26,-0.28
S000000292,-0.94,-1.1 ,-1.01,-0.25,0.28 ,-0.05,0.2
S000000296,-0.42,-1.43,-1.6 ,-0.91,-0.54,-0.24,-0.35
S000000297,-0.22,-1.19,-1.5 ,-0.62,-0.52,-0.41,-0.37
S000000308,-0.36,-1.72,-0.79,-0.25,-0.15,-0.14,-0.27
S000000309,0.4  ,0.4  ,0.78 ,1.04 ,0.03 ,-0.11,-0.02
S000000310,-0.21,-1.04,-0.57,-0.33,0.08 ,0.05 ,0.13
S000000318,0.32 ,1.0  ,0.67 ,0.54 ,0.16 ,0.37 ,0.46
S000000320,0.74 ,2.26 ,2.48 ,1.62 ,0.06 ,0.06 ,0.21
S000000321,0.37 ,1.58 ,1.37 ,0.48 ,-0.2 ,0.12 ,0.06
S000000325,-0.23,-1.1 ,-0.7 ,-0.17,-0.1 ,-0.01,0.14
S000000330,1.01 ,1.62 ,0.39 ,0.69 ,-0.07,-0.1 ,-0.43
S000000336,0.07 ,1.21 ,0.63 ,0.21 ,-0.21,0.46 ,0.03
S000000346,-0.43,-1.69,-0.48,0.0  ,0.1  ,-0.01,-0.07
S000000358,-0.49,-1.2 ,0.08 ,-0.2 ,-0.1 ,-0.03,-0.1
S000000362,-0.64,-1.31,-0.73,-0.53,-0.35,-0.14,-0.26
S000000364,0.65 ,1.15 ,0.76 ,0.38 ,0.48 ,0.6  ,1.1
S000000365,1.33 ,1.5  ,-0.08,0.14 ,0.07 ,0.41 ,0.56
S000000366,0.32 ,-0.57,-1.03,-0.52,0.04 ,0.39 ,0.23
S000000369,0.91 ,0.97 ,0.22 ,0.04 ,0.08 ,0.2  ,0.29
S000000372,0.29 ,0.93 ,0.52 ,0.12 ,0.01 ,0.24 ,0.39
S000000373,1.06 ,2.05 ,1.88 ,1.65 ,0.31 ,0.16 ,0.88
S000000385,0.01 ,-1.36,-0.94,-0.22,0.24 ,0.5  ,0.12
S000000387,1.21 ,2.53 ,1.21 ,1.49 ,0.19 ,0.37 ,0.73
S000000388,0.07 ,-0.2 ,-0.99,0.08 ,0.25 ,0.05 ,0.19
S000000393,-0.31,-1.07,-0.4 ,-0.23,0.28 ,0.37 ,0.31
S000000395,-0.07,-1.07,-0.65,-0.2 ,0.17 ,0.24 ,0.22
S000000407,0.39 ,1.13 ,-0.04,0.52 ,0.14 ,0.26 ,0.17
S000000434,0.42 ,1.14 ,1.7  ,0.3  ,0.13 ,0.35 ,0.49
S000000441,0.2  ,0.96 ,0.44 ,-0.07,0.01 ,0.16 ,0.09
S000000442,0.16 ,-2.08,-0.57,0.0  ,-0.04,-0.14,-0.28
S000000451,-0.31,-2.12,-0.48,-0.12,0.09 ,-0.01,0.2
S000000453,0.21 ,-0.47,-1.03,0.04 ,0.16 ,0.4  ,-0.24
S000000470,-0.79,-1.54,-0.42,-0.31,0.03 ,-0.31,-0.34
S000000489,0.21 ,1.42 ,1.89 ,1.06 ,0.03 ,0.37 ,0.7
S000000497,0.52 ,0.98 ,0.34 ,0.21 ,-0.01,0.15 ,0.19
S000000501,0.21 ,1.07 ,-0.07,0.33 ,-0.01,0.19 ,-0.01
S000000502,0.37 ,0.74 ,-0.32,1.05 ,0.07 ,-0.03,-0.02
S000000527,-0.06,-0.36,-1.67,-0.2 ,-0.1 ,-0.03,0.0
S000000532,0.76 ,1.15 ,0.27 ,-0.29,0.29 ,-0.05,0.05
S000000540,-0.26,1.07 ,1.5  ,1.28 ,0.03 ,0.22 ,0.46
S000000544,-0.12,-1.2 ,-0.05,0.04 ,0.04 ,-0.12,-0.3
S000000545,1.38 ,2.14 ,1.97 ,1.36 ,0.06 ,0.23 ,0.08
S000000546,0.22 ,1.61 ,0.25 ,0.15 ,-0.05,0.1  ,-0.3
S000000547,0.44 ,1.34 ,0.75 ,0.54 ,0.03 ,0.15 ,-0.01
S000000559,-1.26,-2.31,-0.42,-0.42,0.14 ,0.11 ,0.0
S000000564,-0.73,-2.06,-1.58,-0.32,0.02 ,-0.15,-0.28
S000000569,-0.31,0.05 ,1.07 ,0.21 ,-0.84,0.7  ,0.82
S000000598,0.52 ,1.28 ,1.22 ,0.1  ,-0.51,-0.12,-0.03
S000000609,-0.67,-1.48,-0.69,-0.34,-0.18,-0.14,-0.42
S000000615,-0.01,-0.35,-0.55,1.59 ,-0.18,-0.64,-0.94
S000000617,0.01 ,0.3  ,-0.01,0.01 ,1.13 ,0.02 ,0.16
S000000630,-0.14,-0.99,-0.62,-0.12,0.32 ,0.18 ,0.15
S000000648,-0.1 ,-1.09,-0.41,-0.53,-0.17,-0.76,-0.51
S000000649,-0.4 ,-1.18,-0.51,-0.36,-0.01,-0.3 ,-0.23
S000002172,-0.32,-1.33,-0.69,0.02 ,-0.22,-0.29,-0.47
S000002175,0.4  ,1.13 ,0.23 ,-0.05,0.11 ,-0.09,0.01
S000002178,2.06 ,1.81 ,0.37 ,0.5  ,-0.28,0.05 ,0.11
S000002179,-0.35,-1.54,1.77 ,1.59 ,0.27 ,0.31 ,1.05
S000002180,3.1  ,3.71 ,2.4  ,1.03 ,0.15 ,1.1  ,1.0
S000002181,-0.07,-0.2 ,1.85 ,0.76 ,-0.04,0.68 ,1.02
S000002182,1.3  ,4.69 ,2.6  ,0.41 ,0.39 ,1.4  ,0.09
S000002204,0.48 ,1.07 ,1.06 ,0.56 ,-0.07,0.15 ,0.48
S000002209,-0.1 ,-1.0 ,-0.58,-0.06,0.18 ,0.01 ,0.16
S000002211,0.0  ,-0.6 ,-0.1 ,-0.32,-0.49,-1.06,-0.58
S000002213,0.03 ,-1.69,-1.12,-0.12,0.23 ,0.11 ,0.06
S000002220,-1.29,-1.4 ,-0.97,-0.45,0.04 ,-0.1 ,-0.27
S000002221,-0.84,-2.94,-0.58,-0.15,-0.14,-0.17,-0.17
S000002233,0.03 ,-1.03,-0.76,-0.14,-0.07,-0.03,0.06
S000002237,0.19 ,0.96 ,-0.34,-0.09,-0.03,0.04 ,-0.15
S000002239,0.16 ,-1.36,-0.86,-0.32,-0.14,-0.58,-0.27
S000002241,-0.04,-1.12,-0.64,-0.01,-0.06,-0.12,-0.04
S000002267,-0.01,-0.12,-0.58,-0.01,0.51 ,-1.0 ,-1.09
S000002269,-0.17,-0.93,-0.32,-0.1 ,-0.07,-0.16,-0.19
S000002282,1.45 ,2.74 ,2.87 ,2.43 ,0.85 ,0.39 ,1.44
S000002306,-0.12,0.5  ,1.08 ,0.36 ,-0.4 ,-0.32,0.11
S000002307,-0.62,-2.4 ,-0.56,-0.38,0.25 ,-0.14,-0.14
S000002309,-0.49,-1.47,-0.51,-0.74,-0.14,-1.0 ,-0.67
S000002311,-0.07,-1.09,-0.49,-0.14,0.25 ,0.04 ,0.04
S000002312,-0.64,-2.32,-0.67,-0.04,0.2  ,-0.12,0.01
S000002326,-0.71,-2.06,-0.25,-0.62,0.12 ,-0.12,0.1
S000002358,-0.1 ,2.2  ,1.36 ,0.4  ,-0.01,0.32 ,0.37
S000002360,0.12 ,-1.22,-0.54,-0.2 ,-0.15,-0.2 ,-0.15
S000002363,0.42 ,2.7  ,3.12 ,1.75 ,0.41 ,0.84 ,1.15
S000002374,0.16 ,0.94 ,-0.18,0.08 ,0.49 ,0.0  ,0.17
S000002381,0.34 ,1.41 ,1.28 ,0.75 ,0.1  ,0.11 ,0.1
S000002408,0.48 ,1.0  ,0.73 ,0.26 ,-0.06,-0.27,0.03
S000002419,-0.27,-1.29,-0.97,-0.17,-0.12,-0.32,-0.36
S000002425,0.38 ,1.28 ,1.06 ,0.44 ,0.0  ,0.14 ,0.03
S000002426,0.0  ,-0.67,0.95 ,0.08 ,0.38 ,0.36 ,0.06
S000002428,-0.49,-1.25,-0.38,-0.3 ,-0.07,-0.14,-0.27
S000002438,0.06 ,0.46 ,1.08 ,0.33 ,0.12 ,-0.22,-0.1
S000002450,-0.42,2.33 ,0.36 ,-0.18,-0.3 ,0.2  ,-0.1
S000002465,0.43 ,1.31 ,0.41 ,0.55 ,0.04 ,0.21 ,0.1
S000002466,0.04 ,-0.22,1.34 ,0.4  ,0.25 ,0.14 ,0.25
S000002470,-0.4 ,-1.25,0.77 ,0.5  ,-0.07,-0.04,0.1
S000002471,-0.27,-1.06,-0.2 ,-0.32,-0.34,0.16 ,0.07
S000002476,0.89 ,1.33 ,-0.04,-0.14,-0.49,-0.14,-0.03
S000002477,0.64 ,2.33 ,3.0  ,1.89 ,0.16 ,0.43 ,0.19
S000002481,3.66 ,4.87 ,3.42 ,3.16 ,0.29 ,0.93 ,1.94
S000002483,1.03 ,1.49 ,0.26 ,0.06 ,0.25 ,0.6  ,0.36
S000002484,0.53 ,1.1  ,1.17 ,1.46 ,1.14 ,1.09 ,0.93
S000002490,-1.12,-2.25,-0.64,-0.01,0.19 ,-0.04,-0.18
S000002492,2.15 ,2.49 ,1.17 ,1.7  ,0.03 ,0.32 ,0.71
S000002498,-0.54,-1.6 ,-0.62,-0.18,0.12 ,0.07 ,0.1
S000002503,0.45 ,1.53 ,0.19 ,0.49 ,-0.04,0.18 ,0.1
S000002504,-0.32,-1.22,-1.18,-0.09,0.31 ,-0.06,0.23
S000002508,-0.71,-1.25,-0.51,-0.23,0.12 ,0.1  ,0.04
S000002527,-0.6 ,-2.12,-0.86,-0.34,0.07 ,0.33 ,0.04
S000002533,0.4  ,0.94 ,-0.47,0.24 ,0.19 ,0.2  ,0.54
S000002549,-0.01,1.02 ,0.28 ,0.19 ,0.03 ,-0.09,0.14
S000002564,0.68 ,1.61 ,-0.92,-1.06,-0.43,-1.03,-1.47
S000002572,-0.56,-1.79,-0.67,-0.14,-0.03,-0.04,-0.09
S000002576,0.15 ,1.08 ,0.77 ,0.15 ,0.04 ,0.26 ,0.45
S000002578,1.28 ,2.71 ,2.04 ,1.07 ,-0.67,-0.47,-0.18
S000002592,-0.69,-1.51,-0.3 ,-0.38,0.01 ,0.07 ,-0.06
S000002600,-0.14,0.5  ,0.24 ,0.25 ,1.09 ,0.56 ,0.23
S000002610,0.58 ,1.26 ,0.72 ,0.41 ,-0.29,0.0  ,0.2
S000002631,0.5  ,1.69 ,0.61 ,0.33 ,0.29 ,0.16 ,0.25
S000002636,0.55 ,0.94 ,0.26 ,0.1  ,0.04 ,0.4  ,-0.51
S000002655,0.54 ,1.59 ,0.46 ,1.6  ,-0.01,-0.25,0.25
S000002657,0.21 ,1.08 ,0.06 ,-0.27,0.04 ,0.01 ,-0.1
S000002658,0.11 ,0.32 ,-0.1 ,-0.34,0.08 ,-1.25,-0.27
S000002662,0.2  ,1.2  ,0.55 ,0.45 ,0.19 ,0.06 ,0.38
S000002666,0.54 ,1.29 ,0.91 ,0.82 ,-0.48,-0.37,0.02
S000002680,0.28 ,1.09 ,1.44 ,1.16 ,0.19 ,0.2  ,0.56
S000002681,0.43 ,1.2  ,0.79 ,0.36 ,0.24 ,0.55 ,0.24
S000002685,0.78 ,1.3  ,-0.62,1.85 ,0.01 ,0.42 ,0.76
S000002687,-0.43,-1.03,-0.4 ,-0.27,0.06 ,-0.07,0.0
S000002692,0.37 ,1.01 ,0.64 ,0.54 ,0.1  ,0.12 ,0.67
S000002693,0.33 ,1.02 ,0.29 ,0.07 ,0.01 ,-0.03,-0.15
S000002707,-0.74,-2.32,-0.29,-0.38,0.16 ,0.12 ,0.01
S000002713,0.16 ,0.97 ,0.49 ,0.15 ,0.0  ,-0.12,0.03
S000002714,0.43 ,1.3  ,0.58 ,0.25 ,-0.14,-0.17,0.04
S000002720,-0.79,-2.32,-0.04,-0.4 ,0.3  ,0.31 ,0.14
S000002729,0.14 ,-0.64,-0.94,0.01 ,0.0  ,-0.2 ,0.19
S000002732,-0.67,-2.06,-0.79,-0.42,-0.15,-0.17,-0.4
S000002749,-0.09,-1.06,-0.94,-0.2 ,0.12 ,0.01 ,-0.01
S000002750,0.88 ,0.8  ,-0.84,1.73 ,-0.29,0.23 ,0.33
S000002751,-0.03,0.1  ,-0.71,1.23 ,-0.08,0.12 ,0.24
S000002753,-0.54,0.46 ,-1.09,1.22 ,-0.04,0.18 ,0.16
S000002754,-0.79,-1.18,-0.49,0.04 ,0.08 ,-0.01,0.41
S000002758,0.48 ,1.06 ,0.42 ,0.08 ,-0.17,0.11 ,0.12
S000002761,-1.51,1.58 ,-0.36,-0.32,0.15 ,-0.1 ,-0.23
S000002766,0.74 ,1.6  ,1.21 ,0.79 ,0.49 ,0.3  ,0.39
S000002769,-0.18,-1.0 ,-0.25,0.03 ,0.24 ,0.16 ,0.01
S000002773,-0.27,-1.12,-0.15,-0.04,0.06 ,-0.15,-0.14
S000002776,0.45 ,1.77 ,1.68 ,1.34 ,0.67 ,0.32 ,0.8
S000002782,0.2  ,1.62 ,0.3  ,0.26 ,0.39 ,0.52 ,0.07
S000002787,0.3  ,1.21 ,0.61 ,0.06 ,-0.09,0.14 ,0.26
S000002788,0.23 ,1.7  ,1.52 ,0.06 ,-0.3 ,0.86 ,0.98
S000002790,0.34 ,-1.03,-0.49,-0.06,0.58 ,-0.27,-0.18
S000002799,0.5  ,2.11 ,2.08 ,1.64 ,0.11 ,-0.22,0.66
S000002803,-0.54,-1.43,-0.22,-0.18,0.1  ,-0.18,0.04
S000002804,-0.22,-0.97,-0.58,-0.3 ,-0.23,-0.09,-0.36
S000002805,-0.3 ,-1.22,-0.4 ,-0.43,-0.14,-0.12,-0.18
S000002806,-0.14,-1.22,-0.94,-0.49,0.4  ,-0.14,-0.29
S000002807,-1.36,-2.84,-0.06,0.08 ,-0.09,-0.4 ,0.33
S000002820,-0.09,-1.12,-0.38,-0.22,0.01 ,0.0  ,0.12
S000002821,-0.12,-1.15,-0.38,-0.01,0.23 ,-0.04,0.08
S000002825,-0.03,-0.94,-0.49,0.33 ,0.1  ,0.41 ,0.08
S000002826,-0.14,-1.32,-0.84,0.01 ,0.28 ,-0.03,0.14
S000002833,0.41 ,1.32 ,0.46 ,-0.12,-0.2 ,-0.23,0.14
S000002835,0.96 ,0.36 ,1.03 ,0.26 ,0.06 ,-0.32,-0.14
S000002837,-0.23,-1.89,-0.07,-0.01,-0.01,-0.23,-0.29
S000002844,0.01 ,1.68 ,1.14 ,0.41 ,0.08 ,-0.38,0.03
S000002860,0.64 ,0.96 ,1.0  ,0.58 ,0.3  ,0.52 ,0.68
S000002861,0.1  ,0.82 ,1.79 ,1.18 ,0.98 ,0.24 ,0.75
S000002868,0.44 ,1.1  ,0.56 ,0.36 ,0.14 ,0.39 ,0.58
S000002873,-0.29,-1.12,-0.62,-0.04,0.04 ,-0.12,-0.25
S000002879,-0.49,-1.47,-0.27,0.38 ,0.43 ,0.31 ,0.34
S000002899,-0.43,-1.25,-0.62,-0.23,-0.14,-0.14,-0.2
S000002900,-0.71,-1.74,-1.12,-0.51,-0.45,-0.29,-0.3
S000002904,-0.67,-1.9 ,-0.58,-0.48,0.09 ,-0.08,-0.14
S000002909,1.37 ,1.28 ,-0.38,0.18 ,0.1  ,0.23 ,0.41
S000002913,0.2  ,1.04 ,0.89 ,0.31 ,0.0  ,0.0  ,0.48
S000002916,0.67 ,0.93 ,-0.07,-0.43,-0.04,0.24 ,0.06
S000002921,1.27 ,2.03 ,1.74 ,1.02 ,0.21 ,0.29 ,0.46
S000002923,-0.34,0.51 ,0.99 ,-0.23,-0.27,-0.22,-0.04
S000002924,0.98 ,2.26 ,-0.07,0.99 ,0.28 ,0.04 ,-0.3
S000002936,0.43 ,0.04 ,-0.34,-1.09,0.0  ,0.14 ,0.41
S000002939,0.1  ,0.99 ,0.58 ,0.01 ,0.12 ,0.04 ,0.46
S000002944,2.15 ,5.15 ,3.72 ,-0.17,-0.17,0.01 ,0.46
S000002945,0.61 ,0.99 ,-0.12,-0.12,0.42 ,0.24 ,0.19
S000000735,-0.47,-1.22,0.04 ,0.25 ,-0.01,0.21 ,0.39
S000000737,0.72 ,1.43 ,0.82 ,2.09 ,-0.34,0.36 ,0.82
S000000738,0.12 ,1.37 ,1.08 ,0.31 ,0.06 ,0.26 ,0.75
S000000750,0.36 ,1.08 ,0.75 ,0.41 ,-0.03,0.25 ,0.82
S000000765,0.5  ,1.49 ,1.04 ,0.63 ,0.0  ,-0.06,0.55
S000000766,-0.89,-0.51,-1.03,-0.69,-0.58,-0.51,-0.43
S000000768,-0.25,-0.76,-1.22,-0.06,0.01 ,0.21 ,0.0
S000000780,-0.14,-1.4 ,-0.58,-0.18,0.11 ,0.07 ,-0.09
S000000781,-0.05,-1.14,-0.66,-0.3 ,0.11 ,-0.18,-0.27
S000000797,-0.27,0.28 ,1.02 ,-0.06,-0.58,-0.38,0.29
S000000798,0.29 ,0.96 ,-0.22,-0.43,0.11 ,-0.17,-0.07
S000000803,-0.25,-1.29,-0.43,-0.36,0.53 ,-0.15,0.15
S000000808,0.08 ,-1.64,-0.94,-0.07,-0.14,0.15 ,-0.15
S000000822,0.58 ,1.23 ,0.6  ,0.18 ,-0.1 ,0.36 ,0.16
S000000823,0.43 ,0.52 ,1.0  ,0.19 ,-0.38,-0.1 ,0.15
S000000828,0.34 ,0.94 ,1.45 ,0.95 ,0.5  ,0.64 ,0.86
S000000839,0.78 ,1.72 ,1.28 ,0.55 ,0.06 ,-0.01,0.31
S000000840,1.22 ,1.61 ,0.97 ,0.45 ,-0.15,0.11 ,0.19
S000000845,-0.14,-1.03,-0.71,-0.32,-0.09,-0.29,-0.42
S000000851,-0.29,-0.94,-0.29,-0.09,0.03 ,0.12 ,0.23
S000000855,1.7  ,2.45 ,1.82 ,2.67 ,-0.58,-0.27,0.68
S000000858,-1.03,-1.64,0.0  ,-0.15,0.12 ,0.25 ,0.44
S000000864,1.9  ,3.18 ,2.7  ,1.63 ,0.64 ,0.93 ,0.79
S000000868,0.42 ,1.25 ,0.38 ,0.11 ,-0.09,0.16 ,0.23
S000000869,1.61 ,3.54 ,1.6  ,3.12 ,-0.07,0.11 ,0.91
S000000872,-0.71,-1.89,-0.92,-0.27,0.75 ,0.37 ,0.54
S000000876,0.15 ,-1.18,-0.74,-0.15,0.11 ,0.06 ,0.16
S000000880,0.24 ,0.98 ,0.54 ,0.25 ,-0.18,0.21 ,0.04
S000000881,1.39 ,2.76 ,2.29 ,1.16 ,-0.1 ,0.16 ,0.44
S000000883,1.11 ,1.12 ,0.33 ,-0.14,-0.09,-0.07,-0.1
S000000884,-0.23,-1.12,-0.76,-0.45,0.38 ,-0.43,-0.42
S000000888,-0.3 ,-1.0 ,-0.69,0.08 ,0.11 ,0.16 ,0.08
S000000889,0.19 ,0.96 ,0.63 ,0.23 ,0.06 ,0.18 ,0.61
S000000890,-0.94,-0.14,0.18 ,0.3  ,0.1  ,0.41 ,0.01
S000000893,-0.17,-1.64,-1.09,-0.36,1.52 ,-1.15,0.0
S000000905,1.01 ,2.8  ,2.44 ,0.99 ,-0.12,-0.47,0.18
S000000912,-0.22,-1.15,-1.36,-0.32,0.25 ,0.08 ,-0.2
S000000919,-0.18,-1.06,-0.62,-0.15,0.32 ,0.39 ,0.25
S000000928,-0.29,-1.51,-0.29,0.16 ,0.4  ,0.31 ,0.26
S000000929,-0.38,-1.6 ,-0.01,-0.58,0.21 ,0.07 ,-0.18
S000000944,0.01 ,0.9  ,1.53 ,0.49 ,-0.36,-0.14,-0.04
S000000948,-0.17,-1.06,-0.43,-0.3 ,-0.27,-0.51,-0.62
S000000952,1.12 ,3.02 ,2.77 ,2.42 ,0.96 ,0.76 ,0.62
S000000958,-0.27,-1.15,-0.47,0.0  ,-0.04,0.07 ,0.01
S000000960,-0.29,-0.34,0.62 ,0.93 ,0.51 ,0.45 ,0.24
S000000967,0.03 ,-0.97,-0.94,-0.1 ,0.06 ,0.19 ,0.12
S000000984,0.28 ,1.14 ,0.8  ,0.29 ,-0.2 ,-0.27,0.23
S000000987,-0.01,1.14 ,0.44 ,-0.09,0.25 ,0.65 ,-0.36
S000001894,0.04 ,-1.36,-0.42,-0.12,-0.1 ,-0.01,-0.32
S000001883,-0.07,-1.18,-0.89,-0.03,-0.18,0.06 ,-0.49
S000001881,-0.94,-2.64,0.38 ,-0.1 ,0.07 ,-0.06,0.04
S000001880,2.73 ,4.6  ,4.76 ,4.72 ,3.59 ,1.24 ,2.6
S000001878,0.91 ,1.17 ,0.48 ,0.36 ,-0.58,-0.29,0.0
S000001854,0.24 ,0.99 ,0.64 ,0.14 ,0.04 ,0.2  ,0.25
S000001897,-0.38,-1.51,-0.64,-0.14,0.23 ,-0.15,-0.32
S000001899,0.1  ,0.73 ,0.95 ,0.3  ,0.28 ,0.0  ,-0.06
S000001906,0.34 ,0.9  ,0.99 ,0.19 ,-0.04,-0.12,0.19
S000001910,0.26 ,0.99 ,0.5  ,0.49 ,-0.17,0.32 ,0.26
S000001913,0.41 ,0.7  ,0.3  ,1.04 ,0.41 ,-0.09,-0.56
S000001925,0.92 ,0.65 ,1.08 ,-0.22,-0.01,0.2  ,-0.2
S000001926,0.42 ,0.8  ,-0.34,-0.23,1.01 ,-0.09,0.16
S000002104,-0.07,-1.6 ,-1.47,-0.4 ,-0.18,-0.4 ,-0.09
S000001935,0.14 ,0.94 ,0.56 ,0.07 ,0.93 ,0.7  ,0.85
S000001945,0.39 ,1.04 ,1.02 ,0.55 ,-0.3 ,0.12 ,0.45
S000001946,0.1  ,0.58 ,0.98 ,0.34 ,-0.15,-0.03,0.3
S000001948,0.08 ,0.41 ,0.99 ,0.32 ,-0.42,-0.22,0.12
S000001949,1.26 ,2.29 ,2.25 ,2.07 ,-0.1 ,0.65 ,1.42
S000002978,0.64 ,1.53 ,0.71 ,0.18 ,-0.03,0.14 ,0.29
S000002989,-0.47,-1.09,-0.47,0.12 ,0.31 ,0.24 ,0.3
S000002996,-1.15,-0.79,-0.27,-0.58,-0.12,0.18 ,0.63
S000002997,-0.49,-2.47,-0.29,-0.36,-0.12,-0.34,-0.49
S000002999,-0.09,-1.25,-0.84,-0.1 ,0.12 ,-0.01,0.18
S000003000,-0.12,-1.51,-0.94,-0.76,-0.62,-0.27,-0.2
S000003003,0.24 ,0.52 ,-0.34,-0.2 ,0.04 ,-0.01,1.33
S000003004,1.38 ,2.08 ,1.06 ,0.51 ,0.04 ,0.22 ,0.37
S000003005,1.51 ,2.64 ,2.33 ,1.42 ,-0.07,0.33 ,0.66
S000003016,0.3  ,0.56 ,1.06 ,0.49 ,0.01 ,-0.14,-0.14
S000003021,0.31 ,1.37 ,0.93 ,0.37 ,-0.06,-0.04,0.24
S000003023,-0.03,-1.56,-1.36,0.57 ,0.48 ,0.08 ,0.18
S000003025,0.06 ,0.93 ,0.45 ,-0.12,-0.2 ,0.16 ,0.06
S000003027,0.12 ,1.24 ,0.76 ,0.52 ,-0.54,0.14 ,0.01
S000003030,0.23 ,0.96 ,0.49 ,0.08 ,0.05 ,0.05 ,-0.17
S000003046,-1.06,-3.18,-0.51,-0.14,0.14 ,-0.06,-0.12
S000003049,0.16 ,1.33 ,1.46 ,0.37 ,0.49 ,0.58 ,0.76
S000003062,-1.18,-0.45,-0.38,-0.12,0.01 ,-0.06,0.25
S000003065,-0.56,-1.18,-0.56,-0.54,0.08 ,-0.34,-0.45
S000003066,0.25 ,1.22 ,0.7  ,0.42 ,-0.01,0.25 ,0.64
S000003067,-0.36,-1.18,-0.34,-0.2 ,0.18 ,0.32 ,0.1
S000003070,-0.43,-1.06,-0.64,-0.04,0.25 ,-0.04,-0.25
S000003071,-0.56,-1.4 ,-0.49,-0.17,0.06 ,-0.06,-0.14
S000003072,0.62 ,1.44 ,1.06 ,0.36 ,0.44 ,0.52 ,0.65
S000003079,-0.22,-1.4 ,-0.49,-0.23,0.06 ,0.24 ,-0.03
S000003088,-0.1 ,-1.12,-0.54,-0.1 ,0.01 ,0.08 ,0.06
S000003089,0.01 ,0.63 ,1.74 ,1.31 ,0.76 ,0.33 ,0.9
S000003091,-0.54,-1.36,-0.76,-0.2 ,0.04 ,-0.22,-0.4
S000003093,0.28 ,1.45 ,0.21 ,-0.04,0.1  ,-0.27,-0.03
S000003096,0.39 ,1.01 ,0.11 ,-0.3 ,-0.01,0.01 ,0.11
S000003102,0.33 ,0.93 ,0.74 ,0.11 ,0.11 ,0.1  ,0.4
S000003115,0.07 ,-0.89,-1.06,0.16 ,0.34 ,0.23 ,0.38
S000003116,-0.14,-1.79,-1.36,-0.71,0.06 ,-0.67,-0.04
S000003125,0.12 ,1.76 ,2.28 ,1.28 ,0.3  ,0.58 ,0.92
S000003126,0.11 ,2.18 ,0.89 ,0.33 ,0.58 ,0.36 ,-0.29
S000003128,0.08 ,1.12 ,0.58 ,0.31 ,0.06 ,0.23 ,0.43
S000003139,0.1  ,1.04 ,-0.92,-0.18,0.03 ,-0.18,-0.45
S000003146,0.41 ,1.09 ,0.49 ,0.16 ,0.12 ,0.24 ,0.33
S000003147,0.8  ,1.59 ,0.48 ,0.26 ,0.1  ,0.12 ,0.4
S000003148,0.32 ,1.12 ,0.9  ,0.4  ,0.1  ,0.34 ,0.43
S000003152,0.33 ,0.4  ,0.4  ,0.97 ,1.62 ,0.71 ,0.04
S000003160,0.81 ,1.23 ,-0.01,0.21 ,-0.14,0.25 ,0.39
S000003198,1.29 ,1.88 ,0.52 ,0.15 ,-0.34,-0.01,0.08
S000003217,0.23 ,0.92 ,1.23 ,0.77 ,0.16 ,0.3  ,0.1
S000003218,0.3  ,1.13 ,0.23 ,-0.2 ,0.11 ,0.11 ,-0.22
S000003219,0.41 ,1.44 ,0.46 ,0.24 ,0.15 ,0.46 ,-0.18
S000003227,0.0  ,1.06 ,0.72 ,-0.29,0.2  ,0.39 ,0.24
S000003240,0.2  ,0.36 ,2.14 ,1.75 ,-0.06,0.03 ,0.87
S000003251,0.56 ,1.38 ,1.06 ,0.74 ,-0.17,0.43 ,0.56
S000003255,0.6  ,1.55 ,0.75 ,0.67 ,0.23 ,0.19 ,0.4
S000003266,0.06 ,-1.12,-0.69,-0.07,0.07 ,0.1  ,0.1
S000003274,0.19 ,1.62 ,1.88 ,1.16 ,0.84 ,0.83 ,0.41
S000003275,0.7  ,3.97 ,4.64 ,3.43 ,2.99 ,1.9  ,1.7
S000003278,0.62 ,1.26 ,0.51 ,0.3  ,0.07 ,0.2  ,0.42
S000003280,0.49 ,0.85 ,1.17 ,0.08 ,-0.49,-0.47,0.06
S000003281,0.46 ,2.07 ,0.04 ,-0.12,0.11 ,0.28 ,0.32
S000003284,3.83 ,4.84 ,2.68 ,2.35 ,-0.22,-0.01,0.56
S000003285,0.31 ,1.56 ,0.65 ,0.71 ,-0.12,0.23 ,0.39
S000003291,0.45 ,1.04 ,0.52 ,0.24 ,0.33 ,0.71 ,0.56
S000003297,0.46 ,1.06 ,-0.04,-0.69,-0.14,0.06 ,0.3
S000003298,0.86 ,3.46 ,1.86 ,0.15 ,0.28 ,0.24 ,0.4
S000003299,0.21 ,1.86 ,0.1  ,0.16 ,0.38 ,0.44 ,0.41
S000003302,-0.95,0.19 ,-0.35,0.96 ,1.22 ,0.07 ,-0.3
S000003312,0.14 ,0.36 ,0.97 ,0.66 ,0.28 ,0.28 ,0.41
S000003313,-0.45,-1.0 ,0.08 ,-0.15,-0.15,0.0  ,0.03
S000003318,0.08 ,1.79 ,1.05 ,0.01 ,0.04 ,0.04 ,0.0
S000003320,0.15 ,4.54 ,4.35 ,2.57 ,0.28 ,1.18 ,1.83
S000003322,0.15 ,-0.94,-0.01,-0.15,0.32 ,0.2  ,-0.2
S000003326,-0.17,-1.89,-0.42,-0.06,0.14 ,-0.01,0.08
S000003335,-0.94,-3.47,-1.56,-0.6 ,0.15 ,-0.29,-0.74
S000003340,-0.49,-1.29,-0.38,-0.32,0.06 ,0.82 ,0.59
S000003341,-0.45,-0.67,-0.67,-0.3 ,0.68 ,0.82 ,1.08
S000003342,0.16 ,1.26 ,1.32 ,0.44 ,-0.09,0.25 ,0.26
S000003343,0.55 ,1.12 ,1.26 ,0.77 ,0.08 ,0.31 ,0.76
S000003350,-0.09,-1.09,-0.4 ,0.1  ,0.25 ,0.21 ,0.29
S000003354,0.62 ,1.19 ,0.42 ,0.23 ,-0.03,0.07 ,0.07
S000003356,-0.25,-1.12,-0.43,-0.34,-0.17,-0.09,-0.54
S000003359,0.33 ,1.64 ,0.82 ,0.55 ,-0.09,0.15 ,0.39
S000003360,-0.71,-2.25,-0.32,-0.15,0.11 ,-0.15,-0.22
S000003362,0.73 ,1.32 ,0.58 ,0.18 ,-0.4 ,-0.12,0.0
S000003363,0.36 ,1.0  ,0.2  ,0.03 ,0.41 ,0.34 ,0.04
S000003364,-0.07,0.69 ,0.96 ,0.41 ,0.16 ,0.33 ,0.83
S000003370,-0.32,-0.94,0.81 ,0.81 ,-0.04,-0.58,-0.3
S000003374,1.97 ,2.48 ,0.97 ,0.84 ,-1.32,-1.6 ,-0.74
S000003377,-0.54,-2.47,-1.32,-0.64,0.06 ,-0.45,-0.51
S000003380,-0.1 ,-1.32,-1.03,-0.22,0.04 ,-0.2 ,-0.07
S000003381,0.58 ,1.4  ,1.33 ,0.52 ,0.06 ,0.41 ,0.58
S000003390,-0.14,-0.97,-0.14,-0.23,-0.25,-0.2 ,-0.03
S000003391,-0.68,-1.54,-0.43,-0.38,0.27 ,-0.08,0.0
S000003392,-1.18,-3.32,-1.12,-0.81,-0.17,-0.43,-0.22
S000003393,0.52 ,2.01 ,0.08 ,-0.18,0.03 ,0.14 ,-0.07
S000003394,-0.2 ,-0.98,-0.33,-0.41,0.05 ,-0.51,-0.22
S000003419,-0.6 ,-1.43,-0.32,-0.62,0.0  ,0.06 ,-0.23
S000003426,-0.06,0.31 ,0.94 ,0.42 ,-0.23,0.25 ,0.19
S000003439,0.04 ,0.45 ,0.95 ,0.56 ,-0.01,0.18 ,0.45
S000003446,-0.15,-1.56,-0.89,-0.4 ,0.15 ,-0.03,0.0
S000003457,0.26 ,1.58 ,0.49 ,0.21 ,0.36 ,0.4  ,0.12
S000003466,0.0  ,-0.89,-2.0 ,-1.25,-0.76,0.0  ,-0.03
S000003469,0.43 ,1.34 ,0.99 ,0.44 ,-0.06,0.18 ,0.34
S000003470,0.07 ,0.95 ,0.32 ,-0.06,-0.04,-0.06,0.25
S000003477,-0.2 ,-2.18,-1.36,-0.54,-0.03,-0.32,-0.56
S000003480,0.39 ,2.1  ,2.59 ,1.83 ,0.29 ,0.12 ,0.69
S000003481,0.39 ,1.4  ,0.42 ,1.55 ,0.25 ,0.44 ,-0.14
S000003496,-0.12,-1.43,-0.79,-0.18,-0.06,-0.15,-0.07
S000003504,-1.0 ,-2.25,-0.54,-0.27,0.15 ,-0.01,-0.3
S000003511,0.69 ,-0.15,-0.94,-0.29,0.21 ,0.65 ,-0.03
S000003512,-0.14,-2.74,-1.43,-0.69,-0.18,-0.25,-0.84
S000003515,-0.36,-1.74,-0.22,-0.17,0.07 ,-0.06,-0.14
S000003517,-0.17,-2.06,-1.32,-1.09,0.16 ,-0.79,-0.71
S000000993,-0.06,-1.09,-0.56,0.12 ,0.24 ,0.37 ,0.12
S000001003,-0.27,-1.12,-0.76,-0.01,0.01 ,0.18 ,0.03
S000001013,0.99 ,3.64 ,2.66 ,1.72 ,-0.54,-0.07,0.48
S000001025,-0.32,-1.36,-1.12,-0.49,0.1  ,0.07 ,-0.12
S000001028,-0.09,0.79 ,1.05 ,0.45 ,0.28 ,0.04 ,0.38
S000001031,-0.38,-1.21,-0.48,-0.26,-0.03,-0.33,-0.27
S000001036,0.04 ,1.04 ,1.3  ,0.54 ,0.29 ,0.23 ,0.51
S000003529,0.19 ,0.56 ,0.64 ,0.68 ,0.03 ,1.55 ,0.48
S000001046,0.83 ,1.4  ,0.43 ,0.31 ,0.03 ,0.21 ,0.21
S000001052,-0.18,-0.94,-0.4 ,0.1  ,-0.01,0.28 ,0.3
S000001056,0.19 ,-0.07,-2.0 ,-0.1 ,-0.14,-0.23,-0.41
S000001059,0.16 ,1.04 ,0.42 ,0.39 ,0.11 ,0.07 ,-0.15
S000003531,0.35 ,2.05 ,2.02 ,0.76 ,-0.15,0.47 ,0.5
S000001064,1.25 ,2.06 ,2.01 ,0.32 ,0.14 ,0.25 ,0.55
S000001067,0.06 ,-0.71,-1.0 ,-0.25,-0.18,-0.27,-0.58
S000001071,0.43 ,1.03 ,0.61 ,0.36 ,0.46 ,0.63 ,0.25
S000001073,0.12 ,1.56 ,-0.07,-0.1 ,0.52 ,0.45 ,0.59
S000001075,0.42 ,1.12 ,0.74 ,0.2  ,0.44 ,0.31 ,-0.14
S000001076,0.01 ,1.09 ,0.75 ,0.2  ,-0.01,0.12 ,0.05
S000001087,0.54 ,0.95 ,-0.34,-0.23,-0.16,-0.19,-0.19
S000001091,0.1  ,1.34 ,0.81 ,0.1  ,0.54 ,0.78 ,1.46
S000001094,-1.18,-2.18,-0.64,-0.34,0.14 ,0.12 ,0.16
S000001106,0.01 ,-0.81,-0.97,-0.23,-0.06,0.16 ,0.21
S000001107,-0.64,-1.6 ,-0.14,-0.18,0.26 ,0.04 ,0.01
S000001108,-1.03,-2.47,-0.09,-0.23,0.49 ,0.29 ,0.1
S000001113,0.31 ,1.08 ,1.07 ,0.52 ,0.43 ,0.85 ,0.6
S000001122,0.0  ,1.0  ,0.64 ,0.08 ,-0.01,-0.04,-0.17
S000001129,1.09 ,3.13 ,1.8  ,1.69 ,0.28 ,0.3  ,0.83
S000001130,-0.1 ,-1.32,-0.47,-0.06,0.25 ,0.01 ,-0.18
S000001131,-0.71,-2.56,-1.43,-0.89,-0.43,-1.0 ,-0.86
S000001136,1.46 ,2.33 ,1.04 ,1.72 ,0.24 ,1.21 ,1.24
S000001138,0.79 ,2.38 ,1.71 ,1.41 ,0.01 ,0.83 ,0.74
S000001139,0.49 ,1.49 ,1.28 ,0.38 ,-0.12,-0.32,0.34
S000001146,0.53 ,3.21 ,3.55 ,2.32 ,-0.09,0.24 ,1.71
S000001154,-0.04,0.66 ,1.09 ,0.56 ,0.46 ,-0.12,0.6
S000001164,1.45 ,0.18 ,-0.04,0.01 ,0.36 ,0.21 ,-0.27
S000001166,2.21 ,0.43 ,0.25 ,0.03 ,-0.1 ,0.08 ,-0.18
S000001179,1.51 ,2.85 ,2.44 ,0.29 ,-0.17,0.99 ,0.58
S000001180,0.04 ,-0.18,2.14 ,1.03 ,-0.18,0.0  ,0.01
S000001181,0.59 ,2.63 ,2.92 ,0.58 ,0.7  ,0.74 ,0.15
S000001182,-0.22,-0.17,1.66 ,0.9  ,0.49 ,0.56 ,0.92
S000001183,-0.07,-1.03,-0.38,-0.06,0.06 ,0.11 ,0.19
S000001191,-0.2 ,-1.15,-0.3 ,-0.15,-0.01,0.18 ,0.26
S000001195,0.24 ,0.16 ,0.23 ,0.58 ,0.21 ,0.7  ,0.93
S000001203,0.29 ,0.85 ,1.33 ,0.34 ,0.34 ,0.55 ,0.15
S000001214,-0.04,1.43 ,0.9  ,0.3  ,-0.25,0.23 ,0.32
S000001220,0.04 ,-1.12,0.26 ,0.07 ,0.12 ,0.28 ,-0.04
S000001237,0.38 ,0.95 ,0.34 ,-0.17,0.37 ,0.28 ,0.2
S000001239,-0.54,-2.06,-0.14,-0.58,0.14 ,0.03 ,0.06
S000001240,-0.25,-1.56,-0.69,-0.64,0.01 ,-0.12,-0.27
S000001246,-0.15,-1.0 ,-0.71,0.01 ,0.28 ,0.4  ,0.11
S000001251,-0.04,-0.97,-0.81,-0.43,-0.34,0.12 ,0.26
S000001258,0.7  ,-1.0 ,-1.51,-0.76,-0.04,-0.07,-0.62
S000001263,0.46 ,1.14 ,0.67 ,0.23 ,0.11 ,0.24 ,0.08
S000001272,0.28 ,1.48 ,1.01 ,0.55 ,0.04 ,-0.09,0.36
S000003536,-0.62,-1.0 ,-0.34,0.29 ,-0.27,0.69 ,-0.07
S000001278,-0.34,-1.12,0.04 ,0.24 ,0.37 ,0.19 ,0.16
S000001280,-0.07,-1.69,-1.03,-0.43,-0.22,-0.3 ,-0.42
S000001293,0.75 ,1.04 ,0.3  ,0.15 ,0.14 ,0.18 ,0.03
S000001299,0.64 ,1.04 ,0.44 ,0.21 ,0.1  ,0.32 ,0.32
S000001307,1.38 ,2.77 ,0.4  ,1.37 ,0.0  ,0.31 ,0.28
S000001310,0.39 ,1.1  ,0.08 ,-0.04,-0.1 ,-0.1 ,0.1
S000001311,0.69 ,1.05 ,0.03 ,-0.43,-0.25,0.1  ,0.03
S000001315,1.44 ,2.13 ,1.32 ,0.45 ,0.06 ,0.61 ,0.34
S000001317,0.66 ,1.28 ,0.62 ,0.13 ,0.03 ,-0.06,-0.32
S000001318,1.0  ,2.02 ,0.31 ,-0.17,-0.27,0.03 ,0.23
S000001348,0.11 ,-0.1 ,-0.25,-0.13,0.1  ,1.89 ,0.13
S000001359,-0.27,1.23 ,0.9  ,0.51 ,0.04 ,-0.06,-0.22
S000001361,0.26 ,1.32 ,0.86 ,0.19 ,0.08 ,0.67 ,-0.27
S000001363,0.37 ,1.71 ,0.96 ,0.36 ,0.06 ,0.93 ,-0.06
S000001368,0.61 ,1.23 ,0.11 ,-0.03,0.06 ,0.19 ,-0.14
S000001369,0.07 ,0.11 ,1.32 ,0.77 ,0.14 ,0.4  ,0.7
S000001372,-0.67,-1.0 ,-0.56,-0.25,-0.1 ,-0.06,-0.38
S000001379,0.06 ,0.23 ,1.19 ,0.57 ,-0.47,-0.7 ,-0.72
S000001386,0.24 ,0.58 ,1.2  ,0.82 ,0.04 ,0.25 ,1.09
S000001389,-0.74,-1.79,-0.47,-0.04,0.21 ,0.01 ,-0.06
S000001395,-0.34,-1.74,-0.47,0.29 ,0.25 ,0.23 ,0.21
S000001398,0.57 ,1.8  ,1.93 ,1.16 ,0.3  ,0.6  ,-0.29
S000001406,0.48 ,1.0  ,0.2  ,-0.2 ,0.14 ,0.32 ,0.33
S000001408,0.28 ,1.01 ,0.68 ,0.01 ,0.3  ,0.66 ,0.39
S000001417,0.2  ,0.7  ,1.28 ,0.29 ,0.23 ,0.27 ,0.04
S000001424,0.34 ,1.08 ,-0.1 ,-0.2 ,0.07 ,0.31 ,0.41
S000001451,0.03 ,-1.0 ,-0.17,-0.22,0.2  ,-0.09,-0.67
S000001453,0.12 ,1.1  ,0.23 ,0.12 ,0.24 ,0.15 ,-0.06
S000001476,0.25 ,0.44 ,0.88 ,0.98 ,0.36 ,0.21 ,0.8
S000001477,0.19 ,0.79 ,1.69 ,1.14 ,1.24 ,0.12 ,0.99
S000001478,0.37 ,0.77 ,0.93 ,0.48 ,0.14 ,0.44 ,0.62
S000003538,-0.06,0.51 ,1.41 ,0.66 ,-0.03,-0.01,0.62
S000003547,-0.56,-1.41,-0.72,-0.32,-0.03,-0.2 ,-0.22
S000003552,0.29 ,0.98 ,0.84 ,0.71 ,0.0  ,-0.1 ,0.18
S000003554,0.3  ,1.08 ,0.96 ,0.7  ,0.16 ,0.23 ,0.43
S000003578,0.85 ,1.07 ,0.26 ,0.05 ,0.09 ,-0.03,0.19
S000003593,0.84 ,1.83 ,1.18 ,0.86 ,-0.06,-0.14,0.4
S000003605,0.25 ,-2.18,-0.67,-0.74,-0.07,-0.23,-0.64
S000003619,0.82 ,2.21 ,0.15 ,0.23 ,0.4  ,0.18 ,-0.14
S000003621,0.26 ,1.54 ,0.23 ,-0.18,0.15 ,-0.03,-0.23
S000003624,0.2  ,0.91 ,0.53 ,0.64 ,1.12 ,0.86 ,0.34
S000003625,0.15 ,1.52 ,1.9  ,0.21 ,0.15 ,0.29 ,0.0
S000003629,0.04 ,0.52 ,1.24 ,0.34 ,-0.01,0.34 ,0.36
S000003633,-0.34,-1.09,-0.62,-0.18,-0.15,-0.14,0.0
S000003639,-0.2 ,1.18 ,0.65 ,0.19 ,-0.07,0.3  ,0.44
S000003642,1.08 ,1.98 ,0.01 ,0.4  ,-0.22,0.32 ,-0.03
S000003643,1.37 ,3.35 ,0.82 ,0.11 ,0.58 ,0.75 ,0.65
S000003644,2.19 ,4.07 ,1.4  ,0.78 ,0.67 ,1.04 ,1.06
S000003645,-0.19,-1.52,-0.79,-0.11,0.0  ,-0.24,-0.35
S000003651,-0.38,-1.22,-0.67,-0.54,0.14 ,-0.32,-0.25
S000003658,-0.64,-1.69,-0.92,-0.81,0.21 ,-0.18,-0.38
S000003668,0.25 ,1.16 ,0.34 ,0.11 ,-0.06,0.19 ,0.36
S000003684,-0.4 ,-2.4 ,-0.64,-0.15,-0.04,-0.04,-0.17
S000003685,0.61 ,1.11 ,0.64 ,0.23 ,0.08 ,0.2  ,0.34
S000003690,-0.14,0.39 ,0.3  ,0.03 ,0.48 ,-0.12,1.01
S000003691,0.04 ,1.06 ,1.15 ,0.45 ,0.11 ,0.23 ,0.82
S000003693,-0.17,-1.03,-0.42,-0.29,0.03 ,0.33 ,0.58
S000003694,0.24 ,-0.95,-0.34,0.31 ,0.67 ,-0.07,-0.3
S000003697,-0.07,2.04 ,2.42 ,1.09 ,0.15 ,0.29 ,0.52
S000003699,0.46 ,1.93 ,0.18 ,0.26 ,0.06 ,0.06 ,0.2
S000003700,0.52 ,1.92 ,1.38 ,0.56 ,0.14 ,0.38 ,0.6
S000003702,0.3  ,1.17 ,0.78 ,0.64 ,0.04 ,0.29 ,0.3
S000003726,0.12 ,-0.94,-1.06,0.11 ,0.07 ,0.15 ,0.33
S000003736,-0.04,-1.09,-0.97,0.44 ,0.59 ,0.2  ,0.14
S000003750,0.2  ,1.07 ,0.12 ,1.21 ,0.48 ,0.64 ,0.29
S000003753,0.19 ,-0.23,-1.18,-0.1 ,-0.62,0.16 ,0.42
S000003762,-0.2 ,-1.27,-0.67,-0.12,-0.02,-0.07,-0.29
S000003768,0.77 ,2.48 ,1.81 ,1.2  ,0.06 ,0.3  ,0.64
S000003786,0.36 ,0.79 ,1.01 ,0.83 ,-0.14,0.29 ,0.07
S000003793,0.03 ,-1.06,0.01 ,-0.1 ,0.04 ,-0.01,0.15
S000003797,0.42 ,1.01 ,0.45 ,0.19 ,0.15 ,0.16 ,0.06
S000003800,0.07 ,0.95 ,0.28 ,0.12 ,0.16 ,0.18 ,0.1
S000003801,0.93 ,-0.22,0.03 ,-0.03,0.24 ,0.19 ,-0.29
S000003802,-0.94,-1.64,-0.47,-0.36,-0.12,-0.01,-0.18
S000003805,0.37 ,1.26 ,0.68 ,0.26 ,-0.06,0.07 ,-0.06
S000003807,1.17 ,2.36 ,0.33 ,0.01 ,-0.03,-0.2 ,-0.4
S000003811,0.33 ,1.2  ,0.28 ,0.11 ,-0.06,-0.12,-0.06
S000003813,0.37 ,1.08 ,0.43 ,0.18 ,-0.06,0.03 ,-0.01
S000003820,1.32 ,1.7  ,0.94 ,0.6  ,0.08 ,0.23 ,0.48
S000003824,-0.56,-1.12,-0.22,-0.14,0.03 ,0.06 ,0.21
S000003831,-0.15,-1.29,-1.03,-0.42,-0.04,-0.18,-0.62
S000003832,-0.12,-0.79,-0.97,-0.29,-0.42,-0.01,-0.17
S000003833,0.0  ,-1.18,-0.27,-0.17,0.0  ,0.03 ,-0.56
S000003834,0.12 ,0.0  ,1.16 ,1.27 ,1.05 ,0.44 ,0.33
S000003851,0.12 ,1.16 ,0.73 ,0.41 ,-0.12,-0.07,0.11
S000003855,-0.14,-1.06,-0.64,-0.25,0.15 ,0.14 ,-0.25
S000003857,0.45 ,1.82 ,2.45 ,1.94 ,0.33 ,0.11 ,0.9
S000003858,-0.15,-1.09,-0.1 ,-0.27,0.42 ,0.24 ,-0.06
S000003871,0.26 ,1.26 ,0.1  ,0.03 ,-0.09,0.03 ,0.28
S000003884,-0.29,-1.12,-0.54,-0.06,0.58 ,0.37 ,0.42
S000003892,1.2  ,-0.04,0.03 ,0.0  ,0.1  ,0.58 ,-0.29
S000003898,0.1  ,-0.17,-0.43,-0.18,-1.09,-0.04,-0.47
S000003906,0.29 ,0.97 ,-0.51,0.03 ,0.4  ,0.56 ,0.18
S000003910,0.2  ,0.23 ,0.93 ,0.18 ,0.07 ,0.23 ,-0.15
S000001489,-0.3 ,-1.69,-0.45,0.04 ,0.21 ,0.16 ,-0.18
S000001490,0.31 ,0.66 ,0.93 ,0.52 ,0.06 ,0.12 ,0.37
S000001492,-1.36,-2.47,-0.71,-0.3 ,0.26 ,0.28 ,0.03
S000001508,0.18 ,1.13 ,0.49 ,0.26 ,0.1  ,0.12 ,0.63
S000001509,0.14 ,0.9  ,1.45 ,1.49 ,0.11 ,0.0  ,0.29
S000001512,-0.15,-1.06,-0.67,-0.3 ,-0.15,-0.17,-0.47
S000001513,-0.76,-2.12,-0.6 ,-0.43,-0.49,-0.64,-0.92
S000001517,0.18 ,1.06 ,0.79 ,0.48 ,0.18 ,0.43 ,0.66
S000001518,1.01 ,2.28 ,2.39 ,1.75 ,0.32 ,0.46 ,1.08
S000001526,0.0  ,-0.07,-0.81,-1.12,-0.49,-0.04,-0.29
S000001539,-0.17,-0.6 ,-0.97,-0.15,0.08 ,0.1  ,0.04
S000001540,-0.4 ,-0.17,-0.07,-0.29,0.78 ,0.1  ,1.24
S000001548,0.93 ,1.59 ,1.34 ,1.15 ,0.31 ,0.21 ,0.49
S000001550,0.45 ,1.09 ,1.23 ,0.83 ,0.63 ,0.26 ,1.01
S000001562,-0.15,0.54 ,1.21 ,0.25 ,-0.03,0.1  ,0.26
S000001564,0.28 ,-0.67,-1.22,-0.54,-0.03,0.25 ,-0.25
S000001574,1.08 ,2.78 ,2.1  ,1.47 ,-0.01,0.23 ,1.23
S000001576,0.78 ,2.05 ,1.52 ,0.98 ,0.07 ,0.4  ,0.99
S000001579,0.94 ,2.26 ,1.65 ,0.87 ,1.12 ,0.74 ,1.14
S000001582,-0.62,-1.89,-0.2 ,-0.32,0.2  ,-0.04,-0.06
S000001586,0.51 ,1.23 ,1.84 ,0.87 ,0.01 ,0.12 ,0.72
S000001592,-0.4 ,-0.76,-1.36,1.9  ,-0.67,-0.84,-0.4
S000001604,0.24 ,1.23 ,0.81 ,0.28 ,-0.14,-0.22,0.38
S000001606,0.0  ,1.0  ,0.43 ,0.04 ,-0.07,-0.25,0.06
S000001607,0.43 ,1.59 ,0.86 ,0.48 ,0.04 ,0.43 ,0.55
S000001616,0.29 ,1.64 ,0.82 ,0.32 ,-0.32,0.06 ,0.11
S000001617,0.08 ,1.34 ,0.55 ,-0.04,0.19 ,0.38 ,0.49
S000001625,0.88 ,1.77 ,1.68 ,1.11 ,0.01 ,-0.06,0.55
S000001626,-0.47,-2.25,-1.22,-0.42,0.07 ,-0.15,-0.58
S000001627,-0.1 ,-1.12,-0.38,-0.09,-0.32,-0.01,0.1
S000001628,-0.03,0.12 ,0.97 ,0.6  ,-0.36,-0.27,-0.04
S000001633,0.59 ,1.81 ,2.15 ,1.73 ,0.08 ,0.54 ,0.06
S000001639,-0.2 ,-1.22,-0.09,-0.04,0.01 ,0.25 ,0.07
S000001640,1.06 ,0.46 ,0.45 ,0.41 ,-0.15,0.08 ,0.38
S000001644,0.33 ,0.93 ,0.39 ,0.34 ,0.32 ,0.41 ,0.36
S000001645,0.14 ,1.33 ,0.85 ,0.41 ,0.12 ,0.45 ,0.2
S000001650,0.44 ,1.27 ,0.37 ,0.07 ,-0.18,0.12 ,0.15
S000001655,-1.0 ,-2.32,-0.32,-0.2 ,0.36 ,0.24 ,-0.1
S000001667,0.36 ,0.7  ,0.89 ,0.58 ,0.7  ,1.14 ,0.74
S000001668,-0.76,-1.22,-0.89,-0.4 ,0.01 ,0.19 ,0.38
S000001671,0.33 ,1.34 ,0.66 ,0.23 ,-0.18,0.54 ,0.38
S000001673,0.26 ,0.63 ,0.99 ,0.33 ,0.36 ,0.49 ,0.87
S000001676,0.58 ,1.19 ,1.15 ,0.72 ,-0.12,0.0  ,0.5
S000001681,0.2  ,1.01 ,0.28 ,0.24 ,0.23 ,0.56 ,0.31
S000001684,0.86 ,1.08 ,0.52 ,0.21 ,0.48 ,0.5  ,0.37
S000001685,0.93 ,1.42 ,0.33 ,0.15 ,0.54 ,0.64 ,0.54
S000001688,-0.62,-0.94,-0.32,-0.22,-0.06,-0.2 ,0.01
S000001690,-0.01,-0.2 ,-0.07,0.0  ,0.03 ,1.73 ,-0.42
S000001693,0.15 ,0.32 ,1.04 ,0.49 ,-0.1 ,-0.07,0.16
S000001699,-0.18,-1.43,-1.18,-0.45,-0.03,0.36 ,0.18
S000001719,1.23 ,2.75 ,2.1  ,0.78 ,-0.29,0.18 ,0.5
S000001732,-0.29,-1.18,-0.34,-0.34,0.18 ,-0.06,-0.07
S000001735,0.14 ,1.08 ,0.44 ,0.08 ,0.11 ,0.23 ,0.25
S000001764,-0.94,-2.84,-0.51,-0.49,-0.1 ,-0.1 ,-0.15
S000001783,0.84 ,0.31 ,-0.45,1.57 ,0.29 ,0.32 ,0.21
S000001784,0.0  ,0.62 ,1.17 ,0.54 ,0.46 ,0.64 ,0.86
S000001788,-0.18,-0.4 ,1.34 ,0.52 ,0.07 ,-0.07,0.4
S000001789,-0.74,-2.32,-0.42,-0.27,0.36 ,0.01 ,0.12
S000001800,-0.36,-1.64,-0.84,-0.62,-0.23,-0.4 ,-0.56
S000001806,0.28 ,1.25 ,0.93 ,0.74 ,0.03 ,0.34 ,0.52
S000003931,-0.27,-1.84,-0.86,-0.49,0.0  ,-0.18,-0.54
S000003946,0.43 ,1.87 ,1.83 ,1.06 ,0.08 ,0.34 ,0.37
S000003949,0.07 ,2.48 ,1.77 ,1.48 ,1.11 ,-0.89,0.12
S000003957,-0.24,-1.08,-0.52,-0.19,0.15 ,-0.1 ,-0.32
S000003958,-0.29,-0.97,-0.32,-0.32,-0.07,-0.17,-0.12
S000003961,0.42 ,0.96 ,-0.38,-0.4 ,0.03 ,-0.06,-0.84
S000003962,0.28 ,0.9  ,1.15 ,0.76 ,0.31 ,0.17 ,0.49
S000003967,-0.15,-1.29,-1.15,-0.36,-0.07,-0.14,-0.09
S000003968,-0.18,-1.51,-1.03,-0.15,0.24 ,0.19 ,0.04
S000003981,0.28 ,0.29 ,1.0  ,0.44 ,0.42 ,0.4  ,0.21
S000003985,-0.06,-0.45,-0.47,-0.06,1.15 ,-0.25,0.01
S000003992,-0.14,-1.74,-0.34,-0.14,0.15 ,0.07 ,0.16
S000003993,-0.69,-2.0 ,-0.3 ,-0.27,0.07 ,-0.43,-0.36
S000003996,0.07 ,1.15 ,0.54 ,0.1  ,-0.06,0.08 ,0.4
S000003999,-0.97,-2.32,-0.6 ,-0.32,-0.04,-0.22,-0.27
S000004013,0.77 ,0.93 ,0.2  ,-0.4 ,0.29 ,-0.15,0.04
S000004019,-0.25,-1.43,-0.79,-0.2 ,-0.14,0.28 ,-0.4
S000004021,0.35 ,0.95 ,1.06 ,0.36 ,-0.2 ,0.12 ,0.33
S000004032,1.04 ,2.57 ,1.82 ,1.01 ,-0.07,0.96 ,-0.22
S000004038,-0.23,-1.25,-0.86,-0.17,0.28 ,0.25 ,0.03
S000004041,0.16 ,-1.89,-0.29,-0.23,0.16 ,-0.09,-0.32
S000004044,0.03 ,0.94 ,0.21 ,0.14 ,0.33 ,0.82 ,-0.12
S000004046,-0.42,-1.43,-0.86,-0.62,-0.22,-0.06,-0.43
S000004048,-0.17,-1.64,0.49 ,0.34 ,0.3  ,-0.06,0.18
S000004050,-0.07,-0.94,-0.6 ,-0.1 ,-0.2 ,-0.07,-0.29
S000004052,0.03 ,-0.69,-1.0 ,-0.14,0.04 ,0.36 ,0.16
S000004057,-0.9 ,-1.23,-0.21,-0.38,-0.27,-0.05,-0.01
S000004058,-0.67,-1.06,-0.36,-0.14,0.23 ,-0.03,0.06
S000004070,0.18 ,0.84 ,1.33 ,0.61 ,-0.06,0.25 ,0.5
S000004073,-0.42,-1.25,-0.81,0.03 ,0.16 ,-0.12,0.21
S000004079,0.04 ,0.94 ,1.04 ,0.6  ,0.83 ,0.7  ,0.73
S000004098,1.11 ,1.78 ,0.3  ,-0.56,0.01 ,0.79 ,0.53
S000004110,0.16 ,1.37 ,0.85 ,0.34 ,0.14 ,0.14 ,0.3
S000004119,-0.3 ,-1.6 ,-0.43,-0.17,0.15 ,-0.34,-0.03
S000004139,0.14 ,3.07 ,1.95 ,1.45 ,0.3  ,0.21 ,0.43
S000004142,0.24 ,1.07 ,0.69 ,0.9  ,0.24 ,0.37 ,0.46
S000004155,0.49 ,1.02 ,0.58 ,0.14 ,-0.2 ,0.06 ,0.19
S000004165,-0.74,-2.25,-1.15,-0.51,0.23 ,0.16 ,0.01
S000004167,0.75 ,0.94 ,0.21 ,0.85 ,0.12 ,-0.01,0.11
S000004168,0.43 ,1.08 ,1.49 ,0.92 ,0.12 ,0.46 ,0.25
S000004170,0.19 ,-0.62,-1.4 ,-0.4 ,0.56 ,-0.12,-0.09
S000004173,-0.25,-1.4 ,-1.0 ,-0.27,0.29 ,-0.15,0.25
S000004175,0.01 ,-1.06,-0.86,-0.01,0.01 ,0.11 ,0.12
S000004186,-0.67,-2.56,-0.54,-0.58,0.25 ,0.08 ,0.06
S000004187,0.2  ,-1.56,-1.12,0.07 ,0.15 ,0.06 ,-0.12
S000004188,0.26 ,-1.32,-0.86,-0.04,0.25 ,0.19 ,0.03
S000004204,-0.97,-2.12,-0.76,-1.09,0.04 ,0.38 ,0.08
S000004211,-0.47,-1.94,-0.79,-0.25,0.16 ,-0.04,-0.22
S000004212,-0.97,-2.12,-0.49,-0.62,0.07 ,0.12 ,0.14
S000004215,0.99 ,1.79 ,0.83 ,0.11 ,-0.17,-0.2 ,0.07
S000004231,0.1  ,0.46 ,0.84 ,0.43 ,-1.22,0.0  ,0.44
S000004240,0.4  ,0.98 ,0.93 ,0.72 ,0.34 ,0.31 ,0.74
S000004241,-0.03,-0.03,2.25 ,1.51 ,-0.01,0.24 ,0.67
S000004242,1.38 ,2.9  ,1.56 ,1.5  ,0.0  ,0.14 ,0.56
S000004248,1.78 ,3.37 ,1.99 ,2.05 ,0.39 ,1.01 ,1.72
S000004250,0.63 ,1.18 ,1.0  ,0.4  ,0.2  ,0.58 ,0.74
S000004257,0.64 ,2.16 ,1.87 ,0.18 ,-0.09,0.28 ,0.24
S000004260,1.67 ,2.96 ,2.94 ,1.98 ,0.19 ,0.45 ,1.27
S000004261,-0.06,0.5  ,1.08 ,0.51 ,-0.23,-0.15,0.26
S000004266,-1.25,-2.94,-0.69,-0.51,-0.07,-0.2 ,-0.1
S000004269,-0.04,-1.16,0.0  ,0.05 ,0.06 ,-0.19,-0.07
S000004274,0.37 ,1.52 ,1.15 ,0.34 ,0.06 ,-0.04,0.57
S000004277,-0.34,-1.22,0.21 ,-0.09,0.01 ,-0.2 ,-0.07
S000004291,-0.92,-1.18,0.16 ,0.45 ,1.14 ,0.95 ,1.37
S000004294,0.03 ,-0.79,-1.4 ,-0.15,1.29 ,-0.6 ,-0.25
S000004301,0.15 ,0.1  ,-0.38,-0.14,1.32 ,-0.07,-0.02
S000004303,0.72 ,2.21 ,0.96 ,1.81 ,0.44 ,0.79 ,0.48
S000004319,0.58 ,1.02 ,0.3  ,0.72 ,0.14 ,-0.25,-0.23
S000004327,0.15 ,-1.4 ,-0.3 ,-0.03,-0.03,-0.45,-0.36
S000004328,-0.38,-1.06,-0.15,-0.27,0.24 ,0.04 ,-0.17
S000004331,-0.15,-0.69,-1.03,-0.2 ,-0.03,0.03 ,-0.18
S000004332,0.07 ,-0.94,-0.81,-0.07,0.3  ,0.1  ,-0.1
S000004335,1.3  ,0.74 ,0.2  ,0.29 ,-0.27,0.85 ,0.63
S000004336,0.14 ,-0.94,-0.51,0.16 ,0.2  ,0.06 ,0.23
S000004337,0.25 ,0.18 ,1.41 ,1.24 ,-0.32,0.12 ,0.52
S000004343,-0.29,-1.15,-0.03,-0.2 ,0.2  ,-0.09,-0.69
S000004344,0.58 ,1.24 ,0.55 ,0.07 ,0.06 ,0.52 ,0.36
S000004354,0.45 ,0.97 ,0.8  ,0.33 ,0.04 ,0.54 ,0.65
S000004359,-0.03,-1.12,-1.0 ,-0.1 ,0.2  ,0.21 ,0.23
S000004362,-0.03,0.45 ,1.06 ,0.75 ,0.03 ,0.25 ,0.43
S000004364,-0.94,-2.0 ,-1.29,-0.47,-0.06,0.04 ,0.16
S000004384,0.32 ,1.18 ,0.23 ,0.24 ,-0.04,0.15 ,0.43
S000004393,-0.12,-1.25,-0.23,-0.15,0.26 ,-0.2 ,0.0
S000004401,-0.36,-1.51,-0.23,-0.17,0.03 ,0.04 ,0.45
S000004405,-0.94,-1.47,-1.64,-0.92,0.03 ,-0.2 ,-0.09
S000004409,-0.04,1.12 ,0.48 ,-0.01,-0.01,-0.18,-0.04
S000004411,0.03 ,-0.32,-0.15,-0.18,1.32 ,-0.24,-0.28
S000004427,-1.06,-1.69,-0.32,-0.04,0.19 ,0.12 ,-0.03
S000004428,0.49 ,0.96 ,0.2  ,0.2  ,0.3  ,0.2  ,0.18
S000004430,0.18 ,0.97 ,0.31 ,-0.15,0.2  ,0.25 ,-0.54
S000004435,-0.06,-1.03,0.54 ,0.53 ,0.25 ,0.19 ,0.08
S000004438,0.64 ,0.98 ,0.07 ,0.1  ,-0.25,-0.1 ,-0.13
S000004440,-0.06,-1.18,0.32 ,-0.1 ,0.03 ,0.1  ,-0.06
S000004461,0.07 ,1.26 ,0.36 ,0.1  ,-0.14,-0.14,0.16
S000004463,0.62 ,2.47 ,2.91 ,1.33 ,0.24 ,-0.1 ,0.71
S000004464,0.23 ,0.79 ,1.06 ,0.37 ,-0.15,0.03 ,0.06
S000004486,-0.12,-1.09,-0.81,-0.2 ,-0.17,-0.06,-0.03
S000004488,-0.04,-1.06,-1.03,0.01 ,-0.04,0.0  ,0.04
S000004506,0.15 ,1.01 ,0.73 ,0.31 ,0.32 ,0.3  ,0.2
S000004517,0.86 ,0.96 ,0.56 ,0.15 ,-0.27,-0.3 ,-0.15
S000004528,0.14 ,-1.12,-0.81,0.2  ,-0.36,0.25 ,0.25
S000004535,0.29 ,2.15 ,2.53 ,1.54 ,1.4  ,0.7  ,0.78
S000004536,-1.18,-0.12,-0.23,0.0  ,-0.06,-0.14,-0.23
S000004538,-0.2 ,-1.0 ,-0.79,-0.27,0.04 ,0.01 ,0.1
S000004543,1.77 ,0.19 ,0.15 ,0.36 ,0.01 ,0.24 ,0.33
S000004558,-0.64,-2.12,-0.54,-0.32,0.32 ,0.07 ,-0.38
S000004566,2.05 ,3.42 ,3.25 ,3.12 ,0.29 ,0.96 ,1.88
S000004592,-1.56,-2.64,-0.15,-0.56,0.25 ,0.08 ,0.16
S000004596,-0.27,0.96 ,0.57 ,-0.15,0.08 ,0.36 ,0.38
S000004597,0.56 ,3.73 ,4.25 ,3.0  ,0.58 ,0.12 ,1.78
S000004600,0.43 ,3.16 ,2.78 ,1.42 ,0.67 ,1.18 ,1.19
S000004608,-0.07,-0.54,-1.4 ,-0.29,0.24 ,-0.17,-0.3
S000004613,-0.01,-0.06,-2.12,-0.23,-0.71,-0.22,-0.54
S000004614,-0.29,-0.95,-0.43,-0.38,-0.2 ,-0.46,-0.03
S000004616,-0.74,-2.4 ,-0.17,-0.56,0.16 ,-0.06,-0.12
S000004633,0.62 ,1.1  ,0.65 ,0.58 ,0.06 ,0.31 ,0.15
S000004637,0.28 ,1.16 ,0.38 ,0.07 ,0.0  ,0.03 ,-0.01
S000004640,0.58 ,1.14 ,-0.06,0.29 ,0.1  ,0.32 ,0.12
S000004642,0.86 ,1.2  ,0.77 ,0.16 ,0.08 ,0.04 ,-0.2
S000004643,-0.07,1.57 ,0.4  ,0.36 ,0.14 ,-0.1 ,-0.2
S000004644,0.58 ,1.32 ,1.1  ,0.3  ,0.28 ,0.51 ,0.38
S000004652,0.04 ,-2.12,-1.03,-0.36,0.04 ,0.15 ,-0.3
S000004657,0.29 ,1.08 ,0.14 ,0.29 ,0.19 ,0.21 ,0.03
S000004658,-0.45,-2.25,0.0  ,-0.01,0.16 ,0.19 ,-0.14
S000004660,1.99 ,3.4  ,0.0  ,0.1  ,0.07 ,0.37 ,-0.22
S000004681,-0.22,-0.76,-1.0 ,-0.22,0.19 ,-0.09,0.11
S000004686,0.2  ,1.1  ,0.24 ,2.4  ,0.32 ,0.21 ,0.32
S000004688,-0.27,-0.94,-0.54,0.14 ,0.04 ,-0.36,-0.22
S000004696,0.4  ,2.34 ,3.08 ,2.37 ,2.03 ,0.96 ,1.77
S000004698,0.24 ,0.89 ,0.94 ,0.45 ,-0.34,0.03 ,0.48
S000004699,-0.56,-1.74,-0.03,-0.06,0.07 ,-0.09,0.36
S000004711,0.79 ,3.15 ,2.85 ,2.83 ,0.15 ,0.34 ,1.76
S000004716,0.56 ,1.57 ,1.35 ,0.76 ,-0.3 ,-0.23,0.39
S000004722,0.01 ,-1.12,-1.18,-0.92,-0.54,0.2  ,-0.23
S000004727,2.81 ,-1.26,0.79 ,0.8  ,0.05 ,-0.47,0.29
S000004728,-0.27,-1.36,-1.06,-0.14,0.1  ,0.43 ,0.14
S000004729,0.0  ,-0.03,-0.23,-0.06,0.1  ,-0.22,-0.94
S000004732,-0.76,-1.09,-0.58,-0.22,-0.14,0.67 ,0.07
S000004738,-0.36,-1.56,-0.56,-0.06,0.0  ,0.12 ,0.16
S000004740,0.26 ,1.18 ,0.65 ,0.49 ,0.03 ,0.37 ,0.59
S000004747,0.15 ,0.93 ,0.61 ,0.37 ,-0.14,0.1  ,0.31
S000004750,-0.29,-1.12,-0.56,-0.3 ,0.03 ,0.06 ,-0.3
S000004751,0.06 ,-0.97,-0.76,0.18 ,0.18 ,-0.1 ,0.12
S000004753,-0.18,-0.97,-0.6 ,0.57 ,-0.18,0.01 ,0.23
S000004754,0.0  ,-0.89,-1.0 ,-0.09,0.15 ,-0.12,-0.14
S000004760,0.06 ,1.05 ,1.22 ,0.42 ,0.19 ,-0.14,0.14
S000004779,0.35 ,1.44 ,2.02 ,1.1  ,0.61 ,0.01 ,0.68
S000004780,0.07 ,-0.18,4.06 ,2.32 ,1.21 ,0.6  ,1.54
S000004783,-0.62,-1.4 ,-0.12,-0.2 ,0.11 ,0.15 ,-0.47
S000004784,1.18 ,2.51 ,3.16 ,2.91 ,1.99 ,1.02 ,1.29
S000004785,1.03 ,2.26 ,2.73 ,2.74 ,-0.4 ,0.7  ,0.94
S000004786,0.43 ,1.28 ,1.0  ,0.58 ,0.05 ,0.13 ,0.21
S000004793,0.41 ,1.43 ,1.62 ,1.42 ,0.04 ,0.44 ,0.73
S000004797,-0.09,-1.25,-0.58,-0.25,0.07 ,0.36 ,0.06
S000004809,0.16 ,0.77 ,1.36 ,0.37 ,-0.1 ,-0.01,0.52
S000004810,0.18 ,0.7  ,1.34 ,0.65 ,0.28 ,0.04 ,0.62
S000004813,0.16 ,0.77 ,0.7  ,0.37 ,0.45 ,0.55 ,1.05
S000004828,-0.07,-0.92,-2.06,-0.36,0.41 ,0.0  ,0.42
S000004830,-0.49,-1.79,-1.56,-0.38,0.31 ,-0.2 ,-0.1
S000004842,-0.46,-1.23,-0.64,-0.29,0.03 ,-0.18,-0.21
S000004843,0.12 ,-0.74,-0.97,-0.2 ,-0.45,-0.15,-0.27
S000004852,-0.56,-1.64,-0.51,-0.64,-0.18,-0.22,-0.09
S000004855,-0.03,-1.18,-0.58,0.26 ,0.45 ,-0.01,0.37
S000004860,-0.36,-1.06,-0.69,-0.23,0.25 ,-0.1 ,-0.15
S000004862,1.16 ,3.13 ,3.82 ,3.22 ,1.37 ,0.58 ,1.77
S000004863,0.7  ,1.36 ,1.45 ,0.85 ,0.33 ,0.08 ,0.65
S000004864,0.92 ,1.05 ,1.53 ,1.76 ,-0.2 ,0.2  ,0.5
S000004872,-0.15,-1.47,-0.51,-0.25,-0.04,-0.15,-0.17
S000004877,0.14 ,-0.97,-0.4 ,-0.27,-0.25,-0.32,-0.86
S000004882,-0.22,-1.25,-0.76,-0.3 ,-0.23,-0.38,-0.64
S000004884,0.58 ,1.52 ,1.79 ,0.93 ,0.16 ,0.28 ,0.19
S000004890,-0.01,-1.79,-0.07,-0.3 ,0.11 ,-0.36,-0.43
S000004903,-0.64,-1.47,-1.29,-0.32,-0.07,0.07 ,-0.17
S000004905,1.73 ,2.33 ,0.76 ,1.81 ,0.24 ,0.63 ,0.9
S000004911,0.19 ,-0.23,-0.01,0.1  ,1.0  ,0.36 ,-0.06
S000004915,-0.03,-0.18,1.43 ,0.55 ,0.15 ,0.26 ,0.92
S000004917,0.2  ,1.09 ,0.9  ,0.54 ,-0.14,0.4  ,0.54
S000004920,0.01 ,0.88 ,1.09 ,0.55 ,0.14 ,0.16 ,0.51
S000004921,-0.32,-1.29,-0.51,0.26 ,0.36 ,-0.27,0.0
S000004924,-0.67,-2.0 ,-0.81,0.21 ,0.84 ,0.25 ,0.42
S000004926,-0.79,-1.43,-0.3 ,-0.34,-0.03,-0.2 ,0.04
S000004932,0.58 ,1.66 ,1.92 ,1.59 ,0.25 ,-0.17,0.51
S000004947,-0.97,-2.74,-0.69,-0.23,-0.04,0.03 ,-0.12
S000004952,0.73 ,0.98 ,0.66 ,0.46 ,-0.74,-0.84,-0.06
S000004954,0.44 ,1.26 ,0.34 ,0.08 ,-0.03,0.06 ,0.23
S000004956,0.76 ,1.6  ,0.48 ,0.01 ,-0.27,0.06 ,0.41
S000004957,0.97 ,1.55 ,0.24 ,0.18 ,-0.4 ,0.11 ,-0.07
S000004958,-0.04,-1.29,-0.36,-0.23,0.32 ,-0.22,-0.2
S000004960,0.12 ,0.68 ,0.8  ,0.8  ,0.49 ,0.44 ,1.0
S000004967,-0.45,-1.06,-0.17,-0.32,0.14 ,0.12 ,-0.03
S000004975,0.06 ,-0.69,-1.0 ,-0.81,0.04 ,-0.38,-0.12
S000004981,0.07 ,2.26 ,0.64 ,-0.04,0.24 ,0.33 ,0.29
S000004990,0.64 ,1.25 ,1.1  ,0.73 ,-0.17,0.14 ,0.3
S000005003,-0.34,-1.0 ,-0.81,-0.03,-0.4 ,0.14 ,0.01
S000005005,-0.74,-1.47,-0.54,-0.18,-0.03,0.25 ,0.0
S000005006,-0.29,-1.32,-0.56,-0.2 ,0.01 ,-0.2 ,-0.15
S000005008,0.08 ,-1.09,-0.67,-0.18,-0.6 ,-0.97,-0.58
S000005010,-0.23,-1.06,-0.92,-0.4 ,-0.18,-0.4 ,-0.15
S000005011,0.14 ,-0.71,-1.09,0.07 ,0.55 ,0.6  ,1.27
S000005019,-0.3 ,-1.56,-0.69,-0.22,-0.18,0.03 ,0.08
S000005022,-0.29,-0.64,-0.51,-0.54,-0.01,-0.51,-2.56
S000005027,0.12 ,0.94 ,0.31 ,0.04 ,0.19 ,0.25 ,0.65
S000005031,-0.29,-1.03,-1.03,-0.62,0.15 ,-0.15,-0.38
S000005038,0.18 ,0.51 ,0.84 ,0.21 ,0.12 ,0.03 ,1.23
S000005040,0.11 ,-1.4 ,-0.51,0.11 ,-0.04,-0.04,0.28
S000005054,-0.97,-3.18,-0.76,-0.34,-0.07,-0.14,-0.32
S000005057,-0.6 ,-1.18,-0.49,-0.29,-0.15,0.15 ,-0.3
S000005058,-0.38,-1.32,-0.14,-0.23,0.4  ,0.03 ,0.31
S000005063,-0.3 ,-1.56,-0.89,-0.38,-0.3 ,-0.22,-0.54
S000005064,-0.36,-1.0 ,-0.25,-0.2 ,0.04 ,-0.14,-0.22
S000005070,0.98 ,-0.71,-1.12,-0.17,0.0  ,0.08 ,0.18
S000005076,0.07 ,-2.64,-1.06,-0.43,-0.06,0.07 ,0.11
S000005078,-0.89,0.48 ,1.21 ,0.58 ,-0.22,0.16 ,0.19
S000005085,0.08 ,-1.74,-1.94,-0.47,-0.27,-0.06,0.04
S000005088,-0.06,0.21 ,-0.3 ,1.67 ,0.07 ,0.24 ,-0.09
S000005089,-0.29,-2.0 ,-0.56,-0.03,-0.06,0.28 ,0.24
S000005095,-0.45,-1.09,-0.76,-0.36,-0.2 ,0.15 ,-0.18
S000005099,0.32 ,1.03 ,1.46 ,0.58 ,-0.45,-0.32,0.3
S000005104,1.1  ,1.8  ,2.83 ,2.57 ,1.41 ,0.9  ,1.32
S000005106,-0.27,-1.12,-0.51,0.06 ,-0.01,-0.15,0.07
S000005118,-0.15,-2.0 ,-0.92,-0.01,0.31 ,-0.03,-0.12
S000005119,-0.29,-1.74,-0.86,-0.25,0.36 ,0.15 ,-0.09
S000005121,-0.12,0.01 ,0.3  ,-0.34,-0.1 ,-0.17,1.71
S000005122,-0.3 ,-1.51,-0.94,0.03 ,0.45 ,-0.14,0.43
S000005126,-1.18,-2.32,-0.81,-0.54,-0.09,-0.32,-0.3
S000005127,0.1  ,1.15 ,0.82 ,0.15 ,-0.12,0.24 ,0.53
S000005130,-0.34,-1.29,-0.09,-0.22,0.0  ,-0.17,-0.2
S000005132,-0.79,-1.06,-0.47,-0.54,-0.29,-0.3 ,-0.18
S000005136,0.19 ,1.29 ,0.26 ,0.1  ,0.06 ,0.4  ,0.59
S000005137,0.19 ,1.01 ,0.53 ,0.19 ,0.0  ,-0.01,0.24
S000005140,0.07 ,0.98 ,0.49 ,-0.12,0.08 ,0.16 ,-0.17
S000005153,-0.12,-1.15,-1.32,-0.27,0.15 ,0.07 ,-0.12
S000005161,-0.01,-0.86,-0.94,-0.34,0.03 ,-0.09,0.36
S000005170,0.53 ,-0.6 ,-0.45,-0.1 ,-1.0 ,0.1  ,-0.22
S000005172,0.08 ,-1.09,-0.34,-0.14,-0.03,-0.14,-0.15
S000005178,0.21 ,0.32 ,1.61 ,1.34 ,0.5  ,0.18 ,0.31
S000005186,0.89 ,3.9  ,-0.17,-0.32,-0.03,-0.09,-0.17
S000005191,-0.38,-1.18,-0.86,-0.1 ,-0.04,0.1  ,0.0
S000005192,-0.86,-2.4 ,-0.71,-0.27,0.14 ,-0.27,-0.22
S000005200,-0.51,-0.97,-0.36,-0.2 ,0.2  ,-0.03,-0.07
S000005212,-0.43,-0.97,-0.15,0.06 ,0.28 ,-0.09,-0.17
S000005218,-0.09,1.17 ,1.64 ,1.42 ,0.19 ,0.1  ,0.34
S000005245,-0.25,-1.12,-0.76,-0.18,0.15 ,0.42 ,0.15
S000005247,-0.23,-1.0 ,-0.94,-0.6 ,-0.4 ,-0.6 ,-0.67
S000005252,-0.45,-2.25,-0.43,-0.38,0.16 ,0.39 ,-0.17
S000005257,-0.2 ,-1.36,-0.74,-0.49,0.12 ,0.38 ,0.04
S000005271,-0.89,-1.36,-1.25,-0.79,-0.4 ,0.18 ,0.24
S000005284,0.04 ,0.08 ,2.02 ,1.36 ,-0.54,0.11 ,0.62
S000005317,0.46 ,1.05 ,0.29 ,0.06 ,0.18 ,0.11 ,-0.01
S000005333,0.33 ,0.28 ,-0.4 ,0.71 ,0.99 ,0.75 ,0.34
S000005337,-0.22,-1.32,-0.76,-0.54,-0.07,-0.23,-0.15
S000005343,0.41 ,1.54 ,-0.07,-0.17,-0.01,0.03 ,-0.29
S000005364,1.08 ,-0.05,-0.12,0.06 ,0.18 ,-0.04,-0.25
S000005373,0.39 ,1.39 ,0.38 ,0.25 ,-0.07,-0.09,0.08
S000005382,-0.3 ,-1.4 ,-0.64,-0.06,0.1  ,-0.12,-0.32
S000005399,0.08 ,-1.09,-0.58,-0.1 ,0.48 ,-0.1 ,-0.15
S000005400,-0.18,-1.0 ,-0.56,0.08 ,0.26 ,0.46 ,0.06
S000005401,-0.12,-1.31,-0.25,-0.25,0.07 ,0.1  ,0.14
S000005407,-0.04,1.1  ,0.51 ,0.64 ,0.15 ,-0.1 ,0.39
S000005437,-0.97,-2.94,-0.97,-0.32,-0.09,0.03 ,-0.18
S000005439,-0.81,-1.03,-0.49,-0.32,-0.12,-0.23,-0.32
S000005440,-0.6 ,-1.18,-0.45,-0.34,-0.3 ,-0.12,-0.42
S000005442,0.37 ,1.17 ,1.41 ,0.41 ,-0.15,0.49 ,-0.36
S000005443,0.15 ,1.14 ,1.92 ,-0.09,-0.04,-0.01,0.48
S000005444,0.48 ,1.44 ,1.29 ,0.2  ,-0.1 ,0.59 ,-0.3
S000005449,0.04 ,1.06 ,0.7  ,0.73 ,0.21 ,0.26 ,0.28
S000005457,0.1  ,-1.32,-0.81,-0.36,-0.47,-0.17,-0.1
S000005460,0.58 ,1.08 ,0.59 ,0.45 ,0.1  ,0.19 ,0.37
S000005461,0.37 ,-0.06,-1.64,-0.04,-0.07,-0.09,-0.27
S000005469,0.04 ,0.08 ,-2.0 ,-0.4 ,-0.23,-0.4 ,-0.79
S000005479,0.1  ,0.68 ,1.29 ,0.73 ,0.38 ,0.57 ,0.39
S000005481,-0.17,-1.03,-0.54,0.18 ,0.3  ,0.25 ,0.39
S000005484,-0.01,-1.4 ,-0.49,0.31 ,0.31 ,0.54 ,0.55
S000005496,0.9  ,0.95 ,0.11 ,0.18 ,0.0  ,0.11 ,0.39
S000005499,-0.23,-1.09,-0.3 ,0.3  ,0.16 ,0.2  ,0.18
S000005504,0.0  ,-0.29,-0.03,-0.36,0.06 ,0.11 ,0.97
S000005510,0.62 ,3.54 ,2.88 ,1.29 ,0.78 ,1.01 ,1.06
S000005511,1.41 ,4.48 ,3.88 ,1.83 ,1.12 ,1.4  ,1.55
S000005512,0.12 ,1.01 ,-0.47,-0.25,0.07 ,0.59 ,0.4
S000005513,0.16 ,1.06 ,0.81 ,0.57 ,0.41 ,0.32 ,0.7
S000005527,-0.27,-1.29,-0.45,-0.14,-0.62,0.04 ,0.12
S000005530,-0.38,-2.0 ,-1.32,-0.49,0.04 ,0.12 ,-0.22
S000005544,0.07 ,0.98 ,0.46 ,0.2  ,-0.23,0.59 ,-0.4
S000005545,0.25 ,2.07 ,1.56 ,0.7  ,-0.12,-0.15,-0.09
S000005548,0.21 ,1.04 ,0.77 ,0.3  ,0.03 ,0.23 ,0.39
S000005552,1.1  ,0.55 ,-0.43,-0.04,0.11 ,0.15 ,0.31
S000005554,1.19 ,2.85 ,0.25 ,0.68 ,-0.22,0.32 ,0.3
S000005562,0.58 ,1.85 ,1.2  ,0.82 ,-0.32,0.03 ,0.18
S000005577,-0.1 ,-1.06,-0.34,0.03 ,0.06 ,-0.09,-0.07
S000005578,0.86 ,1.74 ,1.51 ,1.14 ,-0.74,0.04 ,0.3
S000005580,0.64 ,0.93 ,0.49 ,0.26 ,-0.27,0.25 ,0.34
S000005582,-0.14,-1.29,-0.79,-0.38,-0.07,0.18 ,-0.1
S000005585,-0.15,0.34 ,1.2  ,0.56 ,-0.09,-0.15,0.26
S000005587,-0.03,1.07 ,-0.11,-0.21,0.04 ,-0.1 ,-0.11
S000005589,-0.54,-1.69,-1.0 ,-0.04,0.0  ,-0.09,-0.14
S000005604,-0.3 ,-1.18,-0.6 ,-0.62,-0.17,-0.38,-0.29
S000005617,-0.14,-1.06,-0.22,-0.62,0.14 ,-0.47,-0.23
S000005618,0.29 ,0.98 ,0.31 ,0.67 ,0.19 ,0.57 ,0.61
S000005621,-0.36,-1.89,-1.0 ,-0.17,-0.09,0.0  ,-0.17
S000005627,-0.09,-1.18,-0.38,0.15 ,-0.09,0.12 ,0.44
S000005634,0.03 ,-0.74,-1.09,-0.25,-0.01,0.28 ,-0.25
S000005645,0.14 ,-1.22,-0.4 ,-0.14,-0.18,0.06 ,-0.49
S000005646,0.44 ,2.08 ,2.4  ,2.37 ,0.24 ,0.28 ,1.04
S000005647,0.0  ,0.77 ,1.09 ,1.01 ,-0.45,-0.29,-0.12
S000005654,0.16 ,0.24 ,1.2  ,0.42 ,0.0  ,0.0  ,0.12
S000005661,0.06 ,-0.1 ,1.14 ,0.55 ,-0.38,-0.15,0.18
S000005662,0.37 ,0.66 ,1.08 ,0.82 ,-0.3 ,-0.17,0.24
S000005663,0.11 ,0.37 ,1.14 ,0.78 ,0.25 ,0.36 ,0.58
S000005667,0.95 ,1.72 ,0.4  ,-0.03,0.04 ,-0.03,-0.1
S000005671,-0.74,-1.4 ,-0.56,-0.15,0.01 ,0.14 ,-0.38
S000005678,0.57 ,1.22 ,0.78 ,0.39 ,0.03 ,0.42 ,0.58
S000005687,1.8  ,2.52 ,1.94 ,1.23 ,0.43 ,0.55 ,0.97
S000005699,0.14 ,1.12 ,1.32 ,0.75 ,0.07 ,0.32 ,0.75
S000005703,0.18 ,1.08 ,0.29 ,0.1  ,0.21 ,0.36 ,0.0
S000005704,0.28 ,0.77 ,0.14 ,1.72 ,0.31 ,0.38 ,0.7
S000005707,0.08 ,0.28 ,1.56 ,0.24 ,0.37 ,-0.2 ,0.1
S000005714,-0.04,-0.94,-0.89,-0.3 ,-0.06,-0.23,-0.01
S000005732,-0.76,-2.94,-0.81,-0.4 ,-0.18,0.14 ,0.21
S000005733,-0.2 ,-1.0 ,-0.69,-0.3 ,0.01 ,-0.12,-0.3
S000005734,0.51 ,1.44 ,0.84 ,0.25 ,-0.04,0.08 ,0.15
S000005740,0.34 ,1.0  ,0.06 ,-0.09,0.37 ,0.57 ,-0.07
S000005741,0.08 ,0.25 ,1.26 ,0.9  ,0.06 ,-0.25,0.08
S000005745,-0.18,1.01 ,0.28 ,0.2  ,0.33 ,-0.15,0.1
S000005746,1.09 ,2.44 ,1.7  ,0.96 ,-0.49,-0.1 ,0.14
S000005747,-1.39,0.44 ,0.87 ,0.5  ,0.1  ,0.08 ,0.22
S000005750,-0.43,-1.29,-0.69,-0.34,0.01 ,0.28 ,0.0
S000005753,-0.22,-1.32,0.23 ,0.18 ,-0.03,-0.2 ,-0.14
S000005754,0.44 ,1.07 ,0.64 ,0.1  ,0.15 ,0.32 ,0.38
S000005760,-0.14,-1.09,-0.29,0.11 ,0.16 ,0.11 ,-0.09
S000005769,-0.54,-1.18,-0.47,-0.04,0.01 ,0.21 ,0.11
S000005771,0.44 ,1.11 ,0.57 ,0.4  ,0.0  ,0.1  ,0.15
S000005780,-0.34,-0.97,-0.51,-0.01,0.16 ,0.04 ,0.12
S000005787,0.32 ,0.14 ,1.12 ,0.58 ,-0.15,-0.6 ,0.04
S000005799,0.34 ,0.93 ,-0.14,0.42 ,0.06 ,-0.08,-0.18
S000005801,0.43 ,0.93 ,0.68 ,0.18 ,-0.17,-0.34,0.24
S000005811,0.45 ,1.2  ,1.28 ,0.82 ,-0.01,-0.38,0.3
S000005813,-0.38,-1.12,-0.74,0.2  ,0.0  ,0.03 ,-0.29
S000005814,0.38 ,1.11 ,0.52 ,0.4  ,-0.09,0.07 ,0.18
S000005815,0.42 ,1.55 ,2.28 ,1.32 ,0.14 ,0.29 ,-0.01
S000005818,0.58 ,1.1  ,0.52 ,0.28 ,-0.2 ,-0.04,0.07
S000005819,-0.18,-0.94,-0.84,-0.1 ,-0.01,-0.1 ,-0.18
S000005824,1.16 ,1.19 ,-0.07,-0.07,-0.01,-0.32,0.3
S000005836,-0.14,-2.06,-0.97,0.01 ,0.06 ,-0.12,-0.22
S000005837,-0.04,-1.94,-0.81,-0.07,0.21 ,0.42 ,0.18
S000005839,-0.03,-1.29,-0.54,0.14 ,0.31 ,0.28 ,0.3
S000005840,-0.14,-1.09,-1.64,-0.92,0.0  ,0.44 ,-0.23
S000005842,-0.14,-2.64,-1.79,-1.4 ,-0.17,-0.12,-0.23
S000005844,0.14 ,1.34 ,0.9  ,0.46 ,0.07 ,0.45 ,0.78
S000005854,-1.22,-2.64,-0.45,-0.23,-0.09,-0.43,-0.76
S000005858,0.24 ,0.93 ,-0.34,-0.07,0.0  ,-0.14,-0.42
S000005867,-0.24,-1.54,-0.61,0.22 ,-0.15,-0.01,-0.09
S000005896,-0.45,-1.43,-0.76,-0.14,0.24 ,-0.18,-0.12
S000005901,0.41 ,2.36 ,0.85 ,0.07 ,-0.45,-0.22,0.28
S000005925,0.43 ,0.93 ,0.93 ,0.73 ,-0.23,-0.1 ,0.25
S000005933,-0.18,-0.97,-0.61,-0.33,0.12 ,-0.08,-0.17
S000005934,0.6  ,-1.32,-0.38,-0.03,0.1  ,-1.0 ,-0.76
S000005940,0.1  ,-1.29,-0.32,-0.47,0.36 ,-0.27,-0.09
S000005958,-0.18,-0.94,-0.79,-0.34,-0.09,-0.25,-0.74
S000005964,-0.92,-1.64,-0.74,-0.29,-0.09,-0.34,-0.34
S000005975,0.65 ,2.12 ,0.58 ,0.39 ,0.23 ,0.12 ,0.56
S000005978,1.14 ,1.16 ,-0.29,0.89 ,0.33 ,-0.04,0.44
S000005981,0.86 ,1.72 ,0.77 ,0.32 ,0.08 ,0.26 ,0.1
S000005982,0.68 ,2.04 ,-0.18,-0.76,-1.06,-0.12,0.12
S000005985,0.54 ,1.1  ,0.2  ,-0.06,-0.36,-0.23,0.04
S000006000,-0.18,-1.32,0.38 ,-0.1 ,0.04 ,-0.06,-0.12
S000006002,-0.25,-1.09,-0.56,-0.22,0.11 ,0.14 ,-0.01
S000006011,-0.06,-1.25,-1.36,-0.56,-0.03,0.07 ,-0.22
S000006014,-0.56,-1.24,-0.42,-0.19,0.09 ,-0.13,-0.12
S000006015,0.1  ,-0.97,-0.79,-0.51,-0.29,-0.71,-0.71
S000006044,-0.06,-0.69,1.16 ,-0.03,-0.17,-0.3 ,0.15
S000006047,-0.47,-2.32,-1.18,-0.38,-0.18,-0.29,-0.34
S000006064,-0.14,-0.94,-0.54,-0.04,0.03 ,0.33 ,0.24
S000006067,-0.54,-1.51,-0.42,-0.29,-0.03,0.36 ,-0.03
S000006073,0.39 ,0.93 ,0.54 ,0.39 ,0.06 ,0.21 ,0.52
S000006075,0.67 ,1.14 ,1.67 ,1.06 ,0.25 ,0.21 ,0.42
S000006080,0.1  ,1.2  ,0.74 ,0.28 ,0.04 ,0.49 ,0.33
S000006081,-0.15,-1.03,-0.43,-0.06,0.06 ,0.01 ,0.25
S000006084,-0.45,-1.0 ,0.26 ,0.6  ,0.57 ,0.19 ,0.8
S000006086,-0.27,1.2  ,1.04 ,0.48 ,-0.58,-0.1 ,0.11
S000006087,0.24 ,1.2  ,0.69 ,0.15 ,-0.15,0.07 ,0.31
S000006088,-3.31,-0.29,0.07 ,0.08 ,-0.12,0.07 ,0.06
S000006104,-0.2 ,-1.6 ,-0.45,-0.45,-0.09,-0.2 ,-0.12
S000006117,0.25 ,1.04 ,0.89 ,0.59 ,0.07 ,-0.1 ,-0.12
S000006119,-0.12,-0.92,-1.0 ,-0.23,-0.22,0.29 ,-0.2
S000006124,0.01 ,0.87 ,1.12 ,0.56 ,-0.04,-0.23,0.21
S000006128,0.12 ,-1.09,-0.51,0.23 ,0.11 ,-0.22,-0.18
S000006132,0.48 ,-0.58,-1.06,-0.18,0.0  ,-0.07,-0.4
S000006133,0.07 ,-1.08,-0.66,-0.5 ,-0.02,-0.2 ,-0.26
S000006145,0.1  ,0.99 ,0.55 ,0.42 ,0.16 ,0.37 ,-0.01
S000006147,-0.19,-1.41,-0.77,-0.41,-0.06,0.01 ,0.06
S000006151,0.82 ,1.74 ,0.96 ,1.69 ,-0.18,0.32 ,0.52
S000006161,0.99 ,1.08 ,0.7  ,0.62 ,-0.76,-1.0 ,0.12
S000006186,-0.32,0.86 ,0.29 ,-0.69,-1.51,-0.01,0.29
S000006188,-0.51,-1.06,-0.69,0.06 ,0.14 ,-0.07,0.45
S000006193,0.7  ,1.15 ,-0.02,0.2  ,0.1  ,0.32 ,0.03
S000006195,-2.06,-0.42,-0.51,0.01 ,0.28 ,-0.23,-0.23
S000006209,0.51 ,1.16 ,-0.07,0.15 ,-0.17,0.58 ,-0.38
S000006214,-0.49,-1.27,-1.02,-0.17,-0.08,-0.2 ,-0.26
S000006219,0.14 ,-0.17,-0.1 ,0.0  ,1.19 ,0.26 ,1.59
S000006224,-0.34,-1.03,-0.06,0.15 ,0.36 ,0.04 ,-0.07
S000006226,-1.6 ,-0.36,-0.07,0.12 ,0.12 ,-0.17,-0.09
S000006229,0.36 ,1.06 ,0.53 ,0.23 ,0.04 ,0.01 ,0.11
S000006230,0.03 ,1.05 ,0.7  ,0.31 ,-0.17,-0.06,0.01
S000006239,-0.14,-1.43,-0.38,-0.38,-0.27,-0.18,-1.0
S000006291,0.12 ,-1.03,-0.6 ,-0.38,-0.38,-0.86,-0.58
S000006306,0.07 ,-0.97,-0.58,0.29 ,0.24 ,0.08 ,0.21
S000006312,0.01 ,0.18 ,1.38 ,0.37 ,-0.32,-0.22,0.06
S000006314,-0.6 ,-1.89,-0.58,-0.29,-0.07,-0.25,-0.3
S000006316,-0.27,-1.18,-0.6 ,-0.42,-0.09,-0.3 ,-0.43
S000006325,0.46 ,0.93 ,0.38 ,0.24 ,0.16 ,0.19 ,0.41
S000006328,0.1  ,-1.47,-0.56,-0.62,0.32 ,-0.03,-0.6
S000006333,0.03 ,-0.71,-0.25,-0.38,-0.38,-1.06,-0.67
S000006346,-0.74,-1.51,-0.47,-0.25,-0.06,-0.04,-0.25
S000006347,-0.34,-1.47,-0.64,-0.2 ,-0.14,0.0  ,-0.04
S000006348,-0.38,-1.18,-0.14,-0.03,0.23 ,0.29 ,0.26
S000006349,-0.6 ,-1.51,-0.76,-0.79,-0.43,0.5  ,-0.22
S000006353,1.32 ,2.05 ,1.55 ,1.15 ,0.11 ,0.42 ,0.54
S000006354,0.45 ,0.93 ,0.44 ,0.01 ,0.07 ,-0.17,0.2
S000006360,-0.69,-1.09,1.1  ,1.21 ,0.06 ,-0.29,-0.12
S000006362,1.59 ,1.54 ,0.93 ,0.73 ,-0.47,-0.79,-0.06
S000006367,0.04 ,-1.51,-0.84,-0.25,-0.04,-0.4 ,-0.29
S000006391,-0.49,-1.06,-0.64,-0.32,-0.03,0.03 ,-0.07
S000006403,0.7  ,1.04 ,0.59 ,0.37 ,0.04 ,0.03 ,0.0
