gene_id,5,10,20,30,40,50,60,90
S000000004,0.86,1.19,1.58,0.93,1.0,0.85,1.24,1.06
S000000006,0.49,1.01,1.33,1.23,1.32,1.03,1.14,0.68
S000000023,-0.92,-1.94,-2.4,-2.47,-1.79,-1.03,-0.67,-0.64
S000000037,0.32,0.86,1.24,0.76,1.28,0.7,0.85,0.07
S000000055,-0.54,-1.12,-1.43,-2.0,-1.03,-1.29,-1.09,-0.69
S000000056,0.58,1.54,1.88,1.94,1.46,0.77,0.12,-0.43
S000000057,0.92,1.96,2.63,1.9,1.02,0.95,0.77,0.01
S000000070,0.1,-0.99,-1.56,-1.69,-0.62,-1.22,-0.81,-0.6
S000000094,-0.29,-1.03,-2.06,-2.25,-1.56,-1.0,-0.79,-1.56
S000000095,0.0,-0.42,-1.0,-1.4,-0.97,-0.69,0.2,-0.1
S000002145,-0.09,-0.3,-1.29,-1.51,-1.22,-0.74,-0.1,-0.38
S000000110,-0.81,-1.51,-1.36,-1.22,-0.89,-0.71,-0.51,-0.27
S000000118,-0.23,0.36,1.01,1.1,1.29,0.7,0.58,0.27
S000000120,-0.56,-1.12,-1.47,-1.56,-1.22,-1.18,-0.67,-0.62
S000000124,-0.49,-1.18,-2.18,-1.94,-1.47,-0.97,-0.62,-0.38
S000000135,-0.43,-1.89,-2.64,-2.84,-1.6,-1.32,-0.67,-0.2
S000000138,-0.92,-2.32,-2.74,-2.06,-1.79,-1.6,-1.47,0.21
S000000150,-1.69,-2.94,-0.97,-3.18,-2.32,-1.36,-0.23,-0.42
S000000154,0.3,1.1,1.22,1.32,1.36,1.18,0.88,0.25
S000000160,1.99,3.44,3.64,3.46,3.39,2.79,2.39,1.4
S000000164,-0.34,-0.58,-1.51,-1.51,-1.06,-0.81,-0.38,-0.42
S000000171,0.73,1.26,1.74,1.42,1.38,1.17,1.33,1.32
S000000172,-0.3,-1.06,-1.18,-1.36,-1.09,-0.94,-0.58,-0.43
S000000174,0.52,1.82,1.93,2.11,2.13,1.65,1.34,0.62
S000002148,-0.42,-0.51,-0.27,-0.1,0.61,0.76,1.28,1.16
S000000203,0.15,0.84,1.2,1.12,1.36,1.47,1.46,0.62
S000000205,0.66,1.44,1.77,1.95,2.14,1.37,0.6,0.51
S000000209,0.23,0.51,0.3,0.62,0.74,0.79,2.31,1.23
S000000210,0.32,0.92,1.61,2.1,1.64,1.64,2.05,0.79
S000000212,2.13,2.24,2.0,1.33,1.74,2.09,2.01,1.37
S000000230,0.61,1.21,1.52,1.62,1.24,1.32,0.95,0.29
S000000238,-0.58,-1.09,-1.74,-1.32,-0.97,-0.74,0.08,-0.45
S000000241,0.58,1.49,1.95,1.76,1.87,1.21,0.7,0.28
S000000250,0.87,1.44,1.42,2.16,1.81,1.58,1.55,0.99
S000000251,0.49,1.7,0.75,1.43,1.23,1.06,0.91,-0.12
S000000254,0.5,1.17,0.36,1.34,0.7,0.58,0.77,0.32
S000000256,0.86,2.09,2.53,2.47,2.28,1.92,1.7,0.89
S000000257,0.49,1.34,1.67,1.96,1.96,1.65,1.42,0.75
S000000260,0.71,1.51,2.04,2.23,1.88,1.36,1.27,0.62
S000000265,-0.23,-0.97,-1.36,-1.4,-0.86,-0.56,-0.1,-0.03
S000000266,0.11,1.3,1.34,1.36,1.26,1.18,1.23,0.53
S000000273,-0.42,-1.22,-1.94,-1.79,-1.47,-1.15,-0.56,-0.4
S000000276,0.54,2.63,4.14,2.9,3.04,2.88,2.79,1.71
S000000283,-0.49,-1.09,-1.15,-1.36,-1.0,-0.74,-0.6,-0.49
S000000286,0.97,1.53,1.83,1.38,1.54,1.43,1.72,1.19
S000000288,-0.56,-1.03,-1.69,-2.12,-1.64,-1.12,-0.51,-0.03
S000000294,0.58,1.29,1.48,1.48,1.63,1.28,1.09,0.53
S000000296,-0.32,-1.03,-2.06,-2.06,-1.64,-1.29,-1.18,-1.43
S000000297,-0.49,-1.29,-2.25,-2.18,-1.51,-0.69,-0.64,-1.36
S000000305,1.08,1.48,1.21,0.39,0.75,0.85,0.93,1.08
S000000308,-0.58,-0.89,-1.47,-0.92,-0.84,-0.43,0.01,-0.15
S000000315,0.37,0.96,1.26,1.36,1.32,1.32,1.22,0.58
S000000336,0.55,1.21,1.36,1.31,0.95,0.89,0.33,-1.25
S000000341,0.28,1.03,1.22,1.45,1.61,1.4,1.21,0.84
S000000343,0.71,1.38,1.66,1.71,1.61,1.21,0.59,0.31
S000000346,-0.74,-1.36,-1.51,-1.6,-1.25,-1.09,-0.74,-0.43
S000000351,0.21,1.32,0.53,1.59,1.68,1.12,0.53,0.37
S000000353,0.7,1.56,2.04,2.4,2.41,1.96,1.75,0.81
S000000359,-1.09,-1.47,-1.47,-1.4,-1.03,-0.56,-0.25,-0.09
S000000373,0.52,1.41,2.43,2.29,2.46,1.77,2.38,1.63
S000000374,0.11,0.91,1.44,1.25,1.52,1.28,1.18,0.66
S000000377,0.66,1.18,1.59,1.23,1.47,1.4,1.55,0.68
S000000386,-0.2,-0.4,-0.01,0.38,0.86,1.04,2.28,0.34
S000000387,1.16,1.82,1.9,2.08,0.93,0.86,1.26,0.12
S000000407,1.23,1.18,1.55,1.1,0.99,0.18,0.49,0.15
S000000418,0.88,1.36,1.52,1.39,1.01,0.9,0.73,0.36
S000000442,-1.03,-2.18,-2.64,-2.64,-2.32,-1.51,0.19,-1.03
S000000445,0.6,0.77,1.14,1.85,1.7,1.45,1.3,0.73
S000000448,1.73,2.44,2.16,1.75,1.67,1.53,1.38,0.69
S000000451,-0.92,-1.94,-2.25,-2.18,-1.64,-1.22,-0.89,-0.43
S000000453,0.18,0.0,-0.89,-1.51,-1.51,-1.06,-0.62,-0.42
S000000460,0.46,1.26,1.36,1.18,1.14,1.01,0.76,0.46
S000000470,-1.47,-1.89,-2.4,-1.79,-1.56,-0.86,-0.3,-0.4
S000000471,-1.15,-1.6,-2.06,-1.47,-1.29,-0.71,-0.03,-0.18
S000000473,0.76,1.27,1.61,1.3,1.43,0.99,1.13,0.67
S000000475,-0.6,-1.0,-1.32,-0.81,-1.18,-0.74,-0.45,-0.07
S000000484,0.45,0.75,1.17,1.41,1.08,0.71,0.16,0.08
S000000489,0.28,0.74,1.66,2.94,1.2,1.79,1.37,0.6
S000000490,0.27,0.58,0.85,1.32,1.48,1.32,1.34,0.63
S000000491,0.54,0.89,0.96,1.08,0.76,0.64,1.29,0.34
S000000500,-0.18,-1.22,-1.43,-0.94,-0.54,-0.47,-0.07,-1.4
S000000501,0.56,1.29,1.5,1.06,0.33,0.08,-0.18,-0.1
S000000523,0.26,0.44,0.5,1.05,1.37,1.41,1.74,1.01
S000000535,-0.04,-1.18,-1.69,-1.89,-1.6,-1.79,-1.6,-1.18
S000000540,0.45,1.01,1.49,1.66,1.41,1.48,1.05,0.71
S000000541,-0.29,-1.47,-1.25,-0.97,-1.22,-0.76,-0.62,-0.23
S000000542,-0.74,-1.79,-2.25,-2.18,-1.47,-1.18,-0.89,-0.76
S000000545,2.27,3.36,3.87,4.18,3.65,3.05,2.58,1.5
S000000547,1.88,2.58,3.14,2.82,3.13,2.52,2.12,1.23
S000000548,0.38,0.7,0.95,1.68,1.96,2.01,2.21,1.76
S000000549,0.2,0.42,0.87,1.23,1.42,1.18,1.34,1.18
S000000554,0.04,0.42,0.5,0.77,1.09,1.05,1.55,0.84
S000000559,-1.43,-1.89,-2.47,-1.89,-1.64,-1.29,-0.86,-0.43
S000000562,0.28,0.71,1.14,1.3,1.51,1.11,1.15,0.6
S000000564,-0.76,-1.06,-2.56,-2.84,-2.4,-1.4,-0.69,-0.22
S000000597,0.59,1.35,1.79,1.85,2.23,1.82,1.72,0.99
S000000598,0.46,0.71,1.79,1.78,1.76,1.46,2.5,0.38
S000000605,0.49,0.81,0.89,1.04,1.28,1.17,1.4,0.64
S000000606,0.7,1.04,1.06,1.18,1.16,1.18,1.51,0.69
S000000609,-0.79,-1.22,-1.94,-1.79,-1.4,-1.09,-0.74,-0.4
S000000615,1.28,2.16,0.8,-0.29,-0.49,-0.25,3.12,0.12
S000000653,-1.09,-2.4,-2.47,-2.47,-2.06,-1.43,-0.69,-0.6
S000000657,0.74,1.41,1.98,2.29,1.99,1.72,1.32,0.46
S000000658,0.63,1.33,2.0,1.69,1.88,1.42,1.17,0.37
S000000668,-1.06,-1.74,-2.4,-1.47,-1.43,-1.03,-0.45,-0.4
S000000678,0.36,0.87,1.08,1.08,1.31,1.25,1.17,0.61
S000000687,0.63,0.82,1.48,1.18,0.54,0.28,-0.17,0.11
S000000695,-0.23,-0.32,0.34,0.96,1.64,2.07,1.96,0.43
S000000699,2.6,2.46,2.53,2.16,2.26,2.45,2.64,3.1
S000000704,0.61,1.48,1.86,2.44,2.61,2.59,2.25,1.9
S000002165,0.18,0.95,1.31,1.14,1.29,1.14,1.14,0.5
S000002172,-0.03,-0.38,-1.51,-1.89,-1.29,-1.09,-0.45,-0.07
S000002178,1.1,1.51,1.42,1.36,1.25,0.9,0.56,1.11
S000002179,0.0,1.39,1.14,2.27,2.73,2.39,1.96,1.45
S000002180,0.99,1.63,1.64,1.58,1.14,0.49,-0.03,0.3
S000002181,0.84,1.21,1.23,1.41,1.1,0.45,-0.09,0.25
S000002183,0.7,0.97,1.07,1.28,1.22,0.76,0.3,0.38
S000002185,0.43,0.9,1.37,0.72,1.26,0.9,1.03,0.72
S000002189,-0.86,-1.36,-1.64,-1.53,-1.4,-0.93,-0.54,-0.46
S000002196,-1.18,-1.6,-2.32,-1.89,-2.06,-1.32,0.41,-1.64
S000002197,-1.69,-1.56,-2.56,-2.32,-2.25,-1.12,0.45,-1.25
S000002204,0.58,1.2,1.62,1.6,1.74,1.4,0.92,0.45
S000002208,-0.14,-0.6,-0.97,-1.43,-0.89,-0.47,-0.3,-0.06
S000002209,-0.22,-0.56,-1.06,-1.6,-1.29,-0.76,-0.32,-0.15
S000002218,-0.62,-1.03,-0.94,-1.84,-1.22,-0.92,-0.76,-0.32
S000002221,-1.15,-2.0,-2.12,-2.25,-2.06,-0.43,-0.54,-0.86
S000002230,0.72,1.3,1.58,1.45,1.36,1.21,1.46,0.62
S000002233,0.34,0.26,-0.49,-1.18,-1.36,-1.0,-0.94,-0.58
S000002241,0.28,0.2,-0.64,-1.32,-1.09,-0.97,-0.67,-0.76
S000002268,1.17,2.44,2.86,2.37,2.36,1.97,1.54,0.93
S000002282,2.01,2.98,3.8,3.62,3.63,3.19,3.63,2.29
S000002283,0.52,1.12,1.18,1.05,1.1,1.12,1.84,0.86
S000002284,0.39,0.7,1.45,1.55,1.74,1.37,1.74,1.0
S000002287,-0.67,-1.74,-2.25,-1.32,-2.12,-1.74,-1.18,-0.92
S000002296,0.46,0.89,1.02,0.94,1.08,1.32,1.32,1.01
S000002307,-1.32,-2.18,-2.74,-3.06,-1.94,-1.79,-1.32,-0.69
S000002309,-0.74,-1.15,-1.56,-1.51,-1.03,-0.86,-0.6,-0.42
S000002310,-1.09,-1.32,-1.64,-1.47,-1.25,-1.0,-0.62,-0.58
S000002311,-1.06,-1.6,-1.94,-2.12,-1.64,-1.51,-1.06,-0.64
S000002312,-1.36,-1.84,-2.94,-2.94,-2.32,-1.64,-1.12,-0.62
S000002326,-0.92,-1.64,-2.25,-2.0,-1.29,-0.81,-0.49,-0.29
S000002328,-0.01,0.69,1.6,1.58,1.6,1.56,1.56,0.23
S000002339,0.94,1.28,1.01,0.89,0.83,0.59,-0.04,0.22
S000002340,0.65,1.59,1.41,0.95,0.67,0.53,0.04,-0.2
S000002358,0.24,0.78,1.14,1.31,0.95,0.56,0.3,0.31
S000002360,-0.54,-1.06,-1.43,-1.18,-1.09,-0.67,-0.45,-0.29
S000002363,0.52,2.39,3.77,4.29,3.56,2.5,1.42,0.63
S000002381,0.2,0.96,3.11,1.86,3.62,2.32,2.22,0.95
S000002393,0.38,0.62,1.23,0.53,0.97,0.7,1.41,0.8
S000002402,1.01,0.99,2.52,1.32,1.38,1.05,1.64,2.42
S000002408,0.4,1.49,2.01,2.1,2.11,1.38,1.12,0.62
S000002410,1.15,1.61,1.36,1.43,1.34,1.1,0.86,0.66
S000002428,-0.92,-1.51,-1.64,-1.51,-1.56,-0.92,-1.03,-0.54
S000002430,-0.01,-0.07,-0.69,-1.51,-1.15,-0.89,-0.6,-0.43
S000002432,0.34,0.19,-0.64,-1.74,-1.25,-0.94,-0.74,-0.69
S000002438,0.36,1.09,1.28,1.4,1.56,0.54,0.93,0.59
S000002439,0.83,1.84,2.4,2.83,2.8,3.04,2.83,1.8
S000002444,0.1,-0.38,-1.09,-1.56,-1.29,-0.86,-0.2,-0.32
S000002450,0.53,1.28,1.36,1.53,1.6,0.9,0.28,0.64
S000002462,0.19,0.43,0.74,1.64,1.88,1.87,2.36,0.14
S000002466,0.46,1.28,1.44,1.87,1.77,1.73,1.7,0.7
S000002467,-0.85,-1.43,-1.53,-1.27,-1.7,-1.27,-0.96,-0.58
S000002477,0.35,1.09,2.39,2.48,2.78,2.26,1.57,0.53
S000002481,1.89,2.42,3.38,2.72,2.51,1.28,0.8,0.81
S000002484,0.53,0.78,1.16,2.02,2.27,2.25,2.26,1.3
S000002490,-0.89,-1.6,-2.47,-2.47,-1.84,-1.18,-0.79,-0.4
S000002492,0.39,1.28,2.09,2.39,2.16,1.61,1.52,0.25
S000002494,-0.81,-1.56,-2.25,-2.25,-1.03,-0.89,-0.42,-0.09
S000002498,-0.45,-1.15,-1.84,-1.79,-1.32,-0.89,-0.67,-0.56
S000002499,0.38,0.79,1.07,0.96,1.08,1.09,1.29,0.7
S000002503,1.1,1.39,1.79,1.49,1.13,0.46,0.04,0.07
S000002504,-0.79,-0.89,-1.0,-1.29,-1.03,-0.69,-0.81,-0.3
S000002508,-0.94,-1.74,-2.56,-2.12,-1.74,-1.29,-0.49,-0.32
S000002518,-0.29,-0.84,-1.25,-1.43,-1.18,-1.29,-0.76,-0.71
S000002526,-0.36,-0.89,-1.32,-1.25,-1.0,-1.0,-1.09,-0.76
S000002527,-0.54,-1.47,-2.25,-1.94,-1.6,-1.29,-0.97,-0.3
S000002539,1.1,1.35,0.86,0.83,0.96,1.0,0.69,-0.92
S000002540,0.99,1.38,1.34,1.14,0.74,0.29,-0.49,-0.12
S000002551,-0.07,-0.71,-1.12,-1.51,-1.4,-1.22,-1.69,-0.76
S000002553,-0.32,-0.4,-0.07,-0.2,-0.15,-0.62,-1.43,-0.29
S000002561,0.92,1.48,1.37,1.6,1.6,1.66,1.7,1.34
S000002562,0.7,1.1,0.95,1.43,1.6,1.53,1.71,1.18
S000002568,-0.54,-1.29,-1.74,-2.12,-1.69,-1.03,-0.54,-0.3
S000002572,-0.42,-1.03,-1.94,-1.69,-1.29,-0.94,-0.38,-0.27
S000002578,2.85,4.55,5.02,3.67,3.64,3.18,2.96,2.31
S000002585,0.87,1.54,1.42,1.19,0.98,0.45,0.48,0.23
S000002592,-0.6,-1.22,-2.0,-1.47,-1.22,-0.79,-0.12,-0.32
S000002612,0.56,1.01,1.61,1.51,1.21,1.21,1.4,0.7
S000002622,1.14,2.05,2.32,2.03,1.54,1.7,1.86,1.77
S000002638,1.18,1.88,1.85,1.74,1.32,1.38,1.59,1.04
S000002639,1.18,1.94,1.93,1.92,1.33,1.75,1.33,1.11
S000002642,-0.03,-1.18,-1.94,-1.79,-1.84,-1.36,-0.89,-0.4
S000002655,0.52,0.79,1.15,1.13,0.87,0.38,1.37,0.15
S000002656,0.97,1.79,2.07,2.12,2.0,1.9,1.76,1.27
S000002666,1.33,2.06,1.76,1.5,1.33,1.12,1.21,1.26
S000002682,-0.76,-0.7,-1.44,-0.56,-1.05,-0.62,-0.44,-0.06
S000002685,1.53,1.73,2.01,1.09,0.48,-0.36,-1.0,-1.0
S000002689,-0.42,-1.15,-1.79,-1.56,-0.74,0.0,-0.25,-0.42
S000002707,-1.32,-2.06,-2.94,-2.56,-1.74,-1.32,-1.15,-0.47
S000002708,-0.12,-0.84,-1.74,-1.51,-1.36,-0.89,-0.42,-0.29
S000002720,-1.12,-1.89,-2.06,-2.06,-1.43,-1.0,-0.84,-0.43
S000002722,-0.47,-0.45,-0.29,-0.15,-1.29,-0.54,-0.79,-0.51
S000002729,-0.12,-0.43,-1.32,-1.74,-1.56,-1.15,-0.64,-0.27
S000002732,-0.89,-1.74,-1.84,-2.12,-1.47,-1.15,-0.86,-0.58
S000002749,-0.1,-0.56,-1.36,-1.74,-1.43,-1.25,-0.64,-0.38
S000002750,1.84,2.51,2.81,2.66,1.74,0.9,0.36,0.1
S000002751,1.77,2.4,2.66,2.67,1.81,1.05,0.22,0.12
S000002761,1.71,2.17,2.1,1.82,1.8,1.43,1.34,0.54
S000002766,0.58,0.93,1.59,1.23,1.15,0.53,0.32,0.14
S000002769,-0.58,-1.09,-2.12,-2.18,-1.84,-1.12,-0.49,-0.3
S000002773,-1.03,-1.29,-2.0,-1.94,-1.09,-0.67,-0.18,0.19
S000002776,0.73,1.25,1.49,1.41,1.63,1.42,1.43,1.03
S000002788,0.61,1.93,3.46,3.61,2.86,2.14,1.36,0.19
S000002792,0.06,-1.06,-1.56,-1.15,-0.92,-1.09,-1.12,-1.0
S000002799,0.5,1.22,1.77,1.5,1.55,1.28,1.94,0.79
S000002802,0.43,0.9,1.24,1.15,1.29,1.1,1.38,0.67
S000002803,-0.38,-1.15,-1.51,-1.47,-0.94,-0.86,-0.47,-0.17
S000002806,-1.03,-2.0,-2.56,-1.74,-1.36,-0.76,-0.1,-0.18
S000002807,-0.42,-1.69,-2.94,-2.74,-2.12,-1.43,-0.84,-0.97
S000002808,-0.14,-0.51,-0.3,-0.04,0.34,0.93,1.36,0.98
S000002810,-0.3,-0.47,-0.06,0.19,1.85,-0.1,0.16,0.11
S000002820,-0.51,-0.97,-1.43,-1.29,-1.0,-0.81,-0.36,-0.2
S000002821,-0.71,-1.03,-1.69,-1.47,-1.22,-0.89,-0.49,-0.29
S000002854,-0.27,-0.29,-0.84,-0.47,-1.43,-1.09,-0.86,-0.84
S000002855,0.08,-0.15,-0.81,-1.47,-1.56,-1.18,-0.86,-0.6
S000002857,-1.18,-1.79,-1.89,-2.12,-1.6,-1.25,-0.97,-0.51
S000002861,0.69,1.73,3.03,3.46,3.66,3.62,3.28,1.64
S000002870,0.58,1.04,1.44,1.0,1.17,0.91,0.48,-0.15
S000002873,-0.54,-1.15,-2.47,-2.74,-2.06,-1.12,-0.25,-0.32
S000002884,0.48,0.7,0.84,1.04,0.96,1.18,1.39,0.86
S000002899,-1.09,-1.89,-2.32,-2.06,-1.69,-1.29,-0.42,-0.23
S000002900,-1.0,-1.94,-2.84,-2.12,-1.94,-1.43,-0.38,-0.27
S000002904,-1.42,-2.49,-3.25,-2.77,-2.22,-1.78,-0.93,-0.64
S000002919,0.4,1.14,1.07,1.34,1.44,1.15,0.7,0.33
S000002921,1.73,2.7,2.77,2.64,2.48,1.95,1.46,0.73
S000002927,0.18,0.33,0.21,0.56,1.05,1.23,1.61,1.26
S000002931,-1.0,-1.47,-1.0,-0.81,-1.09,-1.03,-0.42,-0.86
S000002941,2.71,4.11,4.56,4.98,5.24,5.23,5.06,4.12
S000000737,1.76,2.66,3.8,3.79,3.1,1.65,0.38,0.37
S000000738,0.55,1.67,1.75,1.32,1.26,1.01,0.51,0.43
S000000752,0.28,-0.32,-1.25,-1.69,-1.09,-0.67,-0.03,-0.09
S000000765,0.78,1.6,1.9,1.53,1.02,0.52,-0.45,-0.76
S000000766,-0.12,-0.74,-1.22,-1.47,-1.47,-1.56,-1.84,-1.4
S000000767,0.7,2.4,2.57,2.77,2.81,2.2,1.29,0.62
S000000774,-0.43,-0.74,-0.86,-1.32,-0.62,-0.64,-0.56,-0.09
S000000781,-0.48,-0.9,-1.13,-1.36,-1.18,-0.92,-0.76,-0.47
S000002954,0.32,0.57,1.11,0.7,0.41,1.72,1.89,0.62
S000000786,1.15,1.7,2.4,2.65,2.91,2.48,2.52,1.63
S000000806,0.3,0.65,0.95,1.35,1.49,1.44,1.45,0.89
S000000808,-0.62,-1.79,-2.4,-2.74,-2.32,-1.51,-0.74,-0.43
S000000814,0.49,1.1,1.33,1.14,1.17,1.2,1.23,0.48
S000000822,0.58,0.87,1.27,1.06,1.03,0.7,1.25,0.46
S000000828,0.33,0.86,1.28,1.57,1.68,1.33,0.76,0.66
S000000837,0.9,1.66,1.61,1.34,1.52,1.42,1.51,0.94
S000000839,0.14,1.54,2.01,2.32,2.6,2.54,2.94,0.91
S000000840,0.18,0.9,1.27,1.3,1.6,1.59,1.74,0.77
S000000844,0.73,1.06,1.38,1.11,0.42,0.78,0.96,0.55
S000000846,0.52,1.42,1.45,1.41,1.16,0.82,0.53,-0.09
S000000851,-0.34,-1.29,-2.0,-1.84,-1.15,-0.81,-0.01,0.12
S000000855,1.44,2.43,2.89,2.34,1.91,1.09,2.13,0.41
S000000856,0.41,1.31,3.49,0.03,1.97,0.38,0.22,0.12
S000000857,0.31,-0.4,-1.06,-1.56,-1.09,-1.12,-0.74,-0.89
S000000858,-0.54,-1.64,-2.4,-1.56,-0.89,-0.64,-0.15,-0.32
S000000860,0.3,0.8,1.67,1.2,0.82,0.6,0.08,-0.32
S000002958,-0.1,-1.56,-0.83,-0.78,-0.75,-0.45,-0.14,-0.49
S000000864,0.2,0.16,0.48,0.75,1.17,1.35,2.36,0.98
S000000869,2.29,3.91,3.8,3.14,2.27,1.76,2.0,0.44
S000000872,-0.29,-1.12,-1.51,-1.47,-0.74,-0.29,-0.86,-0.51
S000000881,0.95,1.76,2.09,2.07,2.07,1.56,1.59,0.86
S000000884,-0.71,-1.56,-2.0,-1.69,-1.22,-0.86,-0.4,-0.22
S000000904,0.45,0.29,-0.56,-1.22,-1.32,-1.12,-0.79,-0.4
S000000905,0.98,2.28,3.0,2.26,2.04,1.7,2.44,2.08
S000000912,-0.69,-2.12,-3.32,-4.06,-3.06,-2.18,-1.4,-0.4
S000000921,0.46,0.85,1.41,1.53,1.63,1.28,0.82,0.54
S000000928,-0.81,-1.47,-2.47,-2.32,-1.69,-0.74,-0.17,-0.23
S000000929,-1.09,-1.43,-1.74,-1.18,-1.09,-0.67,-0.47,-0.12
S000000932,-0.58,-0.58,-0.97,-1.0,-0.62,-0.17,1.44,0.0
S000000943,0.59,1.08,1.29,1.26,1.1,0.89,0.64,0.41
S000000944,0.44,1.75,2.02,2.11,2.0,1.65,1.48,0.9
S000000945,0.82,1.52,2.02,1.39,1.49,1.66,1.85,0.96
S000000947,0.29,-0.36,-1.25,-1.29,-0.62,-0.32,-0.45,0.12
S000000952,0.34,1.88,2.84,3.48,3.5,3.13,3.63,1.78
S000000960,-0.03,0.15,0.3,0.75,0.85,1.01,2.35,0.85
S000000965,0.42,1.1,1.53,1.7,0.97,1.44,1.15,0.57
S000000979,0.48,0.87,1.08,1.1,1.35,1.0,1.27,0.64
S000001894,-0.94,-1.43,-1.79,-1.6,-1.29,-0.86,-0.58,-0.4
S000001880,1.1,4.1,6.45,6.2,6.68,6.6,6.2,4.33
S000001878,1.04,1.85,2.22,1.19,1.73,1.36,1.04,1.24
S000001875,-0.04,0.16,0.36,-0.03,-0.6,-0.2,-0.8,-1.29
S000001871,-1.43,-1.6,-1.94,-1.56,-1.09,-0.89,-0.58,-0.14
S000001850,0.16,0.53,1.08,1.26,1.0,1.28,1.55,0.96
S000001838,1.18,2.04,2.78,3.2,3.53,3.94,3.66,2.96
S000001837,0.48,1.16,1.55,1.96,2.21,2.4,2.13,1.38
S000001835,-0.15,0.24,0.23,0.6,0.84,1.26,1.46,1.28
S000001897,-0.69,-1.32,-1.84,-1.6,-1.43,-1.15,-0.94,-0.51
S000001899,0.33,1.31,1.51,1.53,1.42,1.21,0.93,0.52
S000001911,4.61,3.05,3.11,2.32,1.4,0.16,-0.84,-0.4
S000001913,1.08,2.36,2.48,0.21,1.93,0.77,1.12,0.11
S000002968,0.29,0.8,1.07,1.28,1.4,1.01,1.18,0.66
S000001938,0.46,1.21,1.43,1.28,1.36,1.39,1.14,0.84
S000001943,0.2,0.6,0.96,1.24,1.48,1.36,1.46,0.94
S000001945,0.5,1.22,1.44,1.16,1.15,0.71,0.51,0.11
S000001946,0.48,1.12,1.32,1.2,1.33,1.18,1.45,0.61
S000001948,0.59,1.14,1.41,1.3,1.49,1.21,1.39,0.71
S000001949,2.17,3.56,4.44,3.64,2.87,1.42,1.06,0.41
S000001953,0.38,-0.4,0.32,0.01,-0.34,-0.26,0.15,-1.36
S000002976,0.15,-0.74,-1.15,-1.32,-1.06,-0.76,-0.2,0.0
S000002978,0.54,0.98,1.61,1.75,0.96,1.04,0.82,0.69
S000002997,-1.18,-2.18,-2.94,-2.56,-2.06,-1.51,-0.79,-0.54
S000002999,0.36,0.38,-0.4,-1.18,-1.4,-1.06,-0.89,-0.54
S000003005,1.83,3.23,3.69,3.44,3.14,2.27,2.06,1.01
S000003014,0.03,0.29,0.77,0.86,0.38,0.41,1.42,0.62
S000003015,0.51,1.91,2.28,2.38,2.21,1.79,1.36,0.56
S000003016,0.41,1.04,1.4,1.42,1.32,1.27,1.34,0.71
S000003023,-0.81,-2.32,-3.47,-3.06,-2.4,-1.6,0.61,0.66
S000003044,0.51,0.24,-0.76,-1.29,-1.32,-1.06,-0.84,-0.47
S000003046,-0.86,-1.94,-2.84,-2.4,-1.89,-1.36,-0.6,-0.32
S000003064,1.45,1.65,2.32,1.38,1.24,1.23,1.6,0.71
S000003067,-0.69,-1.36,-1.69,-1.74,-1.29,-0.94,-0.67,-0.23
S000003079,-0.76,-1.06,-1.84,-1.6,-1.25,-0.81,-0.45,-0.27
S000003088,-0.58,-1.43,-2.18,-1.79,-1.29,-0.81,0.08,0.08
S000003089,0.12,0.78,1.54,2.51,2.78,3.04,3.01,1.24
S000003095,0.28,0.45,0.81,0.76,1.13,0.96,1.28,0.85
S000003103,0.24,0.29,-0.71,-1.25,-1.43,-1.15,-0.81,-0.49
S000003115,0.51,0.43,-0.34,-1.15,-1.51,-1.15,-0.71,-0.34
S000003124,-0.06,-0.27,0.5,1.62,1.81,1.46,1.52,1.37
S000003125,0.5,0.66,0.68,0.99,1.12,0.93,1.34,0.79
S000003137,-0.71,-1.43,-1.74,-1.56,-1.06,-0.67,-0.2,-0.01
S000003138,-0.94,-1.6,-1.43,-0.84,-1.69,-1.25,-1.0,-0.76
S000003139,-1.25,-2.56,-3.32,-3.32,-2.56,-1.64,-1.15,-0.74
S000003147,-0.18,0.07,0.56,0.53,0.9,0.86,2.24,1.1
S000003148,0.41,0.88,1.47,1.21,1.35,0.71,0.88,0.25
S000003152,0.97,0.84,1.69,1.03,1.7,0.98,0.99,0.03
S000003177,0.13,-0.66,-0.73,-1.03,-0.81,-1.65,-1.63,-1.19
S000003203,-0.17,-1.22,-2.25,-2.0,-1.51,-1.32,-0.94,-0.47
S000003224,-0.92,-1.47,-1.89,-1.6,-1.64,-1.51,-0.89,-0.64
S000003240,1.37,2.72,2.74,3.19,2.54,2.48,2.29,1.35
S000003251,0.75,1.49,2.32,2.15,2.61,2.12,2.37,1.13
S000003253,0.24,0.8,1.34,0.87,1.08,0.85,0.64,0.04
S000003260,-0.15,0.51,1.04,1.19,1.42,1.29,1.51,1.14
S000003267,0.96,-0.07,-0.3,-0.58,-0.74,-1.36,-1.6,-1.18
S000003269,0.69,0.95,1.02,1.03,1.01,1.1,1.44,1.04
S000003275,0.1,0.91,2.68,3.86,3.34,3.93,3.74,1.96
S000003276,0.33,1.08,1.29,1.48,1.64,0.85,1.34,0.62
S000003284,0.74,1.45,2.31,2.22,2.07,1.48,1.21,0.73
S000003293,-0.16,-1.15,-1.29,-1.74,-1.51,-1.43,-1.3,-1.02
S000003320,1.5,3.25,4.36,4.57,4.38,3.01,1.74,0.75
S000003322,-0.84,-1.51,-1.6,-1.6,-1.15,-1.15,-0.84,-0.71
S000003335,-1.06,-1.89,-3.32,-3.84,-3.32,-2.4,-1.43,-0.6
S000003342,-0.14,0.37,1.06,1.12,1.6,1.51,1.5,0.99
S000003343,0.37,0.91,1.28,1.19,1.15,0.8,0.6,0.55
S000003344,0.39,1.24,1.55,1.02,1.1,0.99,0.94,0.31
S000003355,-0.17,-0.81,-1.79,-1.43,-1.25,-1.0,-0.36,-0.29
S000003359,0.55,0.81,1.38,1.12,1.3,0.58,0.8,0.26
S000003360,-0.74,-1.64,-2.25,-2.25,-1.47,-0.86,-0.58,-0.36
S000003364,0.39,1.12,1.39,1.5,1.31,0.92,1.0,0.32
S000003367,0.43,0.99,1.33,1.42,1.14,1.29,1.49,0.73
S000003370,-0.43,-0.94,-1.47,-1.0,-0.94,-0.71,2.43,-0.2
S000003371,-0.15,-0.09,-0.29,-0.32,-0.71,-0.27,1.73,-0.2
S000003374,2.39,3.58,3.54,2.49,2.77,2.68,2.28,2.64
S000003377,-1.25,-2.47,-3.18,-2.64,-2.32,-1.6,-1.15,-0.6
S000003380,0.25,0.38,-0.4,-1.15,-1.36,-1.06,-0.92,-0.51
S000003391,-0.47,-0.82,-1.32,-1.37,-1.05,-0.79,-0.12,-0.12
S000003392,-0.58,-1.94,-3.06,-2.64,-2.06,-1.56,-0.3,-0.22
S000003393,1.76,1.48,1.64,1.8,1.12,1.42,2.06,2.09
S000003394,-0.53,-1.05,-1.48,-1.52,-1.02,-0.8,-0.62,-0.67
S000003406,0.45,1.2,1.7,1.83,1.36,0.86,0.21,-0.1
S000003408,-0.4,-0.97,-1.69,-1.74,-1.56,-1.47,-1.51,-1.22
S000003409,-0.3,-0.43,-1.51,-1.84,-1.51,-1.43,-1.69,-0.97
S000003419,-0.67,-1.47,0.0,-1.84,-1.43,-1.06,-0.89,-0.32
S000003421,0.1,-0.42,-0.47,0.1,0.93,1.14,1.93,1.51
S000003422,-0.54,-1.29,-1.47,-0.92,-0.92,-0.49,-0.01,-0.36
S000003426,1.04,1.61,1.95,1.7,1.42,0.7,0.21,0.16
S000003432,-0.56,-1.4,-2.06,-1.94,-1.4,-0.97,-0.71,-0.32
S000003433,0.11,0.28,0.78,1.34,1.53,1.2,1.23,0.65
S000003437,0.44,0.92,1.47,1.3,0.8,0.04,-0.43,-0.4
S000003441,1.75,2.55,2.93,3.05,2.15,2.7,2.65,1.86
S000003446,0.19,0.16,-0.58,-1.36,-1.22,-0.97,-0.79,-0.38
S000003455,0.58,1.21,1.55,1.26,1.34,1.13,0.86,0.7
S000003463,0.4,1.14,1.49,1.8,1.59,1.48,1.19,0.48
S000003466,0.34,0.29,-0.67,-1.36,-1.6,-1.4,-0.84,-0.6
S000003475,1.81,2.03,2.6,2.24,1.95,1.31,0.99,0.28
S000003476,0.29,1.43,2.11,2.41,2.39,2.35,1.79,1.41
S000003477,-1.03,-1.89,-3.06,-2.94,-2.56,-1.79,-0.97,-0.54
S000003480,1.51,3.33,4.64,4.65,4.23,3.21,2.05,0.82
S000003482,0.15,1.08,0.93,0.44,0.61,0.38,1.46,0.48
S000003485,0.39,0.75,0.98,1.0,0.99,0.96,1.27,0.59
S000003487,0.39,0.86,1.33,1.58,1.15,1.23,1.37,0.79
S000003488,1.38,1.99,2.52,2.76,2.88,2.72,2.42,2.0
S000003496,-0.06,-0.84,-1.6,-1.89,-1.47,-1.29,-0.94,-0.6
S000003504,-1.12,-1.74,-2.4,-2.25,-1.89,-1.25,-1.0,-0.67
S000003512,-1.32,-2.32,-2.84,-2.47,-2.12,-1.64,-1.06,-0.47
S000003515,-0.6,-1.22,-1.74,-1.47,-1.0,-0.58,-0.27,0.07
S000003516,0.32,0.69,0.8,1.14,1.25,1.47,1.68,1.48
S000001003,-0.12,-0.64,-1.56,-1.43,-0.71,-0.58,0.11,0.2
S000001013,2.19,3.42,4.04,3.34,2.67,1.67,1.01,0.96
S000001016,0.38,1.2,2.63,2.27,2.18,1.18,-0.01,-0.74
S000001020,0.0,0.06,-0.67,-0.79,-0.94,-1.56,-1.79,-1.18
S000001022,0.06,0.42,0.94,1.11,1.29,0.84,0.62,-0.04
S000001025,0.48,0.24,-0.54,-1.22,-1.29,-0.92,-0.42,-0.15
S000001031,-0.32,-1.07,-1.62,-1.48,-1.09,-0.89,-0.5,-0.45
S000003529,0.75,1.41,0.75,-0.11,0.36,0.43,0.06,0.0
S000001050,1.21,1.72,1.55,1.05,1.56,1.04,1.73,0.49
S000001056,0.0,0.0,-0.32,-0.51,-0.54,2.58,-0.56,-0.58
S000001058,0.77,1.36,1.81,1.92,1.81,1.11,0.65,0.36
S000001062,-0.06,-0.79,-1.84,-2.25,-1.79,-1.25,-0.69,-0.51
S000001071,0.64,1.18,1.33,1.5,1.55,1.27,1.38,1.08
S000001072,0.04,0.38,0.54,0.74,1.07,1.0,2.16,1.2
S000001085,0.23,0.84,1.16,1.48,1.49,1.43,1.43,0.93
S000001094,-0.67,-1.22,-1.94,-1.6,-1.36,-0.86,-0.38,-0.32
S000001095,0.71,1.03,0.36,-0.09,0.12,0.86,1.51,1.26
S000001097,0.65,1.01,0.33,-0.12,0.18,0.83,1.53,1.21
S000001099,0.24,0.85,1.19,1.4,1.26,1.09,0.95,0.41
S000001107,-0.69,-1.22,-1.84,-1.74,-1.0,-0.54,-0.47,-0.09
S000001108,-1.18,-1.94,-2.4,-2.0,-1.43,-1.0,-0.74,-0.27
S000001111,-0.62,-0.89,-1.32,-1.15,-0.69,-0.22,0.12,0.1
S000001112,-0.47,-1.25,-1.51,-1.09,-0.89,-0.58,0.18,-0.04
S000001123,-0.71,-1.18,-1.89,-1.47,-1.6,-1.15,-0.69,-0.34
S000001129,2.04,3.96,4.73,3.37,3.41,2.92,2.92,1.64
S000001130,-1.06,-2.06,-3.18,-2.74,-2.12,-1.12,-0.42,-0.2
S000001131,-0.06,-0.67,-1.89,-2.4,-1.84,-1.36,-0.74,-0.76
S000001139,0.89,1.61,2.15,1.9,1.26,1.01,1.04,0.86
S000001146,0.95,2.22,2.94,3.0,3.09,2.54,2.04,1.64
S000001154,0.3,0.64,0.97,1.3,1.73,1.62,1.95,1.51
S000001158,0.34,1.26,1.08,2.06,1.87,1.53,1.09,0.18
S000001179,0.58,1.74,2.71,2.8,2.36,1.54,0.64,-0.3
S000001180,0.63,1.85,1.66,2.44,2.22,1.74,1.71,0.67
S000001182,0.51,1.18,0.3,1.61,1.85,1.45,0.8,0.58
S000001190,0.31,1.03,1.32,1.04,1.06,0.76,0.52,0.14
S000001191,-0.62,-1.25,-1.64,-1.36,-1.09,-0.74,-0.22,-0.12
S000001206,1.12,1.84,1.91,1.66,1.78,1.82,1.79,1.35
S000001212,-1.03,-1.89,-2.47,-1.94,-1.64,-0.92,-0.49,-0.27
S000001213,-0.56,-1.56,-2.47,-2.47,-1.79,-1.25,-0.4,-0.43
S000001219,0.19,0.51,0.87,0.8,0.64,1.45,0.71,0.4
S000001222,1.54,1.53,0.7,0.31,0.95,1.55,2.38,2.5
S000001226,1.5,1.23,1.48,1.11,1.04,0.8,1.31,1.96
S000001239,-1.09,-1.6,-2.12,-2.12,-1.47,-1.18,-0.94,-0.69
S000001240,-1.06,-2.18,-2.56,-2.25,-1.79,-1.36,-0.94,-0.56
S000001242,0.96,1.57,1.42,1.29,1.32,1.01,0.96,0.63
S000001246,0.45,0.33,-0.62,-1.32,-1.22,-1.03,-0.6,-0.4
S000001252,0.07,0.83,1.43,1.95,2.06,1.73,2.0,0.96
S000001258,-0.23,-1.0,-2.18,-2.32,-1.74,-1.12,-1.0,-1.64
S000001259,0.08,-0.43,-1.25,-1.6,-1.18,-0.81,-0.15,-0.22
S000001271,-0.3,-1.36,-1.6,-1.22,-0.69,-0.81,-0.89,-0.56
S000001273,0.28,-0.34,-0.86,-1.06,-1.22,-1.4,-1.4,-1.12
S000001281,-1.03,-2.25,-2.84,-2.32,-2.56,-1.74,-1.12,-0.43
S000001295,0.56,1.0,1.41,1.28,1.28,0.85,0.87,0.28
S000001309,-0.4,-1.43,-1.6,-1.25,-0.92,-0.58,-0.01,-0.18
S000001315,0.1,-0.51,-1.25,-0.71,-0.04,0.07,1.29,0.24
S000001326,-0.25,-0.6,-1.6,-1.56,-1.36,-0.94,-0.51,-0.22
S000001327,0.28,0.82,1.17,1.54,1.58,0.62,0.29,0.15
S000001339,0.69,0.95,1.41,1.08,0.7,0.43,0.88,0.25
S000001341,-0.74,-1.22,-1.47,-0.97,-0.92,-0.69,-0.58,-0.32
S000001349,0.46,1.02,1.46,1.69,1.49,1.02,0.95,0.08
S000001353,-1.03,-0.79,-1.24,-2.12,-1.2,-0.92,-0.75,-0.54
S000001355,-0.22,-0.31,-0.2,-0.4,-0.51,-0.83,-0.46,-1.79
S000001358,-0.69,-1.56,-1.89,-1.89,-1.64,-0.97,-0.54,-0.03
S000001360,0.36,1.06,1.27,1.29,1.05,0.62,0.19,-0.06
S000001365,-0.38,-0.67,-1.4,-1.12,-0.79,-0.45,-0.1,0.1
S000001369,0.29,1.02,1.47,1.51,1.58,0.95,0.31,0.68
S000001373,0.61,1.66,1.48,1.99,1.91,1.9,1.49,0.7
S000001375,0.51,1.59,1.08,1.34,1.43,0.63,0.08,-0.14
S000001379,0.36,0.81,1.19,1.95,2.37,2.26,2.69,1.73
S000001386,0.77,1.35,1.85,1.75,1.91,1.46,1.03,0.62
S000001389,-0.84,-1.56,-2.18,-2.06,-1.4,-0.79,-0.38,-0.14
S000001395,0.28,0.07,-0.84,-1.36,-1.15,-0.67,-0.47,-0.43
S000001398,0.86,2.5,3.67,3.41,3.41,2.82,2.01,1.28
S000001422,-0.22,-0.32,1.0,1.38,1.54,1.43,0.6,-0.15
S000001429,0.93,1.32,0.78,0.86,1.23,1.23,0.7,0.6
S000001451,-0.34,-0.84,-1.29,-0.89,-0.69,-0.51,0.23,0.11
S000001455,0.81,1.83,1.94,1.93,1.56,0.83,0.48,0.43
S000001456,1.16,2.16,1.77,1.79,1.34,0.86,0.42,0.32
S000001465,-0.47,-1.18,-2.12,-2.18,-1.69,-1.18,-0.43,-0.27
S000001475,0.36,0.96,1.45,1.67,1.78,1.63,1.48,0.57
S000001476,0.64,1.17,1.79,1.88,2.37,2.1,1.92,0.92
S000001477,0.32,1.2,1.97,2.56,3.06,2.96,2.64,1.21
S000001478,0.57,0.82,1.88,1.7,2.1,1.39,1.15,0.53
S000003538,0.6,1.18,1.53,1.32,1.52,1.34,1.59,0.83
S000003547,-0.6,-1.37,-1.79,-1.42,-1.32,-1.0,-0.71,-0.41
S000003558,0.4,0.82,1.32,1.51,1.19,0.84,0.64,0.52
S000003568,0.19,1.04,1.29,1.11,0.99,1.13,1.1,0.68
S000003570,-1.09,-1.84,-2.0,-1.06,-1.69,-1.43,-0.79,-0.49
S000003571,0.71,1.27,1.66,1.57,1.91,1.97,2.6,2.41
S000003581,0.08,0.7,0.93,1.63,2.11,1.48,1.49,-0.04
S000003584,0.87,1.43,1.74,1.88,1.5,1.49,2.16,1.38
S000003586,-0.56,-1.44,-1.54,-1.74,-1.5,-1.24,-0.76,-0.46
S000003588,0.64,0.75,0.9,1.26,1.07,1.2,1.41,0.41
S000003593,0.63,1.45,1.45,1.76,1.63,1.36,0.89,0.75
S000003602,0.74,1.46,1.79,1.66,1.68,1.11,1.2,0.37
S000003604,0.57,0.93,1.32,1.56,1.75,1.54,1.72,0.82
S000003605,-1.12,-1.94,-2.64,-2.06,-1.51,-1.22,-0.84,-0.4
S000003637,1.7,1.65,1.57,1.32,1.33,0.99,0.6,0.7
S000003638,0.5,1.55,1.99,1.36,1.34,0.81,0.4,0.34
S000003645,-0.86,-1.82,-2.03,-1.89,-1.74,-1.16,-0.54,-0.55
S000003652,0.3,0.54,0.87,1.68,1.3,2.02,2.95,1.84
S000003658,-0.45,-1.06,-2.0,-1.94,-1.36,-1.0,-0.45,-0.23
S000003661,-0.79,-1.06,-1.4,-1.22,-0.89,-0.56,-0.34,-0.14
S000003680,1.41,2.37,1.99,2.35,0.61,1.71,2.49,1.56
S000003684,-0.49,-1.09,-2.12,-1.84,-1.4,-1.09,-0.79,-0.58
S000003687,0.73,0.99,1.05,1.35,1.04,0.93,1.26,0.49
S000003689,-0.14,-0.32,0.06,1.28,1.29,0.89,1.02,0.6
S000003693,-0.89,-1.06,-1.29,-0.97,-0.54,-0.64,-1.03,-1.06
S000003695,0.46,0.29,0.48,1.09,1.16,0.99,1.46,0.08
S000003697,0.52,1.76,2.65,2.84,3.07,1.79,1.76,1.01
S000003700,1.26,2.02,2.19,2.04,1.73,0.96,0.23,0.36
S000003702,0.83,1.41,1.06,0.74,0.62,0.21,0.48,0.14
S000003704,-0.32,-0.47,-0.3,-0.51,-0.36,-0.56,-1.29,-0.34
S000003707,0.25,0.53,0.59,0.9,0.78,0.85,1.47,0.76
S000003713,0.36,0.15,-0.79,-1.4,-1.36,-0.94,-0.67,-0.45
S000003726,0.54,0.39,-0.32,-1.15,-1.32,-1.25,-0.74,-0.42
S000003734,-0.3,-0.97,-1.56,-1.18,-1.06,-0.76,-0.6,-0.15
S000003736,-0.34,-1.29,-2.12,-1.89,-1.64,-1.4,-0.97,-0.54
S000003744,-0.4,-0.94,-1.36,-1.29,-0.79,-0.54,-0.22,0.01
S000003753,0.55,1.18,1.64,1.8,1.69,1.4,0.96,0.65
S000003755,0.59,0.8,0.95,1.32,1.34,1.01,1.24,0.82
S000003762,-0.85,-1.7,-1.8,-1.89,-1.66,-1.26,-0.72,-0.28
S000003763,-0.71,-1.18,-1.74,-1.69,-1.25,-1.15,-0.71,-0.23
S000003768,0.31,0.78,1.18,1.51,0.33,0.61,0.9,0.41
S000003771,0.23,0.82,1.26,1.35,1.69,1.64,1.77,0.75
S000003777,0.0,-0.58,-1.51,-1.74,-1.47,-1.06,-0.62,-0.38
S000003786,0.52,1.04,1.3,1.31,1.2,1.37,1.78,1.4
S000003802,-0.74,-1.64,-2.12,-1.74,-1.25,-1.12,-0.79,-0.04
S000003806,1.02,1.23,1.6,1.4,1.44,0.93,1.04,0.87
S000003809,1.1,1.5,0.83,-0.09,-0.36,-0.12,-0.22,-0.12
S000003820,0.89,1.1,1.51,1.34,1.32,0.65,0.36,0.38
S000003824,-0.03,-0.76,-1.4,-1.09,-0.97,-0.58,-0.01,-0.01
S000003827,-0.27,-0.01,0.78,0.49,1.28,0.8,0.4,0.28
S000003831,-0.14,-1.03,-2.47,-2.47,-1.51,-0.69,-0.04,-0.06
S000003832,-0.14,-0.97,-2.06,-1.94,-1.4,-0.71,-0.17,-0.22
S000003834,0.64,1.28,2.29,2.84,3.19,3.05,2.6,1.79
S000003835,0.18,0.73,1.18,1.57,1.75,1.77,1.59,1.27
S000003845,0.53,1.02,1.21,1.4,1.38,1.27,1.02,0.63
S000003857,0.46,1.56,2.72,2.91,3.05,2.34,2.57,1.28
S000003858,-0.94,-1.51,-1.64,-1.36,-1.22,-0.64,-0.27,0.0
S000003865,1.49,2.3,2.52,2.51,2.21,1.99,1.74,0.91
S000003883,1.24,1.4,1.83,1.88,1.89,1.27,0.56,0.51
S000003884,0.4,0.23,-0.51,-1.09,-1.29,-1.18,-0.76,-0.62
S000003885,-0.15,-0.67,-1.29,-1.15,-1.0,-0.79,-0.6,-0.47
S000003893,-0.38,-1.36,-1.56,-1.51,-1.12,-1.09,-0.84,-0.15
S000003906,0.29,0.06,-0.76,-1.4,-1.36,-1.12,-0.6,-0.42
S000003908,-0.03,-0.97,-1.47,-1.22,-1.09,-0.94,-0.76,-0.56
S000003909,0.34,0.67,0.76,1.33,1.8,1.63,1.53,1.07
S000003916,0.46,1.62,2.17,2.62,2.65,2.8,2.54,2.1
S000003917,0.39,-0.01,0.63,0.65,1.16,1.12,1.34,0.72
S000003920,0.04,0.92,1.53,1.65,1.77,1.56,1.52,0.49
S000001492,-0.36,-1.09,-2.06,-1.6,-1.64,-0.94,-0.2,-0.23
S000001509,-0.1,0.67,0.95,1.47,1.38,1.16,1.12,0.15
S000001512,-0.71,-2.25,-2.64,-1.06,-1.94,-1.4,-0.51,-0.1
S000001513,-0.84,-2.0,-2.4,-1.29,-1.4,-0.97,-0.27,-0.18
S000001518,1.08,2.26,3.15,3.04,2.34,1.54,0.68,0.54
S000001519,0.58,1.46,1.62,2.02,1.58,0.78,0.14,0.08
S000001526,1.53,0.52,-0.71,-1.12,-1.25,-1.4,-1.47,-0.84
S000001527,0.74,-0.29,-1.03,-1.15,-1.4,-1.47,-1.4,-0.79
S000001548,0.63,1.3,1.62,1.68,1.66,1.36,1.66,0.96
S000001550,0.65,1.24,1.35,1.23,1.02,0.72,0.8,0.4
S000001554,0.53,1.77,1.85,1.8,2.32,2.13,1.75,0.79
S000001561,-1.43,-3.06,-2.18,-2.56,-2.47,-1.89,-0.97,-0.56
S000001564,0.1,-0.36,-1.06,-1.43,-1.43,-1.25,-1.03,-0.47
S000001565,-1.79,-2.4,-2.64,-2.84,-2.12,-1.79,-1.36,-0.81
S000001568,0.78,1.66,1.93,1.58,1.3,0.66,0.33,0.0
S000001570,0.87,1.15,1.28,1.2,0.95,0.6,0.49,0.21
S000001574,0.73,1.62,2.42,2.45,2.15,1.25,1.05,0.33
S000001579,0.97,2.13,2.81,3.45,3.42,3.16,1.91,1.81
S000001582,-1.03,-1.69,-2.64,-2.25,-1.84,-1.06,-0.6,-0.34
S000001583,0.45,0.88,1.28,1.21,1.27,0.84,0.65,0.42
S000001586,1.51,2.53,3.43,3.47,3.64,3.08,2.78,1.58
S000001587,0.1,0.11,0.46,0.84,1.52,1.51,2.04,1.16
S000001600,0.25,1.01,1.36,1.51,1.48,1.33,1.18,0.62
S000001608,-0.64,-1.0,-1.32,-1.09,-0.89,-0.71,-0.23,-0.29
S000001614,-0.42,-0.67,-0.84,-0.64,-1.32,-0.84,-0.45,-0.62
S000001624,0.61,1.42,0.88,0.82,0.6,0.44,0.11,0.04
S000001625,0.79,1.71,2.28,2.09,1.76,1.51,1.38,0.8
S000001631,0.9,1.44,1.13,1.11,0.74,0.14,-0.58,-0.64
S000001633,0.86,1.63,2.11,1.92,1.71,1.05,1.02,0.69
S000001634,0.37,1.39,2.06,2.55,2.55,1.86,1.51,0.75
S000001644,-0.17,-0.1,-0.04,0.5,1.06,1.16,1.48,0.79
S000001646,0.07,0.08,0.38,1.04,1.28,1.12,1.74,-0.2
S000001655,-1.0,-2.12,-2.84,-2.56,-2.06,-1.56,-1.03,-0.43
S000001664,-0.23,-0.62,-1.6,-1.47,-1.18,-0.79,-0.32,-0.27
S000001670,0.36,1.51,3.17,3.33,2.79,1.93,1.02,0.0
S000001674,-0.43,-1.4,-2.4,-1.94,-1.32,-0.92,-0.29,0.03
S000001675,0.6,1.12,1.48,1.45,1.42,1.28,0.98,0.39
S000001676,0.43,1.16,1.38,1.18,1.18,0.9,0.78,0.45
S000001678,0.22,0.63,0.91,0.97,1.91,0.66,0.31,0.23
S000001679,0.46,0.96,1.29,1.12,1.12,1.08,1.08,0.59
S000001684,-0.42,0.18,0.93,0.93,1.3,0.9,0.4,0.63
S000001699,-0.09,-0.94,-2.84,-3.64,-3.47,-3.06,-2.0,-0.56
S000001701,0.11,0.32,0.85,0.82,0.62,0.9,1.28,0.39
S000001719,1.0,1.96,2.24,2.11,1.56,1.59,1.99,1.57
S000001720,-0.14,-0.3,-0.62,-0.18,0.48,0.95,1.32,1.57
S000001721,0.08,-0.22,-0.49,-0.06,0.81,1.41,1.97,1.99
S000001732,-1.12,-2.47,-2.84,-2.18,-1.84,-1.56,-0.84,-0.43
S000001747,0.12,0.61,1.43,1.86,2.22,1.66,1.18,0.52
S000001757,0.4,0.82,1.51,1.39,1.48,1.06,1.41,0.52
S000001760,1.16,1.37,1.12,0.69,0.77,0.39,0.16,0.38
S000001764,-0.97,-1.89,-2.64,-2.0,-1.51,-1.0,-0.69,-0.27
S000001768,-0.79,-1.15,-1.69,-1.25,-1.18,-0.84,-0.71,-0.12
S000001769,0.42,0.52,0.41,0.65,1.12,1.48,2.59,1.2
S000001774,0.78,1.4,1.29,1.26,0.65,0.43,0.07,0.12
S000001775,0.57,0.87,1.32,0.82,1.29,0.58,0.06,0.16
S000001784,1.33,2.88,3.83,4.77,4.54,4.55,3.16,1.73
S000001787,-0.51,-1.0,-1.29,-1.03,-0.84,-0.74,-0.69,-0.3
S000001789,-0.74,-1.6,-2.32,-0.34,-1.47,-1.12,-0.56,-0.43
S000001799,0.25,0.77,1.55,1.85,1.92,1.81,3.27,1.24
S000001800,-0.67,-1.4,-1.94,-1.84,-1.29,-1.12,-0.64,-0.32
S000001807,-1.32,-2.0,-2.0,-1.89,-1.51,-1.29,-1.12,-0.62
S000003927,-0.42,-0.89,-1.43,-0.58,-0.43,-0.22,-0.69,-0.18
S000003931,-1.15,-2.32,-3.64,-3.32,-2.25,-1.56,-0.76,-0.3
S000003934,-0.86,-1.43,-1.74,-1.47,-1.22,-1.06,-0.79,-0.54
S000003946,0.63,1.07,1.24,1.4,1.14,0.92,0.77,0.5
S000003947,0.9,1.31,1.34,0.77,0.93,0.88,1.12,1.14
S000003949,1.97,2.97,3.3,2.69,2.2,1.84,1.98,1.93
S000003951,1.33,1.12,0.91,0.96,0.9,0.61,0.18,0.32
S000003957,-0.62,-1.48,-1.58,-1.65,-1.41,-1.06,-0.76,-0.4
S000003958,-0.64,-1.69,-1.84,-1.36,-0.97,-0.76,-0.07,0.0
S000003962,0.75,1.45,1.85,1.59,1.45,1.38,1.61,0.91
S000003964,0.85,1.67,1.15,0.79,0.62,0.07,-0.23,-0.14
S000003967,0.3,0.18,-0.58,-1.36,-1.32,-0.92,-0.4,-0.29
S000003983,1.31,2.54,2.91,3.61,3.85,3.86,3.48,2.4
S000003985,1.13,1.83,1.96,1.34,1.42,1.1,0.68,0.03
S000003992,-0.81,-1.74,-2.18,-2.0,-1.64,-1.36,-0.67,-0.43
S000003993,-0.76,-1.36,-2.18,-2.18,-1.64,-1.12,-0.84,-0.51
S000003999,-0.71,-1.43,-2.18,-2.06,-1.56,-0.97,-0.47,-0.49
S000004004,-0.84,-1.56,-1.36,-0.81,-0.71,-0.54,-0.06,0.03
S000004019,0.36,0.56,-0.45,-1.32,-1.6,-1.12,-0.76,-0.54
S000004032,0.01,0.06,0.08,0.56,1.49,2.1,2.05,1.9
S000004038,0.26,0.08,-0.81,-1.43,-1.47,-1.25,-0.97,-0.47
S000004041,-0.97,-1.18,-1.6,-1.32,-1.22,-0.64,-0.43,-0.47
S000004046,-0.01,-1.29,-2.56,-2.06,-1.18,-0.43,-0.27,0.26
S000004047,-0.79,-1.29,-1.12,-0.89,-0.56,-0.56,-0.67,-0.29
S000004048,-0.25,-1.36,-2.12,-1.79,-1.29,-1.0,-1.0,-0.89
S000004053,-0.92,-1.64,-1.29,-1.43,-1.09,-0.81,-0.51,-0.34
S000004058,-0.71,-1.18,-1.29,-1.36,-1.06,-0.86,-0.58,-0.15
S000004063,-0.81,-1.22,-1.6,-1.06,-0.89,-0.69,-0.56,-0.43
S000004064,-0.49,-1.09,-1.51,-1.29,-0.94,-0.58,0.15,0.01
S000004070,0.29,0.66,1.57,1.01,1.42,1.12,0.96,0.33
S000004073,-0.27,-0.84,-1.47,-1.43,-1.18,-0.86,-0.67,-0.34
S000004089,0.56,0.29,-0.03,0.0,0.61,0.54,1.36,1.5
S000004094,0.24,0.33,0.46,0.44,0.6,0.72,1.28,0.88
S000004098,2.95,2.4,2.5,1.88,1.52,1.29,0.03,1.16
S000004099,1.65,2.08,2.29,2.25,2.41,1.94,1.94,1.31
S000004110,0.41,0.46,0.82,1.23,1.04,1.14,2.41,1.18
S000004111,0.08,0.38,0.37,0.9,1.09,1.22,2.57,1.26
S000004120,-0.4,-1.0,-1.47,-1.15,-1.06,-0.86,-0.51,-0.79
S000004122,0.39,0.98,1.43,1.1,0.63,0.41,0.66,0.31
S000004139,0.65,1.81,2.55,1.99,2.21,1.37,0.96,0.33
S000004142,1.36,1.98,2.32,1.67,1.91,1.4,1.62,0.88
S000004165,-0.74,-1.25,-2.25,-2.18,-1.6,-1.15,-0.58,-0.3
S000004167,0.75,1.07,1.87,1.43,1.02,0.38,0.61,0.33
S000004168,1.14,2.72,4.65,4.07,4.22,3.52,2.76,1.41
S000004176,-0.03,-0.45,-1.29,-0.56,-0.86,-0.79,0.0,-0.04
S000004184,0.15,0.33,0.39,0.87,0.48,1.14,3.33,1.7
S000004186,-0.81,-1.74,-2.47,-2.32,-1.43,-1.09,-0.42,-0.27
S000004187,-0.58,-1.09,-2.18,-2.56,-1.84,-1.43,-0.79,-0.42
S000004188,-0.43,-0.84,-1.89,-2.32,-1.56,-1.22,-0.69,-0.34
S000004193,0.38,0.91,1.24,1.42,1.32,0.77,0.31,0.0
S000004194,0.42,1.03,1.34,1.04,0.93,0.71,0.58,0.06
S000004195,0.07,0.57,0.89,1.05,1.41,1.3,1.28,0.72
S000004206,1.01,2.05,2.46,2.04,1.55,1.72,1.86,1.72
S000004207,0.82,2.0,2.25,2.0,1.67,1.57,1.74,1.39
S000004208,0.52,0.93,1.23,1.41,0.59,0.58,0.1,-0.17
S000004211,-0.64,-1.18,-2.12,-1.89,-1.69,-1.22,-0.69,-0.42
S000004212,-0.89,-1.84,-2.18,-2.06,-1.47,-1.18,-0.71,-0.42
S000004213,-1.56,-1.6,-1.69,-1.69,-1.15,-1.03,-0.67,-0.6
S000004218,0.24,-0.18,-0.54,-0.71,-0.89,-1.25,-1.36,-0.45
S000004239,-0.27,-1.09,-2.06,-2.64,-2.06,-1.51,-0.45,-0.4
S000004242,0.7,2.17,2.12,2.14,1.99,1.41,1.34,0.7
S000004248,1.83,2.88,3.58,3.2,2.75,1.82,1.0,1.03
S000004249,0.87,1.49,1.95,2.03,1.94,1.71,1.4,1.3
S000004260,0.9,1.49,2.45,2.3,2.45,1.84,1.7,0.93
S000004263,-0.03,0.53,1.33,1.46,1.65,1.16,0.5,0.06
S000004266,-0.89,-1.64,-2.56,-1.79,-1.64,-1.29,-0.84,-0.43
S000004290,0.71,1.91,2.24,1.95,2.15,1.76,1.86,1.17
S000004294,1.16,2.15,2.66,2.78,2.86,2.91,2.92,2.01
S000004295,0.3,0.3,0.06,0.01,-0.06,-0.71,-1.18,-1.56
S000004319,1.84,4.72,4.51,4.09,3.8,3.42,3.16,2.26
S000004328,-1.09,-1.74,-1.79,-1.84,-1.32,-1.09,-0.89,-0.29
S000004331,0.21,-0.01,-0.84,-1.43,-1.56,-1.29,-0.97,-0.69
S000004332,0.39,0.07,-0.71,-1.18,-1.47,-1.25,-1.03,-0.49
S000004336,0.51,0.11,-0.84,-1.25,-1.29,-0.89,-0.62,-0.3
S000004337,0.69,1.64,1.64,1.66,1.5,1.05,0.82,0.58
S000004340,0.31,0.51,1.55,2.73,3.5,3.36,2.86,2.06
S000004341,-0.03,0.29,0.57,1.98,2.41,2.63,2.19,1.61
S000004346,0.96,1.45,1.73,1.87,2.15,1.99,2.12,1.64
S000004347,-0.09,-0.64,-1.36,-1.09,-0.64,-0.69,-0.74,-0.64
S000004348,0.57,1.04,1.86,1.83,1.99,1.55,1.29,0.71
S000004351,-0.3,-0.76,-1.74,-1.79,-1.36,-1.25,-1.03,-0.76
S000004359,0.26,0.25,-0.51,-1.15,-1.36,-1.03,-0.69,-0.3
S000004367,0.11,0.07,-0.07,0.33,0.46,0.59,1.43,0.55
S000004389,-0.32,-1.36,-1.74,-1.64,-1.09,-0.79,-0.14,-0.17
S000004392,-0.58,-0.89,-1.4,-0.97,-0.92,-0.62,-0.22,-0.27
S000004393,-0.84,-1.6,-2.0,-1.74,-1.15,-0.64,-0.12,-0.01
S000004401,-0.94,-2.12,-2.64,-2.25,-1.64,-1.25,-0.67,-0.43
S000004405,-0.38,-1.94,-3.06,-2.84,-2.32,-1.89,-1.25,-0.71
S000004406,0.07,-0.04,-0.07,0.32,0.38,0.52,1.45,0.77
S000004424,0.01,-0.47,-1.25,-1.51,-1.25,-0.89,-0.12,-0.07
S000004427,-0.69,-1.22,-1.89,-1.69,-1.51,-0.86,-0.64,-0.29
S000004430,0.37,0.93,1.63,1.9,1.69,1.14,0.81,0.82
S000004433,0.24,0.12,-0.67,-1.4,-1.43,-1.18,-0.71,-0.51
S000004440,0.32,0.0,-0.84,-1.32,-1.29,-0.84,-0.71,-0.34
S000004441,-0.74,-1.4,-2.06,-2.64,-2.0,-1.51,-0.84,-0.62
S000004452,2.82,2.81,2.85,2.52,2.63,2.64,2.72,3.23
S000004463,0.32,1.02,1.56,1.74,1.8,1.35,1.44,0.7
S000004480,-0.49,-0.89,-1.6,-1.25,-0.89,-0.69,-0.54,-0.6
S000004490,1.28,1.89,2.06,2.24,2.13,2.17,2.11,1.65
S000004492,0.43,0.96,1.4,1.21,0.7,0.69,0.39,-0.03
S000004507,-1.25,-0.97,-1.47,-1.25,-0.92,-0.64,-0.76,-0.49
S000004518,0.08,0.7,0.86,1.45,0.9,0.65,0.54,0.54
S000004520,-0.01,-0.69,-1.6,-2.18,-1.51,-1.06,-0.18,-0.17
S000004525,-0.51,-1.03,-1.36,-1.32,-0.74,-0.38,-0.22,-0.07
S000004528,0.52,0.51,-0.34,-1.12,-1.36,-1.09,-0.67,-0.62
S000004535,0.37,0.52,1.14,1.5,1.62,1.24,1.31,0.8
S000004545,-0.92,-1.4,-1.69,-1.47,-1.12,-0.76,-0.62,-0.34
S000004555,1.04,1.65,0.44,0.08,-0.03,-0.36,-0.86,-0.47
S000004557,0.43,0.84,0.95,1.01,1.12,1.04,1.37,0.53
S000004558,-1.36,-2.18,-2.64,-2.4,-1.74,-1.51,-0.97,-0.56
S000004566,2.83,3.29,4.42,4.2,3.6,2.61,1.58,1.71
S000004578,0.34,0.77,1.37,1.43,1.61,1.26,1.06,0.37
S000004589,1.06,1.29,1.1,1.06,0.32,0.24,0.21,0.15
S000004592,-0.25,-0.94,-1.29,-0.51,0.12,0.21,-0.25,-0.34
S000004597,1.12,3.19,4.85,5.28,5.18,4.49,3.07,1.81
S000004599,0.8,1.71,2.08,2.0,2.32,2.32,3.02,2.47
S000004600,2.75,3.66,4.0,3.82,2.91,3.34,3.39,2.81
S000004603,-0.51,-0.32,-0.32,-0.49,-0.45,-0.81,-1.36,-0.34
S000004604,0.55,1.14,1.43,1.54,1.58,1.11,1.1,0.63
S000004611,0.51,1.26,1.49,1.38,1.22,1.34,1.17,0.76
S000004616,-1.25,-1.32,-2.06,-2.06,-1.4,-1.22,-0.92,-0.58
S000004622,0.01,0.39,0.75,1.01,0.64,0.96,1.82,0.86
S000004635,-0.26,-0.23,-0.05,-0.13,-0.3,-0.54,-1.34,-0.62
S000004641,1.16,1.54,0.99,0.82,0.99,1.03,1.03,1.02
S000004643,0.32,0.69,0.93,1.02,1.53,1.82,2.22,1.59
S000004644,0.08,0.44,0.9,1.24,1.45,0.9,1.05,0.71
S000004652,-0.97,-2.18,-2.74,-2.84,-2.12,-1.69,-0.94,-0.51
S000004662,0.04,-0.64,-1.64,-2.4,-2.06,-1.43,-1.6,-0.67
S000004686,0.36,0.86,1.59,1.28,0.99,0.58,1.99,0.08
S000004696,1.48,2.83,4.21,3.6,3.95,3.71,3.77,2.22
S000004699,-0.64,-1.6,-2.4,-1.94,-1.25,-1.0,-0.47,-0.4
S000004711,1.91,3.32,4.17,3.9,3.22,1.94,0.65,0.82
S000004713,-0.17,-0.18,0.99,1.84,1.29,0.62,-0.1,-0.43
S000004716,0.6,1.13,1.51,1.63,1.58,0.97,0.95,0.58
S000004722,0.28,0.08,-0.81,-1.25,-1.47,-1.51,-1.36,-0.81
S000004727,-0.27,-1.43,-2.64,-2.25,-1.64,-1.6,-1.84,-1.89
S000004728,0.45,0.65,-0.2,-1.12,-1.4,-0.92,-0.47,-0.43
S000004735,-1.29,-2.23,-1.93,-2.16,-1.96,-1.6,-1.09,-0.73
S000004738,-0.34,-1.0,-2.18,-2.12,-1.69,-1.0,-0.49,-0.34
S000004747,0.76,1.18,1.48,1.23,0.82,0.57,0.77,0.3
S000004760,0.4,0.99,1.46,1.41,1.52,0.96,0.69,0.39
S000004779,0.05,0.46,1.15,1.47,1.6,1.09,0.9,0.84
S000004780,0.15,0.73,1.93,3.18,3.12,2.48,1.75,0.93
S000004784,1.72,2.28,2.55,2.42,2.65,2.46,2.9,2.45
S000004785,1.6,2.31,2.48,2.35,2.56,2.24,2.85,2.04
S000004786,0.42,0.8,1.13,1.31,1.09,1.01,0.95,0.35
S000004793,0.37,0.55,1.3,1.08,1.06,0.83,1.12,0.58
S000004796,0.28,0.93,1.2,1.41,1.85,2.06,2.08,1.78
S000004797,-1.0,-1.74,-2.4,-1.6,-1.25,-0.86,-0.32,0.12
S000004798,0.77,1.37,1.74,1.41,1.57,1.16,1.18,1.45
S000004803,0.07,0.0,0.86,1.15,1.35,1.31,1.38,1.13
S000004808,1.03,1.24,1.9,1.84,1.62,1.2,0.93,0.28
S000004809,0.6,1.83,3.07,3.12,3.02,2.14,1.44,0.53
S000004810,0.3,0.96,1.55,1.6,1.46,1.14,0.65,0.26
S000004827,0.11,0.2,0.38,0.07,0.94,1.02,1.26,1.27
S000004830,-0.12,-0.86,-2.56,-3.32,-2.74,-1.69,-0.64,-0.17
S000004839,0.44,0.7,0.91,0.93,0.86,0.92,1.32,0.76
S000004842,-0.85,-1.77,-2.63,-4.32,-2.1,-1.9,-0.88,-0.78
S000004852,-1.12,-2.12,-2.47,-2.0,-1.84,-1.56,-1.12,-0.69
S000004855,0.41,0.29,-0.74,-1.4,-1.32,-0.97,-0.6,-0.45
S000004860,-0.23,-1.22,-2.18,-2.06,-1.64,-1.09,-0.17,0.12
S000004862,1.33,2.9,3.89,4.12,3.85,2.95,2.1,1.16
S000004863,0.78,1.62,2.04,2.35,2.34,2.06,1.74,0.74
S000004864,1.14,2.32,2.51,2.92,2.77,2.49,2.1,1.26
S000004872,-0.69,-1.43,-1.4,-1.47,-1.15,-1.06,-0.81,-0.29
S000004882,-1.06,-1.79,-2.06,-1.74,-1.64,-1.22,-0.89,-0.38
S000004889,0.98,0.9,0.8,0.18,1.02,1.36,1.5,0.76
S000004903,-0.49,-1.43,-2.47,-2.4,-1.89,-1.22,-0.32,-0.25
S000004905,1.07,0.6,1.37,1.46,1.14,0.69,0.99,0.62
S000004912,0.42,0.82,1.3,1.86,1.98,1.99,1.91,1.24
S000004917,0.31,0.7,1.5,1.2,1.26,0.89,0.98,0.59
S000004920,0.38,0.72,1.3,0.88,1.14,0.58,0.36,0.23
S000004921,0.03,-0.2,-0.79,-0.47,0.1,0.66,1.21,1.32
S000004926,-0.23,-0.94,-1.4,-1.32,-0.94,-1.0,-0.34,-0.62
S000004927,-0.42,-1.15,-1.64,-1.64,-1.18,-0.81,-0.36,-0.15
S000004931,0.55,1.14,1.31,1.23,0.93,1.19,1.28,0.72
S000004935,0.03,0.55,0.55,0.86,-0.07,0.86,2.79,1.73
S000004937,1.68,2.44,2.78,3.09,2.91,2.95,2.94,2.26
S000004940,0.2,0.08,-0.81,-1.32,-1.03,-0.81,-0.47,-0.2
S000004947,-0.71,-1.64,-2.56,-2.47,-1.74,-1.12,-0.43,-0.42
S000004952,1.61,2.46,1.91,1.23,1.06,0.97,1.25,1.67
S000004958,0.04,-0.51,-1.36,-1.89,-1.69,-1.22,-0.32,-0.3
S000004959,-0.2,-0.4,-1.09,-1.36,-1.22,-1.0,-0.3,-0.56
S000004960,0.86,1.65,2.23,2.97,2.08,2.71,2.75,1.77
S000004967,-0.79,-1.25,-1.74,-1.47,-1.06,-0.84,-0.4,-0.27
S000004968,-0.62,-1.29,-1.09,-0.79,-0.71,-0.47,0.01,0.19
S000004981,0.64,1.57,2.04,1.38,1.32,0.76,0.39,0.2
S000005000,0.77,1.3,1.5,1.59,1.41,1.28,1.02,0.87
S000005005,-0.86,-1.69,-2.64,-2.32,-1.79,-1.15,-0.6,-0.18
S000005006,-0.6,-1.25,-1.89,-1.43,-0.81,-0.32,0.0,0.16
S000005008,0.57,1.27,1.1,0.39,0.6,0.88,0.99,0.93
S000005009,-1.4,-1.64,-2.32,-1.64,-1.47,-1.29,-0.45,-0.34
S000005017,0.37,0.79,1.46,1.1,1.05,0.41,0.63,0.06
S000005019,-0.69,-1.18,-2.0,-1.43,-1.29,-1.0,-0.45,-0.17
S000005025,0.5,1.03,1.28,1.16,0.36,0.7,0.56,0.15
S000005026,-0.71,-0.49,-0.54,1.62,-0.36,-0.15,-0.71,-0.3
S000005031,-0.29,-0.89,-1.43,-2.4,-1.94,-1.74,-1.32,-0.6
S000005046,-0.45,-0.68,-0.96,-1.29,-0.64,-0.36,-0.61,-0.7
S000005054,-1.03,-2.0,-2.56,-2.4,-1.89,-1.51,-0.81,-0.54
S000005056,-0.56,-1.79,-2.84,-2.47,-2.47,-1.79,-0.07,-0.29
S000005057,-0.07,-0.89,-1.56,-1.43,-0.92,-0.36,-0.04,0.0
S000005058,-0.38,-1.09,-1.79,-1.47,-0.97,-0.43,-0.07,0.01
S000005059,0.46,0.7,1.25,1.45,1.32,0.94,0.75,0.62
S000005064,-0.69,-1.36,-1.6,-1.56,-1.29,-0.92,-0.69,-0.45
S000005068,-0.76,-1.6,-1.79,-1.69,-1.29,-0.89,0.06,-0.18
S000005069,0.62,0.79,1.32,1.53,1.23,0.7,-0.09,0.4
S000005076,-0.84,-2.12,-2.74,-3.06,-2.25,-1.69,-0.56,-0.3
S000005078,3.64,4.29,4.66,4.47,4.58,4.17,4.57,4.16
S000005085,-0.64,-2.32,-3.47,-3.32,-2.94,-2.0,-0.64,-0.42
S000005099,0.24,1.13,1.87,1.65,1.57,1.38,1.23,0.7
S000005100,0.33,1.0,1.29,1.28,1.45,1.16,1.25,0.58
S000005104,1.15,2.13,2.96,3.34,3.03,2.62,2.3,0.89
S000005117,0.88,1.48,1.66,1.53,1.33,1.2,0.72,0.62
S000005118,-0.84,-1.6,-2.84,-2.64,-2.4,-1.74,-1.15,-0.6
S000005119,-0.56,-1.4,-2.56,-2.64,-2.25,-1.56,-1.12,-0.51
S000005122,0.42,0.54,-0.42,-1.43,-1.6,-1.09,-0.69,-0.27
S000005126,-0.94,-2.12,-2.84,-2.25,-1.84,-1.12,-0.64,-0.45
S000005130,-0.97,-1.36,-1.74,-1.47,-0.84,-0.67,-0.36,-0.3
S000005136,-0.38,-0.54,-0.32,-0.18,0.34,0.14,1.76,0.41
S000005138,-0.22,1.27,2.96,3.07,2.12,1.04,0.28,0.03
S000005139,0.16,1.38,2.7,2.58,1.96,0.9,0.6,-0.07
S000005144,0.83,1.51,1.88,2.37,2.34,1.88,1.52,0.81
S000005146,-0.12,0.33,0.87,1.51,1.98,2.0,2.0,1.02
S000005147,-0.15,-0.09,0.71,1.29,1.16,1.31,1.52,0.87
S000005152,1.16,2.17,2.7,2.46,3.97,4.1,4.1,2.86
S000005161,0.04,-0.34,-1.18,-1.43,-1.4,-1.12,-0.1,-0.36
S000005164,0.03,-0.56,-1.36,-1.36,-1.06,-1.03,-0.54,-1.12
S000005170,-1.15,-1.51,-1.12,-0.97,-1.03,-0.76,-0.89,-0.42
S000005171,-0.97,-1.64,-1.06,-1.56,-1.22,-0.89,-1.09,-0.34
S000005172,-1.15,-1.69,-1.79,-1.94,-1.25,-0.71,-1.0,-0.15
S000005178,-0.45,-0.67,-0.43,0.12,0.38,0.58,1.69,0.59
S000005183,0.5,0.49,0.84,1.29,1.51,1.42,1.24,0.8
S000005185,1.77,2.01,2.33,2.45,2.2,1.79,1.39,0.87
S000005192,-0.49,-1.32,-2.4,-2.12,-1.51,-0.84,-0.22,-0.29
S000005218,2.02,3.76,4.62,4.51,4.18,3.82,2.97,2.12
S000005220,0.86,1.1,1.21,1.29,1.57,1.22,0.44,0.42
S000005240,-0.47,-1.29,-0.56,-0.22,-0.32,-0.81,-0.4,-0.56
S000005243,-0.94,-1.94,-1.64,-1.6,-1.25,-1.0,-0.86,-0.3
S000005246,-1.36,0.17,-0.47,-0.6,-1.01,-1.27,-1.2,-0.6
S000005247,0.29,0.2,-0.64,-1.32,-1.47,-1.12,-0.97,-0.97
S000005249,0.78,1.39,1.56,1.77,1.57,1.23,0.98,0.68
S000005252,-1.4,-2.32,-3.18,-2.94,-2.0,-1.6,-0.97,-0.45
S000005257,-0.64,-1.6,-2.25,-1.94,-1.43,-1.03,-0.79,-0.32
S000005275,0.94,1.9,2.3,2.47,2.47,2.6,2.31,2.01
S000005277,0.04,0.41,0.45,0.57,0.96,1.17,1.52,1.36
S000005284,0.62,1.57,1.57,1.48,1.22,0.44,0.28,-0.23
S000005285,0.19,0.77,1.56,2.35,1.33,0.36,0.34,0.16
S000005286,-0.49,-0.86,-1.69,-1.51,-1.47,-0.92,-0.4,-0.03
S000005292,-0.15,-0.18,-0.23,-0.51,-0.43,-0.54,-1.36,-0.15
S000005295,-0.45,-1.51,-2.0,-1.79,-1.4,-0.86,-0.38,-0.15
S000005297,1.18,1.63,2.69,1.69,1.64,0.74,0.57,0.25
S000005319,0.63,1.12,1.27,1.44,0.84,0.93,0.68,0.34
S000005321,-0.34,-1.25,-1.47,-1.4,-0.94,-0.79,-0.34,-0.18
S000005336,-1.36,-2.18,-2.94,-2.32,-2.06,-1.29,-0.74,-0.74
S000005337,-0.67,-1.4,-1.69,-1.84,-1.22,-0.97,-0.56,-0.22
S000005362,-0.25,-0.69,-1.32,-1.22,-1.29,-0.81,-0.03,0.04
S000005370,-0.71,-1.6,-2.18,-1.74,-1.32,-0.64,-0.12,-0.15
S000005374,-0.22,-0.47,-1.12,-1.6,-1.79,-1.69,-0.94,-1.43
S000005376,0.52,1.0,1.24,1.24,0.78,0.82,2.31,1.21
S000005382,-0.36,-0.79,-1.69,-1.6,-1.25,-0.76,-0.15,0.08
S000005391,0.19,0.32,1.12,1.34,1.76,1.94,2.22,2.01
S000005392,0.7,1.75,1.89,1.35,1.18,1.38,1.1,0.93
S000005398,0.29,0.94,1.24,1.18,1.34,1.37,1.21,0.75
S000005401,-0.31,-1.79,-1.18,-2.32,-1.26,-1.01,-0.73,-0.61
S000005408,0.5,1.5,1.12,1.0,1.29,0.77,0.54,0.19
S000005414,0.42,1.37,1.65,0.89,1.16,0.86,0.4,0.19
S000005432,0.54,1.18,1.34,1.28,1.34,1.21,0.96,0.33
S000005437,-0.29,-1.18,-2.74,-2.84,-2.4,-1.43,-0.81,-0.54
S000005439,-1.0,-1.47,-1.6,-1.22,-1.36,-1.03,-0.67,-0.74
S000005440,-0.71,-1.25,-1.29,-1.43,-1.12,-0.89,-0.6,-0.4
S000005442,0.55,1.4,1.84,1.79,1.48,1.1,0.8,0.75
S000005452,0.03,-0.81,-1.4,-1.4,-1.0,-0.71,-0.49,-0.15
S000005457,-0.03,-0.3,-0.79,-1.29,-1.09,-1.32,-0.67,-0.43
S000005461,-0.79,-1.74,-2.25,-1.94,-1.94,-1.74,0.39,0.55
S000005464,-0.22,-0.34,-0.38,-0.07,0.46,0.54,1.32,1.04
S000005469,0.52,0.28,-0.76,-1.74,-1.6,-0.92,-0.12,0.23
S000005479,1.14,1.56,1.67,1.95,2.39,2.07,1.56,1.32
S000005483,-0.36,-0.2,-0.64,-1.29,-1.15,-1.18,-0.89,-0.12
S000005484,-0.89,-1.69,-2.25,-1.6,-1.36,-0.67,-0.38,0.11
S000005485,-0.71,-1.4,-2.18,-1.69,-1.47,-0.81,-0.25,-0.14
S000005486,-0.32,-0.71,-0.69,-0.71,-0.89,-1.6,-1.79,-0.51
S000005501,-1.15,-1.18,-1.94,-0.86,-1.32,-1.06,-0.18,-0.23
S000005510,3.42,4.27,3.76,3.01,2.67,2.98,2.9,2.77
S000005511,3.49,4.19,3.86,3.19,3.38,3.03,3.07,2.73
S000005512,0.74,0.7,0.61,1.04,1.37,1.21,0.81,1.12
S000005513,0.51,1.36,1.89,1.85,1.77,1.37,0.78,0.58
S000005516,0.89,0.83,1.01,1.31,1.18,0.77,1.3,0.76
S000005525,0.9,1.9,1.97,2.59,3.05,3.13,3.04,2.21
S000005527,-0.64,-1.43,-1.84,-1.84,-1.4,-1.18,-0.6,-0.42
S000005530,-0.84,-2.06,-2.74,-2.74,-2.12,-1.56,-0.74,-0.56
S000005533,0.43,1.21,1.5,1.49,1.6,1.56,1.68,1.39
S000005546,1.11,2.01,2.35,2.47,2.29,2.1,1.73,1.18
S000005547,-0.17,-0.34,-1.15,-1.56,-1.29,-0.79,-0.36,-0.2
S000005553,1.15,1.9,2.2,1.51,1.38,1.34,1.24,1.32
S000005554,2.08,2.5,1.79,1.59,0.94,-0.12,-0.49,-0.32
S000005562,0.58,1.05,1.26,0.82,0.83,0.81,1.37,0.43
S000005570,0.1,0.11,1.43,0.01,0.23,0.26,0.81,0.0
S000005573,-0.49,-0.86,-1.29,-0.97,-0.92,-0.79,-0.4,-0.4
S000005575,1.61,1.57,0.72,0.19,-0.25,-0.2,-0.32,-0.34
S000005578,1.32,2.23,2.63,2.24,1.95,1.89,2.0,1.27
S000005582,-0.86,-1.29,-2.0,-0.97,-1.29,-1.03,-0.58,-0.04
S000005585,0.11,0.96,1.4,1.38,1.28,1.34,1.66,0.76
S000005589,0.44,0.14,-0.62,-1.36,-1.25,-0.94,-0.42,-0.4
S000005604,-0.74,-1.18,-1.47,-1.36,-0.97,-0.76,-0.64,-0.09
S000005617,-0.56,-1.32,-2.06,-1.74,-1.29,-0.76,-0.54,-0.06
S000005621,-0.27,-1.03,-2.4,-2.47,-2.12,-0.97,-0.49,-0.3
S000005643,0.4,0.91,1.12,1.16,1.29,1.14,1.29,0.65
S000005645,-1.06,-1.56,-1.29,-1.36,-1.06,-0.84,-0.79,-0.43
S000005646,0.95,2.52,3.0,3.02,2.83,2.54,2.37,1.01
S000005647,0.63,1.79,2.11,2.21,2.06,1.98,1.49,0.21
S000005659,-0.01,-0.56,-1.18,-1.32,-1.12,-0.92,-0.51,-0.43
S000005660,-0.07,0.57,0.79,0.78,1.32,1.11,3.68,0.59
S000005663,0.12,0.42,0.5,0.71,0.78,0.44,1.3,0.58
S000005668,0.38,0.95,1.3,1.41,1.29,0.93,0.48,0.37
S000005671,-0.74,-1.6,-2.4,-1.74,-1.6,-0.81,-0.32,-0.29
S000005672,-0.69,-1.47,-2.06,-1.89,-1.47,-0.92,-0.51,-0.4
S000005681,0.14,0.85,1.04,1.04,1.32,1.04,0.98,0.29
S000005683,0.49,1.13,1.3,1.32,1.43,1.47,1.24,0.7
S000005687,1.08,2.1,2.79,2.73,2.3,1.61,0.25,0.33
S000005699,0.64,1.65,2.1,1.61,1.53,3.01,1.04,1.37
S000005704,0.5,0.96,1.54,1.21,-0.03,-0.49,-0.47,-0.4
S000005711,0.62,0.96,1.42,1.51,1.99,1.74,1.95,0.96
S000005732,-0.81,-1.94,-2.84,-2.74,-1.84,-1.36,-0.84,-0.43
S000005734,0.11,0.14,0.39,0.52,0.77,0.39,1.44,0.62
S000005741,0.25,1.03,1.41,1.21,1.1,0.8,0.29,0.1
S000005746,0.91,1.4,1.68,1.57,1.39,0.98,2.07,1.19
S000005750,0.19,-0.25,-0.92,-1.36,-0.97,-0.74,-0.74,-0.2
S000005751,2.01,1.91,1.21,0.8,0.99,1.11,0.51,0.89
S000005752,2.19,2.03,1.46,1.01,1.2,1.14,0.59,1.12
S000005769,-0.64,-1.15,-1.94,-1.74,-1.15,-0.84,-0.51,-0.23
S000005778,-0.54,-1.09,-1.51,-0.97,-1.12,-0.81,-2.25,-0.32
S000005785,0.1,0.68,1.11,1.07,1.32,1.22,0.9,0.76
S000005797,-0.01,-0.6,-1.18,-1.4,-0.69,-0.43,0.32,0.16
S000005798,-0.4,-1.47,-2.56,-2.47,-1.64,-1.03,-0.4,0.03
S000005799,2.63,2.14,2.09,1.63,1.41,0.62,1.22,0.75
S000005813,-1.25,-1.69,-2.12,-1.94,-1.64,-1.43,-0.97,-0.43
S000005814,0.29,0.44,0.9,1.09,1.06,1.24,1.63,1.08
S000005815,0.37,1.65,2.15,2.45,2.49,2.28,2.38,1.6
S000005819,0.36,0.28,-0.6,-1.22,-1.32,-0.97,-0.84,-0.62
S000005820,-0.79,-1.89,-2.4,-2.18,-1.56,-1.09,-0.43,-0.22
S000005824,0.77,1.37,0.32,0.32,0.11,-0.2,0.33,0.45
S000005829,-0.23,-1.32,-2.32,-1.94,-1.25,-0.45,0.68,0.73
S000005833,-0.69,-1.29,-1.64,-1.4,-1.22,-1.0,0.28,-0.23
S000005836,-0.64,-1.18,-2.4,-2.64,-1.74,-1.25,-0.71,-0.43
S000005837,-0.51,-1.32,-2.32,-2.64,-1.79,-1.36,-0.89,-0.43
S000005839,0.55,0.2,-0.54,-1.36,-1.32,-1.03,-0.84,-0.42
S000005840,-0.47,-0.97,-1.25,-1.0,-1.47,-1.6,-1.64,-2.4
S000005842,0.08,-0.71,-1.18,-1.43,-0.86,-1.0,-1.22,-0.43
S000005862,-0.17,-0.89,-1.25,-1.64,-1.29,-0.92,-0.62,-0.42
S000005864,-0.94,-1.74,-1.79,-1.51,-1.15,-0.6,-0.14,-0.22
S000005865,-0.62,-0.74,-0.71,-0.06,0.39,0.46,2.32,0.42
S000005867,-0.58,-1.51,-2.47,-2.12,-1.84,-0.74,-0.64,-0.3
S000005868,-0.64,-1.74,-1.94,-1.43,-1.29,-1.29,-0.6,-0.51
S000005874,0.88,1.46,2.27,2.29,2.14,1.82,1.45,0.78
S000005889,0.66,1.28,1.5,1.55,1.32,1.43,1.43,0.7
S000005896,0.5,0.59,-0.25,-0.97,-1.4,-1.25,-0.86,-0.6
S000005901,2.63,3.97,4.72,5.15,4.68,4.16,3.14,1.84
S000005909,0.51,1.81,1.95,2.72,2.44,2.63,2.41,2.06
S000005910,0.21,0.57,0.88,1.41,1.31,1.19,1.05,1.05
S000005912,-0.1,0.1,-0.12,-0.32,0.04,0.11,2.12,1.0
S000005925,1.3,2.05,2.38,2.43,2.13,1.42,0.79,0.33
S000005933,-0.34,-1.56,-1.39,-1.91,-2.64,-1.0,-0.44,-0.64
S000005935,0.24,0.34,0.86,0.54,0.44,0.26,2.51,0.01
S000005942,-0.12,0.19,0.08,0.18,-0.34,-0.38,0.71,-1.51
S000005953,-0.04,-0.11,-0.21,-0.3,-0.4,-0.79,-1.6,-0.43
S000005964,-1.43,-2.25,-2.47,-2.64,-2.0,-1.47,-1.09,-0.79
S000005965,-1.32,-2.0,-2.47,-1.6,-1.64,-1.64,-1.22,-0.69
S000005975,0.77,2.11,2.82,1.74,1.84,1.04,0.61,0.39
S000005982,2.49,2.91,2.96,2.98,3.1,2.74,1.71,2.1
S000006007,-0.23,-0.97,-1.47,-1.6,-1.29,-0.97,-0.69,-0.32
S000006008,0.4,1.29,0.82,1.76,1.61,1.22,1.62,0.49
S000006009,0.04,0.03,0.16,0.58,0.72,1.48,2.89,1.41
S000006011,0.37,0.48,-0.3,-1.12,-1.4,-0.97,-0.92,-0.64
S000006012,0.87,1.23,1.29,1.27,1.18,0.79,0.6,0.45
S000006014,-0.51,-2.25,-1.85,-1.54,-1.42,-1.43,-0.33,-0.91
S000006034,0.2,1.04,1.5,1.48,1.2,0.64,-0.01,-0.1
S000006035,0.3,1.12,1.29,0.99,1.11,0.33,-0.4,-0.22
S000006040,0.45,0.71,0.97,1.37,1.26,0.77,0.83,0.2
S000006044,0.58,1.41,1.37,1.65,1.26,0.88,0.23,0.14
S000006047,-0.62,-2.0,-2.32,-2.06,-1.94,-1.22,-0.27,-0.34
S000006052,0.23,0.01,-0.89,-1.6,-1.51,-1.12,-0.64,-0.42
S000006067,-1.25,-1.63,-2.19,-2.0,-1.62,-1.45,-1.2,-0.74
S000006070,-0.18,0.22,0.2,0.43,0.65,0.78,1.61,0.94
S000006075,0.81,1.58,2.09,2.5,2.53,2.34,2.1,1.31
S000006092,0.52,1.64,1.72,1.59,1.51,1.37,1.29,1.04
S000006104,-0.74,-1.47,-1.64,-1.6,-1.3,-1.29,-0.73,-0.81
S000006106,-0.04,0.93,1.21,1.81,1.23,0.82,0.25,-0.45
S000006107,0.44,1.82,2.31,3.28,2.21,1.99,1.46,0.45
S000006117,0.67,1.37,1.25,1.37,0.98,0.76,0.76,0.41
S000006128,-0.35,-1.17,-1.27,-1.89,-1.56,-1.12,-0.92,-0.2
S000006132,-0.12,-0.99,-2.06,-2.32,-1.84,-1.27,-0.55,-0.21
S000006133,-0.25,-0.72,-1.19,-1.3,-0.94,-0.75,-0.77,-0.2
S000006138,-1.43,-2.06,-2.0,-2.52,-1.67,-1.89,-0.91,-0.8
S000006141,0.34,0.24,-0.59,-1.25,-1.54,-1.15,-0.78,-0.42
S000006144,-0.09,0.19,0.24,1.37,1.76,1.45,1.09,0.07
S000006147,-0.32,-1.29,-1.93,-1.93,-1.48,-1.04,-0.36,-0.59
S000006151,0.68,1.35,3.01,2.69,1.99,1.1,0.79,0.45
S000006161,0.99,1.72,2.21,1.7,1.77,1.33,1.38,1.67
S000006168,1.14,1.41,2.0,1.87,1.52,0.98,1.23,0.51
S000006171,1.41,1.02,1.33,0.73,0.86,0.93,0.52,0.23
S000006184,-0.4,-0.84,-1.6,-1.74,-1.57,-1.2,-0.94,-0.41
S000006186,0.35,0.88,1.57,1.88,1.77,0.9,-0.3,-0.42
S000006187,-0.22,-0.79,-1.92,-1.79,-1.74,-1.1,-0.46,-0.09
S000006194,0.21,-0.03,-0.86,-1.43,-1.12,-0.91,-0.44,-0.24
S000006214,-0.48,-1.46,-1.9,-2.15,-1.74,-1.27,-0.66,-0.54
S000006230,0.36,0.75,1.47,1.19,0.91,0.72,0.15,0.21
S000006251,0.24,0.51,1.41,1.12,0.92,0.7,0.5,0.15
S000006271,0.89,1.35,1.43,1.28,0.63,0.95,0.76,0.56
S000006302,0.32,0.85,0.88,1.26,1.34,1.3,0.96,0.38
S000006307,0.65,1.08,1.26,1.31,1.43,1.24,1.47,0.71
S000006312,0.14,0.87,1.13,1.11,1.38,1.11,1.0,0.46
S000006314,-0.12,-0.84,-1.54,-2.0,-1.36,-0.99,-0.24,-0.33
S000006316,-1.43,-2.4,-1.55,-2.84,-2.36,-1.74,-1.07,-0.7
S000006323,-0.55,-1.04,-0.96,-0.99,-0.94,-1.22,-1.97,-0.74
S000006340,-0.71,-1.47,-1.22,-1.41,-1.08,-0.98,-0.94,-0.59
S000006341,-0.89,-1.32,-1.56,-1.22,-1.03,-1.0,-1.08,-0.33
S000006344,0.25,0.66,0.87,1.05,1.27,0.91,0.68,0.14
S000006346,-1.42,-1.79,-2.13,-1.79,-1.36,-1.25,-0.81,-0.3
S000006347,-1.11,-1.47,-1.97,-1.49,-1.22,-1.14,-0.79,-0.18
S000006348,-0.75,-1.71,-2.52,-1.86,-1.32,-0.88,-0.27,0.05
S000006353,0.6,1.22,1.62,1.46,1.08,0.59,-0.36,-0.27
S000006354,-0.01,0.23,1.17,1.23,1.35,1.36,0.85,0.16
S000006355,0.4,0.74,1.37,1.2,1.18,1.17,0.76,0.12
S000006360,-0.38,-0.96,-1.32,-1.07,-0.89,-0.74,1.8,-0.32
S000006361,-0.71,-1.19,-1.27,-0.76,-1.14,-1.31,1.13,-0.95
S000006362,1.92,2.4,2.27,1.48,1.38,1.37,0.91,1.16
S000006364,1.11,1.9,1.34,1.49,1.83,0.92,0.57,-0.16
S000006367,-0.15,-0.33,-1.04,-1.58,-1.25,-0.92,-0.5,-0.19
S000006371,0.45,1.01,1.56,1.56,0.65,1.46,1.83,1.01
S000006388,0.33,1.19,2.69,2.67,1.69,1.38,0.39,0.05
S000006394,-0.71,-1.15,-1.93,-1.92,-1.62,-1.23,-0.9,-0.69
S000006396,-0.13,0.34,0.71,1.59,2.12,1.68,1.02,-0.06
