gene_id,5,15,30,45,60,90,120,180
S000000002,-1.4,-0.67,-0.45,-0.62,-0.58,-0.47,-0.86,-1.12
S000000003,0.55,-0.09,0.46,-0.3,-0.2,-0.81,-1.56,-2.74
S000000004,0.44,-0.29,0.26,-0.04,-0.14,-0.1,-0.12,-1.6
S000000010,-0.07,-0.76,0.06,-0.03,-0.14,-0.17,-0.34,-1.4
S000000018,-1.18,0.04,-0.31,-0.07,-0.51,-0.22,-0.3,-1.1
S000000033,0.57,0.22,0.25,-0.4,-0.21,-0.55,-0.41,-1.25
S000000034,0.69,0.01,-0.06,-1.15,-1.12,-1.32,-1.64,-1.94
S000000041,-1.36,-0.62,-1.51,-0.34,-0.38,-0.25,-0.89,-0.6
S000000057,-0.92,-1.69,-0.86,-1.4,-0.34,-0.34,-0.12,-0.89
S000000059,-1.41,-0.16,-0.17,-1.16,-0.3,0.37,-0.92,-0.26
S000002140,-0.32,0.1,-0.84,-0.42,-0.58,-1.56,-1.03,-1.64
S000002141,-0.81,-3.64,-0.86,-0.36,-0.76,-0.29,-0.64,-0.97
S000001817,-1.47,-0.71,-0.64,-0.3,-1.06,0.37,-0.09,-0.13
S000000086,-0.92,-1.32,-0.3,-0.36,-0.4,-0.62,-1.09,-0.4
S000000092,-0.4,-0.36,0.37,-0.36,-0.74,-0.56,-1.69,-1.74
S000000094,0.2,0.25,-0.2,-1.25,-1.32,-1.12,-2.12,-2.47
S000000095,-0.22,-0.56,-0.34,-0.51,-0.64,-0.42,-0.89,-1.79
S000000098,0.16,-0.14,-0.43,-0.62,-0.25,-0.67,-1.69,-2.32
S000000099,0.45,0.18,0.16,-0.32,-0.32,-0.81,-1.6,-2.64
S000000109,-0.34,-1.29,-0.58,-0.81,-0.49,-0.47,-1.6,-0.42
S000000112,-1.43,-0.79,-0.47,-0.54,-0.62,-1.03,-0.79,-0.56
S000000119,-0.92,-1.25,-0.18,-0.42,-0.54,-0.6,-0.45,-0.64
S000000120,0.7,0.11,-0.3,-0.51,-0.71,-0.76,-1.43,-1.51
S000000121,-1.22,-0.89,-0.43,-1.0,-0.58,-0.56,-0.56,-0.89
S000000123,1.0,0.87,0.84,0.14,0.39,-0.12,-0.6,-1.69
S000000124,1.23,0.36,-0.09,-0.74,-0.97,-1.15,-2.32,-2.06
S000000129,-2.84,-0.49,-0.19,-0.36,-0.39,-0.37,-0.29,-0.53
S000000131,-0.07,-0.3,-0.1,-0.79,-0.71,-0.56,-1.47,-1.4
S000000133,-1.51,-0.47,0.11,-0.51,-0.29,0.08,-0.62,-0.71
S000000135,0.14,-0.49,-0.42,-2.25,-2.0,-2.64,-3.18,-3.84
S000000139,-1.25,-1.43,-1.03,-0.74,-1.0,-0.97,-0.76,-1.09
S000000141,-0.64,-1.15,-0.22,-0.97,-0.17,-0.06,0.3,0.03
S000000151,-1.06,0.33,-0.54,-0.58,0.16,-0.01,-2.0,-0.17
S000000164,-0.54,-0.67,-0.58,-0.74,-1.0,-1.09,-1.4,-1.15
S000000166,-0.42,-0.64,-0.58,-0.06,-0.38,-0.92,-0.74,-1.15
S000000167,-0.84,-0.2,0.8,-0.3,-1.25,-0.85,-0.63,-1.15
S000000169,-1.22,-1.94,-0.86,-1.4,-0.79,-1.25,-1.03,-0.74
S000000175,0.08,0.31,0.45,-0.21,-0.69,-0.36,-0.05,-1.43
S000000178,-0.79,-0.36,-0.3,-0.43,-1.15,-0.64,-0.76,-0.56
S000000181,-0.06,-1.0,-1.32,-1.28,-0.27,-0.54,-1.63,-0.29
S000000183,0.81,0.32,0.84,0.38,0.01,-0.12,-0.79,-1.94
S000000185,0.06,-0.29,-0.07,-0.34,-0.36,-0.38,-0.56,-1.47
S000000188,0.63,0.19,-0.04,0.23,-0.03,0.07,-1.0,-2.0
S000000208,0.97,0.72,0.96,0.88,1.04,1.4,1.83,1.69
S000000213,0.69,-0.09,0.06,0.45,0.21,-0.25,-1.22,-1.22
S000000214,0.08,-0.67,0.06,-0.6,-0.49,-0.86,-1.43,-1.6
S000000220,0.57,0.24,0.92,1.06,1.59,1.67,1.24,1.14
S000000234,0.16,-0.04,0.0,-0.76,-0.54,-0.89,-0.86,-1.29
S000000238,0.8,0.3,-0.03,-0.94,-0.86,-1.03,-1.79,-1.64
S000000246,-0.56,-1.25,-0.4,-0.09,-0.23,-0.18,0.18,0.14
S000000248,-0.94,-1.84,-1.69,-0.17,-0.54,-0.71,-0.22,0.04
S000000250,-1.32,0.62,-3.06,0.76,0.07,-0.34,-0.17,0.57
S000000252,0.53,0.12,0.31,0.02,0.04,-0.63,-1.06,-1.46
S000000256,0.86,0.37,0.7,1.22,1.9,1.49,1.9,1.74
S000000260,-1.06,-0.49,0.01,0.2,0.44,0.97,0.92,1.41
S000000268,-1.29,-0.14,0.25,-0.29,-1.12,-1.06,-0.45,-0.47
S000000270,-0.01,0.42,0.84,0.75,0.93,1.32,1.55,1.04
S000000284,0.23,0.15,0.24,1.76,0.81,0.88,0.28,0.2
S000002156,0.6,0.61,0.34,0.1,0.21,0.18,-1.29,-1.64
S000000293,-0.2,-0.6,-0.56,-1.22,-1.29,-1.25,-1.51,-1.43
S000000296,-0.06,-0.27,-0.56,-1.64,-1.36,-1.18,-1.43,-1.43
S000000297,0.04,-0.15,-0.58,-1.36,-1.43,-1.18,-2.18,-1.22
S000000301,-0.32,0.38,-0.15,-0.17,-1.19,-0.3,0.08,-0.47
S000000308,-0.94,-0.25,0.2,-0.86,-0.36,0.18,0.04,-1.29
S000000320,-1.64,-0.94,-0.51,-1.6,-0.43,0.12,-0.06,0.4
S000000340,-0.88,-1.66,-1.43,-0.15,-0.54,0.0,-0.81,-0.23
S000000347,0.55,0.23,0.07,-0.51,-0.47,-0.58,-1.43,-1.6
S000000351,-1.12,-2.12,-0.94,-0.34,-0.67,-0.51,-0.45,-0.6
S000000358,-0.36,-0.74,-0.79,-1.22,-1.12,-1.51,-1.89,-1.64
S000000385,0.14,0.04,-0.04,-0.4,-0.42,-0.56,-1.89,-2.64
S000000391,0.03,-0.6,-0.17,-0.6,-0.89,-0.6,-0.92,-1.15
S000000393,0.6,-0.01,0.31,0.04,-0.36,-0.74,-1.43,-1.74
S000000395,0.86,0.19,0.33,0.26,-0.04,-0.36,-0.92,-1.43
S000000398,-1.29,-0.12,-0.36,-0.42,-0.58,-0.18,-0.58,-0.74
S000000406,-0.97,-0.3,-0.97,-0.51,-1.09,-0.86,-1.29,-1.09
S000000421,-0.89,-1.32,-0.06,-0.71,-0.29,-0.22,0.15,-0.45
S000000470,1.18,0.5,-0.1,-0.76,-1.09,-1.0,-2.18,-2.32
S000000471,0.2,0.23,-0.03,-0.71,-0.49,-0.43,-1.29,-1.06
S000000479,-0.3,-0.25,-0.25,-0.75,-0.57,-0.65,-1.59,-0.27
S000000484,-1.36,-0.38,-0.67,-0.64,-0.74,-0.4,0.7,-0.58
S000000491,-0.69,-0.54,0.46,0.95,0.76,0.78,1.33,0.97
S000000498,-1.51,-1.94,-0.76,-0.74,-0.29,-0.18,-0.49,0.03
S000000500,-1.43,-1.4,-0.36,0.39,0.55,0.16,0.14,0.0
S000000502,-1.64,-0.62,-0.76,-0.4,-0.51,-0.14,-0.67,-0.54
S000000503,-1.15,0.07,-3.18,-0.3,-0.74,-0.59,-0.01,0.04
S000000528,1.28,-0.43,-0.17,-0.92,-0.6,-0.56,-0.86,-0.29
S000000532,0.05,-0.42,0.25,0.85,1.24,1.66,2.06,1.59
S000000541,-0.76,-1.6,-0.58,-1.18,-0.69,-0.51,-0.34,-0.36
S000000542,-0.43,-1.0,-0.97,-1.15,-1.4,-1.69,-2.47,-2.84
S000000548,0.04,0.2,0.51,1.66,1.64,1.86,1.77,1.81
S000000553,-1.15,-1.69,-0.23,-0.16,0.0,-0.27,-0.15,-0.17
S000000557,-0.09,-0.09,0.04,-0.22,-0.27,-0.14,-0.04,1.39
S000000559,1.04,0.52,0.03,-1.32,-1.43,-1.4,-2.12,-2.74
S000000564,0.46,0.25,-0.64,-0.69,-0.94,-0.97,-2.25,-2.18
S000000569,-0.29,-0.84,-0.45,-1.43,-1.51,-1.47,-3.18,-2.32
S000000594,-0.67,-1.29,-0.2,-0.2,-0.41,0.26,-0.06,0.03
S000000595,0.03,0.06,-0.1,0.96,0.5,0.7,0.78,1.15
S000000598,-0.2,0.36,0.4,0.24,0.57,1.25,1.2,1.15
S000000599,-1.74,-0.86,-1.25,-0.2,-0.43,-0.89,-0.79,-0.56
S000000600,-0.79,-0.27,0.21,0.6,0.66,1.01,0.86,1.48
S000000602,-1.27,-0.05,-0.22,-0.14,-0.34,-0.27,-0.49,0.3
S000000627,0.34,0.07,0.1,-0.07,-0.22,-0.47,-1.36,-1.25
S000000628,-0.32,-2.4,-0.36,-0.1,-1.22,-0.43,-1.57,-0.43
S000000633,-1.56,-1.47,-0.58,-0.43,-0.89,-1.03,-1.51,-0.22
S000000646,-0.86,-0.69,-0.2,-0.92,-0.23,-1.22,-0.64,-0.09
S000000650,-0.83,-0.49,-0.48,-0.71,-1.22,-1.18,-1.66,-0.79
S000000653,-0.81,-0.84,-0.51,-1.0,-1.36,-1.12,-1.32,-0.84
S000000656,-0.38,-0.47,-0.04,-0.97,-0.54,-0.47,-0.92,-1.18
S000000668,-0.14,0.1,-0.97,-1.47,-1.47,-1.09,-2.12,-1.79
S000000685,-2.18,-0.97,-1.15,-1.32,-1.4,-0.49,-0.36,-0.42
S000000687,-1.32,-0.76,-0.92,-0.51,-0.15,-0.12,-0.69,-0.42
S000000695,-1.74,-1.29,-0.12,-0.56,-0.15,0.63,0.5,-0.32
S000000697,-1.56,-0.76,-0.27,-0.74,-0.15,0.54,-0.1,-0.14
S000002167,0.56,0.36,0.73,1.33,1.34,1.41,1.7,2.04
S000002172,0.01,-0.51,-0.27,-0.76,-0.51,-1.18,-1.22,-1.51
S000002173,0.89,0.66,0.34,1.41,0.58,0.99,0.86,0.79
S000002176,-1.29,-0.56,-0.58,-0.22,-0.2,-0.56,-0.12,0.06
S000002177,-1.56,-0.27,0.03,0.06,0.1,-0.32,0.04,-0.31
S000002180,-0.79,-0.04,0.49,1.53,2.02,1.66,2.52,2.04
S000002182,-1.32,-0.03,-1.0,-0.58,-0.56,-0.38,0.07,0.18
S000002189,0.57,-0.03,0.01,-0.67,-0.92,-0.89,-1.53,-1.56
S000002208,1.56,0.39,0.59,-0.23,-0.29,-0.54,-0.86,-0.86
S000002216,-1.44,-0.26,-1.09,-0.52,-0.6,-0.97,-0.9,-0.74
S000002218,-0.09,-0.58,-0.79,-0.51,-1.22,-1.18,-1.89,-1.29
S000002219,0.6,-0.03,0.04,0.08,-0.32,-0.54,-0.94,-1.51
S000002221,-1.18,-1.43,-0.56,-0.38,-0.74,-0.86,-1.03,-0.67
S000002223,-3.06,-0.04,-2.32,-0.2,-0.32,-0.43,-0.23,-0.42
S000002227,-1.47,-0.38,-0.6,-0.09,-0.18,0.01,-0.49,-0.29
S000002229,-1.74,-1.09,-0.89,-0.43,-0.56,-0.38,-0.97,-0.49
S000002231,-1.6,-1.64,-0.49,-0.08,-0.39,-0.51,-0.09,-0.32
S000002234,-0.67,-1.15,-0.81,-0.38,-0.29,-0.47,0.34,-0.23
S000002238,-1.15,-1.36,-1.25,-0.84,-0.92,-0.6,-0.2,-0.22
S000002240,0.77,-0.17,0.23,-0.18,-0.15,-0.84,-1.15,-1.56
S000002242,-0.15,-0.97,-0.49,-0.86,-0.51,-0.94,-0.97,-1.36
S000002268,-0.03,-0.94,-0.37,1.18,1.3,1.71,2.34,2.75
S000002270,-0.4,-1.69,0.03,-0.74,-0.29,-0.89,0.85,0.09
S000002276,-1.47,-2.94,-1.47,0.15,-0.14,-0.17,0.38,0.26
S000002278,-2.47,0.07,-0.2,0.04,-0.18,-0.38,0.57,0.46
S000002280,0.01,-0.38,0.12,-0.45,-0.74,-0.56,-0.38,-1.36
S000002282,-0.42,1.47,2.87,2.84,3.11,2.68,3.28,2.82
S000002283,-0.03,1.18,1.68,1.85,2.17,1.86,1.82,1.58
S000002285,-1.03,-0.71,-0.42,-0.84,-0.29,-0.42,-0.47,-1.29
S000002295,1.0,0.59,0.52,-0.03,0.37,-0.17,-1.03,-1.69
S000002296,0.29,0.32,0.61,0.95,1.04,1.27,0.95,0.43
S000002301,-1.18,-0.32,0.0,0.23,-0.23,-0.03,-0.23,-0.86
S000002305,-1.4,-1.36,0.11,0.0,-0.23,-0.03,0.2,-0.36
S000002307,0.32,-0.15,-0.49,-1.32,-1.69,-1.84,-2.47,-2.56
S000002309,0.66,0.24,-0.15,-0.62,-0.86,-0.76,-1.36,-1.29
S000002311,0.33,0.03,-0.17,-1.06,-1.47,-0.94,-2.12,-2.25
S000002313,-1.74,-1.18,-0.47,-0.71,-0.92,-0.42,-0.86,-1.12
S000002326,-1.12,-0.94,-0.62,-0.71,-0.89,-0.92,-1.43,-0.89
S000002329,-1.09,-1.4,-0.54,-1.74,-2.0,-1.0,-0.76,-0.38
S000002330,0.59,-0.14,-0.49,-1.06,-1.0,-1.3,-1.63,-1.69
S000002333,-1.74,-0.67,-1.74,-2.25,-1.09,-0.51,-0.29,-0.29
S000002335,-1.25,-1.0,-0.56,-1.03,-0.17,-0.58,-0.51,-1.15
S000002341,0.86,0.72,1.37,0.26,0.49,-0.04,-0.6,-1.03
S000002350,0.88,0.36,0.32,0.23,0.24,-0.3,-1.22,-1.12
S000002358,-1.29,-0.51,-0.86,-0.17,-0.64,-0.56,-0.54,-0.64
S000002360,0.91,0.51,0.5,-0.69,-0.84,-1.43,-1.79,-1.64
S000002362,-1.15,-1.15,-0.23,-0.74,-0.76,-0.93,-0.83,-0.51
S000002363,-1.25,-1.51,-1.51,-1.09,-0.56,-0.76,-0.51,0.43
S000002364,-0.62,-0.51,-1.25,-0.84,-1.15,-1.0,-1.56,-1.12
S000002374,-0.21,-0.34,-0.25,-0.33,0.11,0.25,1.01,1.56
S000002377,-0.67,-1.0,-0.15,-0.49,-0.54,-0.25,-0.56,-1.47
S000002379,-0.64,-0.45,-0.06,-0.49,-0.89,-0.25,-0.22,-1.25
S000002381,-0.92,-0.64,-0.32,1.66,-0.76,-0.22,-0.06,-0.22
S000002401,-2.12,-0.92,-0.4,-0.36,-1.0,-0.4,-0.97,-0.47
S000002403,-2.06,-1.51,-0.34,-0.4,-0.6,-0.43,0.06,-0.32
S000002405,-3.18,-0.45,0.37,-0.2,-1.79,-0.27,-0.2,-0.43
S000002411,-2.06,-0.71,-0.22,-0.58,-0.71,0.0,-0.14,-0.4
S000002415,-0.62,-1.32,-0.15,0.03,0.18,0.07,0.0,0.37
S000002416,-2.25,0.04,-1.47,-0.71,-0.45,-0.84,-0.97,-0.47
S000002418,-1.94,0.06,-1.11,-0.23,-0.14,-0.44,-0.44,-0.45
S000002435,-1.84,-1.64,-1.05,-0.48,-2.18,0.39,-0.05,-0.42
S000002443,-1.15,-0.36,-0.1,-0.47,0.14,0.2,-0.4,-0.1
S000002444,0.12,-0.15,-0.12,-0.22,-0.43,-0.69,-1.22,-1.03
S000002449,-0.94,-0.67,-1.36,-0.4,-0.23,0.1,-0.1,-0.58
S000002457,0.48,0.19,0.85,0.89,1.14,0.76,0.93,0.75
S000002465,-0.89,-1.74,-0.89,0.37,0.44,-0.71,0.03,1.14
S000002467,-0.94,-4.06,-1.47,-0.4,-0.98,-2.0,-0.89,-1.19
S000002471,0.34,-0.1,-0.04,-0.36,-0.32,-1.15,-1.18,-1.51
S000002477,-0.51,-0.89,-0.45,0.1,-1.06,-0.06,1.25,2.04
S000002478,1.04,0.59,0.42,1.3,0.64,1.26,0.81,0.0
S000002481,0.04,-0.03,0.08,1.2,1.93,2.35,2.7,2.2
S000002482,0.07,0.0,-0.04,-0.32,-0.43,-0.32,-1.29,-1.25
S000002484,-0.27,-0.81,-0.09,0.91,1.46,2.3,1.93,1.78
S000002493,1.19,0.7,0.14,0.59,0.9,0.99,0.33,-0.12
S000002497,-1.51,-0.56,0.19,-0.3,-0.36,-0.17,-0.49,-0.23
S000002508,-0.29,-0.4,-0.81,-1.12,-0.62,-0.71,-1.6,-0.76
S000002513,-1.51,-0.58,-0.07,-0.54,0.0,0.42,0.15,-0.03
S000002517,-0.56,-0.81,-0.23,-1.15,0.03,-0.2,-0.38,-1.09
S000002527,1.06,0.82,0.0,-0.18,-0.67,-1.0,-1.25,-1.06
S000002539,-0.71,0.19,1.37,1.12,0.86,0.62,-0.04,0.23
S000002556,-0.32,-0.71,-1.03,-0.56,-0.92,-0.92,-1.6,-1.43
S000002561,0.39,0.0,0.51,1.1,1.3,0.82,1.2,1.1
S000002565,-0.64,-1.03,-1.36,-0.67,-0.42,-0.79,-0.79,-0.92
S000002572,0.86,0.36,-0.17,0.03,-0.34,-0.34,-1.32,-1.56
S000002577,-0.2,-0.33,-0.04,-0.5,-1.22,-0.45,-1.01,-1.36
S000002579,0.59,-0.06,-0.15,-0.67,-0.62,-0.32,-0.84,-1.79
S000002585,-0.2,0.21,0.63,0.14,0.65,1.44,1.48,1.28
S000002592,0.76,0.12,0.01,-0.97,-0.97,-0.86,-1.32,-1.4
S000002599,-1.06,-0.89,-1.18,-0.97,-0.71,-0.58,-0.22,-0.49
S000002602,0.25,-0.47,-0.06,-0.49,-0.29,-0.23,-1.29,-1.12
S000002618,0.04,-0.45,0.7,1.04,1.21,0.66,1.01,0.41
S000002624,-0.91,-1.6,-1.0,-0.86,-1.18,-0.45,-0.04,-0.21
S000002632,0.2,-0.18,0.11,-0.32,-0.22,-1.12,-1.09,-1.36
S000002634,0.3,0.63,1.08,0.74,1.33,1.0,0.82,0.7
S000002682,-1.15,-0.31,-0.06,-0.27,-0.68,-0.36,-0.55,-0.83
S000002683,-0.47,-0.8,-0.69,-1.22,-0.97,-0.37,-0.68,-0.81
S000002686,-0.92,-1.18,-0.12,-0.3,-0.32,0.0,-0.09,-0.71
S000002690,-1.74,-1.6,-0.74,-0.49,-0.42,-0.06,-0.51,-0.25
S000002692,-1.22,-0.43,0.36,0.2,0.19,0.43,0.7,0.32
S000002693,-0.56,-0.89,-2.02,-0.06,-0.2,-0.31,0.38,0.23
S000002694,-1.18,-0.54,0.14,0.2,-0.15,0.06,0.46,0.21
S000002696,-1.64,-0.64,0.1,-0.23,0.1,-0.25,-0.23,-0.1
S000002698,-1.36,-0.81,-0.43,-0.45,-0.42,-0.34,-0.69,-0.64
S000002720,0.88,0.25,-0.3,-1.36,-1.0,-1.32,-1.36,-1.84
S000002722,-0.94,-1.18,-1.15,-0.84,-0.45,-0.62,-0.64,-0.92
S000002749,0.12,-0.2,-0.58,-0.27,-0.47,-0.94,-1.32,-1.6
S000002761,0.03,-0.47,1.01,1.95,1.58,0.5,-0.25,-0.07
S000002763,-0.2,-0.3,-0.38,-0.84,-0.74,-0.45,-1.18,-1.47
S000002769,-0.15,0.86,-0.25,-0.67,-0.56,-0.34,-1.47,-2.0
S000002773,0.71,0.44,0.06,-0.58,-0.49,-0.54,-1.29,-1.84
S000002775,0.68,0.76,0.69,1.2,0.58,0.79,0.57,0.3
S000002788,-1.06,-0.45,1.44,0.15,0.44,0.48,0.63,0.62
S000002790,1.5,0.7,1.43,-0.45,-0.25,-0.81,-1.43,-2.12
S000002800,-1.29,-0.6,0.2,-0.15,0.28,0.0,0.03,0.48
S000002801,-1.32,-0.69,-0.49,-0.43,-0.22,-0.15,-0.34,-0.29
S000002806,-0.49,-0.54,-0.45,-2.12,-1.32,-1.18,-1.84,-1.64
S000002807,-0.12,-0.32,-0.71,-1.0,-1.12,-1.56,-2.06,-1.4
S000002809,-1.4,-0.67,-0.84,-0.97,-0.92,-1.09,-1.43,-0.34
S000002823,-1.47,-0.54,-0.76,-0.42,-1.0,-0.76,-0.92,-0.62
S000002825,0.71,0.43,0.16,-0.07,-0.14,-0.69,-1.6,-1.69
S000002826,1.36,0.72,0.89,-0.03,0.23,-0.43,-0.89,-1.4
S000002827,-1.29,-1.18,-0.74,-0.76,-0.74,-0.84,-0.81,-0.25
S000002837,1.1,0.83,0.67,0.08,0.06,-0.58,-1.12,-1.64
S000002858,0.44,0.23,0.1,-0.43,-0.29,-0.74,-1.64,-2.64
S000002860,0.69,0.7,0.91,0.4,0.71,1.09,1.21,0.68
S000002861,-0.03,0.29,0.38,0.89,1.19,0.77,1.18,1.02
S000002863,-0.3,-0.27,-0.76,-0.62,-0.76,-0.12,-0.92,-1.43
S000002869,0.69,0.25,0.16,0.56,0.55,1.14,0.9,0.18
S000002876,1.31,1.0,0.49,0.8,1.34,1.45,1.34,0.84
S000002884,-1.94,0.12,0.7,0.82,0.69,0.4,0.48,0.39
S000002888,-1.15,-0.36,0.28,-0.25,0.14,-0.29,-0.29,0.1
S000002900,-0.58,-1.06,-1.18,-1.56,-0.84,-0.79,-0.49,-0.62
S000002904,1.04,0.53,0.96,-0.51,-1.02,-1.52,-1.82,-2.0
S000002920,-1.22,-0.32,0.32,0.1,0.31,0.07,0.23,0.08
S000002921,0.11,0.55,1.64,2.5,1.73,1.34,1.49,1.65
S000002924,-1.32,-0.04,0.07,-0.18,0.48,0.48,0.99,0.53
S000002926,-1.32,-0.47,0.46,0.77,1.16,1.01,1.18,0.61
S000002943,-1.43,-1.4,-1.15,-0.86,-0.74,-0.76,-0.25,-0.51
S000002945,-1.29,-0.6,-1.15,-0.64,-0.92,-0.76,-0.79,-0.62
S000002947,-1.47,-1.15,-0.84,-0.32,-0.56,-0.64,-0.38,-0.25
S000002948,-0.71,0.28,0.03,0.39,0.82,0.68,1.43,1.26
S000002949,-1.36,-1.06,-0.67,-0.4,-0.69,-1.03,-0.12,-0.1
S000002950,-0.07,-0.06,0.03,0.59,1.08,0.88,1.53,1.53
S000000734,-0.63,-0.81,-0.65,-0.7,-0.73,-1.51,-0.67,-0.75
S000000752,0.74,-0.36,0.0,-0.3,-0.47,-1.09,-1.32,-1.12
S000000765,-1.22,-0.25,-0.43,0.4,-0.64,-0.17,-0.34,-0.17
S000000767,-2.4,0.3,-0.51,-0.2,-0.25,-0.38,-0.36,0.04
S000000769,-1.79,-0.18,-1.56,-0.49,-0.92,-0.4,-0.6,-0.89
S000000780,1.29,0.2,0.44,-0.49,0.07,-1.09,-1.69,-2.18
S000000813,-0.7,0.41,0.1,-0.12,-0.91,-0.49,-1.21,-4.32
S000000820,-1.29,-0.64,-0.45,-0.74,-1.15,-0.76,-0.74,-0.79
S000000827,0.75,0.44,0.37,-0.27,0.0,-0.27,-1.09,-1.84
S000000832,0.69,0.7,0.82,-0.51,0.14,-0.18,-0.62,-1.32
S000000838,-0.25,-0.62,-0.38,-1.12,-1.0,-0.89,-1.47,-2.06
S000000845,-0.76,-0.89,-1.18,-0.97,-0.92,-0.84,-1.09,-1.32
S000000856,-1.97,-3.18,-0.25,-0.17,-0.14,-0.03,0.44,0.24
S000000858,-0.01,-0.22,-0.1,-1.94,-1.29,-1.47,-2.12,-2.4
S000002135,0.2,-0.38,-0.2,-0.32,-0.6,-1.15,-1.69,-2.06
S000000863,-1.4,-0.92,-0.58,-0.56,-0.94,-0.62,-0.67,-0.6
S000000864,-0.01,0.46,0.59,0.0,1.08,1.28,1.46,1.1
S000000865,1.1,1.18,0.87,0.57,1.02,0.59,0.08,0.18
S000000866,-0.36,-0.84,-0.32,-0.92,-0.4,-0.71,-0.84,-1.56
S000000868,-1.22,-0.79,-0.42,-0.84,-0.4,-0.74,0.03,-0.62
S000000872,-0.54,-0.86,-0.97,-1.32,-0.89,-1.32,-1.6,-1.89
S000000876,0.94,0.52,-0.17,-0.4,-0.04,-0.94,-1.47,-2.56
S000000879,-1.18,-0.58,-0.38,-0.29,-0.69,-0.17,-0.58,0.24
S000000881,-0.03,0.34,0.61,0.71,0.96,1.32,1.78,2.33
S000000887,-1.4,-0.62,-1.18,-1.36,-1.06,-0.71,-0.97,-0.71
S000000891,-1.29,-1.84,0.24,-0.55,-0.39,-0.16,-0.45,-1.14
S000000904,0.53,-0.04,0.19,0.32,0.1,-0.51,-1.32,-1.09
S000000906,-1.09,-1.18,-0.74,-0.42,-0.81,-1.0,-0.4,-0.54
S000000908,-1.29,-1.47,-0.56,-0.64,-0.58,-0.58,-1.03,-0.62
S000000919,0.81,0.43,0.82,0.28,0.2,0.01,-0.79,-1.51
S000000926,0.57,0.08,-0.15,0.7,-0.62,-0.15,-0.89,-1.74
S000000928,-0.2,-0.56,-0.47,-0.79,-1.03,-0.56,-1.12,-1.51
S000000929,1.13,0.46,0.14,-1.03,-0.81,-0.86,-1.79,-1.89
S000000933,0.48,0.14,0.26,-0.25,0.19,-0.2,-1.15,-1.74
S000000939,-2.64,0.04,-0.42,-1.03,-0.79,-0.25,-0.54,-0.82
S000000941,-2.18,-0.67,0.01,-0.36,-0.07,0.06,-0.18,-0.34
S000000948,0.37,-0.03,-0.56,-0.27,-0.07,-0.45,-1.29,-1.0
S000000979,0.44,0.29,0.54,0.71,1.12,1.01,1.6,1.56
S000001895,-0.19,-0.07,-1.15,-0.03,-0.37,-0.38,-0.38,-0.44
S000001887,0.69,0.51,-1.29,-1.25,-0.67,-0.69,-0.54,-0.39
S000001880,-0.4,-0.43,0.48,1.17,2.59,4.21,6.18,6.6
S000001874,-0.01,0.06,0.63,0.68,0.79,1.47,1.29,1.01
S000001871,0.0,-0.07,-0.42,-0.86,-1.03,-0.74,-1.89,-1.69
S000001854,-1.56,-1.18,-0.23,-0.47,-0.23,-0.51,-0.09,-0.32
S000001849,0.42,0.67,0.86,1.13,1.25,1.11,0.95,1.01
S000001846,-0.04,0.15,0.58,0.69,1.06,1.05,1.25,1.15
S000001844,-1.89,-0.67,-0.4,-0.54,-0.51,-0.67,0.11,0.15
S000001843,-1.64,-1.15,-0.86,-0.81,-0.92,-0.58,-1.25,-0.4
S000001842,-2.25,-0.97,-0.51,-0.49,-0.43,-0.04,-1.06,0.14
S000001841,-1.74,-1.29,-0.69,-0.79,-0.79,-0.64,-0.86,-0.14
S000001836,-1.74,-0.74,0.06,-0.42,-0.23,0.04,0.34,0.44
S000001902,0.48,0.2,0.93,0.5,1.19,0.77,1.01,1.14
S000001915,-1.22,-2.47,-0.3,0.11,-1.6,0.08,0.97,-0.67
S000001923,-1.47,-1.51,-0.36,-0.79,-0.36,-0.45,-0.69,-0.07
S000002104,0.44,0.1,0.18,-0.18,-0.2,-0.38,-1.43,-1.84
S000001928,-1.4,-1.36,-0.86,-0.71,-1.09,-0.81,-0.74,-0.6
S000001930,0.49,-0.07,1.17,-0.76,0.58,0.32,0.42,-0.81
S000001937,0.25,0.86,1.57,1.42,1.45,1.4,1.69,0.7
S000001938,0.6,1.24,1.49,2.19,2.04,1.42,2.51,1.76
S000001949,-0.6,-0.6,0.08,-0.18,0.48,1.54,2.17,2.18
S000002974,0.12,-0.18,0.68,1.3,1.99,1.07,1.11,1.1
S000002989,-0.6,-0.94,-1.43,-1.32,-1.18,-0.94,-1.47,-1.15
S000002992,-1.51,-1.84,-0.3,-0.62,-1.12,-0.29,-1.69,-0.22
S000002997,0.59,0.49,-0.25,-0.94,-1.09,-1.29,-1.89,-1.6
S000002998,0.65,0.26,0.91,0.1,-0.09,-0.56,-1.06,-1.51
S000002999,0.39,0.25,0.03,-0.06,-0.1,-0.43,-1.47,-1.74
S000003014,-1.18,-0.97,-0.56,-0.76,-0.22,-0.42,0.44,0.25
S000003023,0.15,-0.76,-2.47,-2.84,-2.32,-1.03,-0.49,0.03
S000003040,0.16,0.51,0.53,0.95,0.85,0.8,1.14,1.28
S000003043,-1.15,-1.25,-1.0,-0.42,-0.62,-0.71,-0.89,-0.56
S000003044,0.42,0.26,0.23,0.24,0.06,-0.69,-0.92,-1.25
S000003046,0.56,0.43,-0.3,-0.97,-1.36,-1.74,-1.94,-1.84
S000003060,0.25,-0.11,-0.57,-0.47,-1.0,-0.44,-0.66,-1.67
S000003065,-0.3,-0.17,-0.74,-0.76,-0.89,-0.69,-1.4,-1.15
S000003067,0.04,0.03,-0.36,-0.54,-0.79,-0.84,-1.84,-2.06
S000003070,0.79,0.44,0.5,0.01,0.0,-0.38,-0.94,-1.47
S000003071,0.44,0.37,0.24,0.34,-0.12,-0.22,-0.97,-1.43
S000003079,0.51,0.46,-0.23,-0.76,-0.74,-0.97,-1.36,-1.25
S000003084,-0.49,-0.17,-0.47,-1.29,-1.0,-0.81,-1.12,-1.22
S000003088,0.26,0.3,0.48,-0.67,-0.42,-0.38,-0.92,-1.15
S000003092,-1.32,-0.29,0.19,0.08,0.04,0.4,0.12,-0.06
S000003100,-1.06,-0.89,-1.15,-0.86,-0.76,-1.03,-0.47,-1.15
S000003106,-1.56,-0.86,-1.56,-0.81,-2.18,-0.71,-0.38,-0.49
S000003108,-0.34,-0.33,0.08,-1.29,0.0,-1.18,-0.68,-0.17
S000003109,-0.49,-0.06,-0.8,-1.18,-3.47,-0.15,0.05,0.33
S000003115,0.61,0.08,0.3,0.34,-0.04,-0.58,-1.47,-1.29
S000003125,-0.38,-0.36,0.38,0.88,1.21,1.5,1.71,1.88
S000003134,-1.22,-0.06,0.55,0.85,-0.04,0.56,1.29,1.0
S000003137,-0.25,-0.71,-0.94,-0.47,-0.89,-0.79,-1.47,-0.81
S000003139,0.21,-0.29,-0.56,-0.97,-1.4,-1.56,-2.18,-1.43
S000003157,0.44,0.18,0.07,0.2,-0.03,-0.25,-1.03,-1.64
S000003168,-0.38,0.06,0.74,0.77,1.18,0.82,0.86,0.63
S000003169,-0.54,1.54,-0.4,-0.07,-0.67,-0.51,-0.89,-0.89
S000003220,-1.89,-0.67,-0.38,-0.86,-1.06,0.36,0.28,-0.76
S000003226,-1.14,-0.97,-0.18,-0.42,0.58,-0.6,-0.94,-0.09
S000003227,-1.15,-0.6,0.14,0.08,0.0,0.1,0.11,-0.12
S000003228,-2.25,-1.43,-0.74,-1.18,-1.6,-0.81,-0.62,-0.67
S000003230,-0.32,-0.51,-0.1,0.74,0.56,0.95,1.08,1.59
S000003241,0.82,1.2,1.21,0.41,0.63,1.05,0.75,0.07
S000003259,0.46,0.24,0.31,0.1,0.19,0.0,-0.84,-1.69
S000003269,-0.03,0.21,1.14,0.77,1.49,1.29,1.48,1.77
S000003271,-0.76,-0.64,0.07,0.11,0.76,0.85,1.64,1.48
S000003275,-1.25,-0.71,0.07,0.08,0.15,1.38,2.16,3.16
S000003282,-1.12,-1.0,-0.79,-0.71,-0.92,-0.62,-1.4,-0.79
S000003283,-1.56,-0.58,-0.2,0.03,-0.27,-0.04,0.07,-0.27
S000003299,-1.29,-0.4,-0.23,-0.43,-0.15,-0.62,0.04,0.43
S000003303,-0.86,-0.36,-1.36,-0.06,-0.53,-0.58,-0.74,-0.12
S000003311,-0.34,-1.0,-0.51,-1.74,-1.03,-1.36,-1.09,0.77
S000003313,1.01,0.03,-0.38,-0.67,-0.49,-1.6,-1.18,-1.22
S000003317,0.63,0.1,0.03,-0.09,-0.09,-0.94,-0.92,-1.18
S000003331,-0.45,-0.45,-1.4,-0.58,-0.58,-1.09,-1.4,-0.58
S000003333,-0.67,-0.74,-0.49,-0.22,-0.45,-0.29,-0.38,-1.51
S000003335,0.96,0.63,0.14,-0.67,-0.81,-1.74,-2.47,-2.4
S000003347,1.2,0.69,1.07,0.46,0.55,0.59,0.42,-0.51
S000003350,0.58,0.43,0.23,-0.22,-0.09,-0.69,-1.6,-2.06
S000003361,-0.45,-0.74,-0.42,-1.15,-0.71,-0.74,-1.12,-0.64
S000003369,-0.56,-0.45,0.69,0.64,0.66,0.58,1.08,1.24
S000003370,-1.22,-0.67,-0.54,-0.47,-0.6,-0.32,-0.07,-0.06
S000003376,-1.03,-0.71,-0.4,-0.45,-0.36,1.46,-0.47,0.08
S000003377,0.56,0.43,0.03,-1.36,-1.89,-1.94,-2.4,-2.06
S000003378,-0.06,-0.18,-0.2,0.28,0.08,0.57,0.43,1.54
S000003380,0.54,0.41,0.19,0.1,0.11,-0.3,-1.36,-1.51
S000003381,0.1,0.14,0.59,1.16,0.4,1.67,1.91,1.56
S000003394,0.25,0.05,0.08,-0.16,-0.53,-0.81,-1.11,-2.12
S000003405,0.06,-0.47,-0.36,-1.36,-0.92,-1.36,-1.56,-1.43
S000003407,0.28,-0.54,-0.64,-1.29,-0.51,-0.51,-0.29,-0.32
S000003416,-1.02,-0.97,-0.16,-1.4,0.0,-0.25,-0.44,-3.47
S000003441,-0.32,0.19,2.29,2.45,2.5,1.96,1.62,1.36
S000003446,0.23,0.11,-0.14,-0.03,-0.06,-0.56,-1.74,-2.64
S000003458,-1.32,-0.18,-0.36,-0.89,-0.58,0.11,0.62,-0.18
S000003464,-0.49,-1.84,0.21,-0.04,0.67,0.44,0.53,0.44
S000003466,-0.03,-0.22,-0.89,-1.69,-1.64,-2.12,-3.18,-3.64
S000003469,0.04,0.65,0.48,0.7,1.3,1.39,1.69,1.46
S000003476,-0.58,-0.09,-0.34,0.54,0.52,0.49,1.02,1.26
S000003477,0.66,0.48,0.06,-1.09,-1.51,-1.84,-2.47,-2.32
S000003481,-1.32,-1.69,-0.89,-0.89,-0.71,-0.64,-0.43,0.33
S000003483,0.72,-0.17,-0.18,-1.25,-0.47,-1.25,-1.29,-0.89
S000003486,0.85,0.75,1.37,1.13,1.09,0.96,1.07,0.28
S000003503,-1.3,0.07,-0.19,0.24,-0.53,-0.38,-1.25,-0.3
S000003504,1.01,0.63,-0.2,-0.74,-1.32,-0.76,-1.89,-1.29
S000003515,1.14,0.3,-0.01,-0.32,-0.29,-0.34,-0.97,-1.06
S000003516,0.42,1.14,1.47,1.91,2.0,2.2,2.46,2.25
S000003522,-1.4,-0.58,-1.47,-0.94,-0.86,-0.56,-1.0,-0.42
S000003526,-0.07,-0.07,0.04,0.88,0.96,0.94,1.4,1.38
S000000993,1.04,0.59,0.71,0.08,-0.07,-0.4,-0.94,-1.4
S000001007,0.45,0.32,0.5,-0.15,-0.17,-0.36,-1.03,-1.79
S000001017,-1.29,-0.71,-0.49,-0.29,-0.4,-0.4,-0.49,0.08
S000001018,-0.84,-0.69,-0.67,-0.89,-1.0,-0.69,-1.15,-0.71
S000001019,-1.29,-1.12,-0.43,-0.44,-0.23,0.23,0.29,-0.1
S000001020,-1.15,-0.49,-0.34,-1.12,-0.17,-0.47,-1.18,-1.12
S000001021,-1.4,-0.56,-0.18,-0.36,-0.74,-0.84,-0.38,-0.74
S000001025,0.58,0.36,-0.15,-0.45,-0.29,-0.94,-1.51,-2.25
S000001036,-1.43,-0.74,-0.62,-0.03,0.0,-0.54,-0.45,0.12
S000001038,-0.23,-0.12,0.07,0.9,1.0,0.9,1.32,1.46
S000001040,-0.49,-0.01,0.36,1.0,0.83,0.99,1.16,1.38
S000001043,-1.25,-0.76,-0.47,-0.71,-0.54,0.07,-0.03,-0.06
S000001049,-0.01,-0.25,-1.18,-1.36,-2.29,-1.26,-0.58,-0.57
S000001050,0.7,0.88,1.3,0.98,-1.69,0.54,0.46,1.64
S000001056,-0.45,0.85,0.58,0.46,-1.32,-1.33,-0.68,-0.07
S000001058,-0.09,-0.4,-0.34,-0.34,-1.24,-0.54,-0.35,-0.27
S000001062,-0.3,-0.45,-0.22,-0.29,-1.18,-0.6,-1.06,-1.15
S000001065,1.13,-0.91,-0.42,-0.52,-1.18,-1.16,-1.04,-0.49
S000001074,-1.72,-1.03,-0.76,-0.29,-1.06,-1.09,-0.57,1.03
S000001076,-0.99,-1.6,-1.2,-0.12,-0.34,-0.54,-1.21,-0.04
S000001078,-1.09,-0.92,-1.06,-0.71,-0.92,-0.84,-1.69,-0.42
S000001087,-0.76,-0.56,-1.04,0.29,-0.96,-0.58,-0.06,1.55
S000001094,0.91,0.77,-0.07,-0.4,-0.97,-0.62,-1.25,-1.69
S000001095,0.03,-0.2,-0.38,-0.43,-0.6,-0.74,-1.43,-1.69
S000001096,0.81,1.32,0.81,0.31,0.19,0.77,0.62,0.92
S000001097,0.01,-0.12,-0.34,-0.47,-0.56,-0.69,-1.51,-1.74
S000001100,-0.29,-1.25,-0.09,-0.6,-0.18,0.25,0.2,-0.84
S000001106,0.0,0.12,-0.79,-0.22,-0.23,-0.14,-0.89,-1.18
S000001108,1.08,0.63,-0.14,-1.18,-1.03,-0.86,-1.94,-2.0
S000001120,-1.2,-0.5,0.08,-0.22,-0.51,-0.04,-0.58,-0.41
S000001121,-1.15,-0.76,-0.22,-0.97,-0.71,-0.56,-0.76,-0.58
S000001123,0.24,0.31,-0.09,-0.81,-0.64,-0.84,-1.15,-1.09
S000001129,-1.89,-0.86,0.18,1.47,2.49,3.36,4.35,3.77
S000001131,0.5,0.07,-0.14,-0.69,-0.76,-1.4,-2.0,-2.47
S000001139,-0.1,-0.15,0.45,1.66,2.26,2.1,2.82,2.66
S000001143,-1.22,-0.62,-0.47,-0.27,-0.14,-0.38,-0.67,0.14
S000001162,-1.4,-0.15,-1.22,0.0,-0.27,-0.6,-1.6,-0.62
S000001179,-0.71,-0.51,-0.92,-0.69,-1.15,-0.38,-0.45,-0.76
S000001181,-1.22,-0.81,-0.79,-0.12,0.07,-0.89,0.2,0.39
S000001183,0.58,0.06,0.56,0.26,-0.14,-0.25,-0.86,-1.32
S000001186,0.03,-0.03,0.0,-0.06,-0.06,-0.27,-0.81,-1.36
S000001188,0.07,0.19,0.71,0.7,0.92,1.14,1.12,0.97
S000001191,0.29,-0.42,-0.58,-1.36,-1.56,-1.0,-1.79,-2.56
S000001194,-0.62,-0.64,-0.56,0.52,-1.18,-0.6,-1.74,-1.56
S000001195,0.07,-0.23,-0.18,-1.06,-1.18,-0.86,-0.79,-0.86
S000001205,0.86,1.05,1.19,0.71,0.88,0.72,0.51,0.01
S000001211,-1.25,-0.92,-0.38,-0.62,-0.58,-0.84,-0.89,-0.6
S000001212,-0.29,-0.29,-0.86,-1.15,-1.18,-0.94,-1.43,-1.25
S000001213,-0.64,-0.71,-1.12,-1.47,-1.51,-1.64,-1.89,-1.94
S000001214,-1.29,-1.15,-0.54,-1.22,-0.6,-0.01,-0.38,-0.51
S000001215,-1.43,-0.42,-0.15,-0.45,0.19,-0.29,-0.54,-0.4
S000001217,0.76,0.32,1.19,0.78,0.84,0.9,1.03,0.49
S000001239,0.88,0.21,0.03,-0.84,-0.86,-1.29,-1.79,-1.94
S000001246,0.55,0.11,0.04,0.04,-0.14,-0.3,-1.12,-1.32
S000001252,-0.89,-0.84,-0.76,0.63,0.29,0.84,1.16,2.04
S000001256,-1.22,-0.62,-0.92,-1.64,-0.2,-0.58,-0.3,-0.45
S000001258,0.33,-0.89,-0.23,-1.22,-1.43,-1.6,-1.89,-1.89
S000001274,-1.4,-0.69,-0.86,-0.69,-1.64,-0.94,-0.6,-1.15
S000001275,-3.32,-0.27,-0.29,0.46,-1.41,-0.71,-0.78,-1.79
S000001280,0.41,0.19,0.15,0.03,0.03,-0.17,-1.06,-2.32
S000001281,0.36,-0.17,-0.4,-1.47,-1.64,-1.18,-1.79,-2.12
S000001283,0.23,-0.3,-0.04,-0.64,-0.3,-0.4,-0.76,-1.43
S000001287,-0.71,-0.32,-0.42,-1.06,-1.32,-0.1,-1.64,-1.12
S000001290,-1.29,-0.49,-0.67,-0.58,-1.06,-0.97,-0.81,-0.32
S000001300,0.11,-0.01,0.0,-0.18,-0.51,-0.32,-1.06,-1.36
S000001307,-1.22,-0.81,0.04,-0.09,0.21,0.36,0.25,0.78
S000001311,0.18,0.5,0.99,1.37,1.22,1.18,1.41,1.37
S000001314,0.04,-0.01,-0.45,-0.45,-0.54,-1.12,-1.79,-2.0
S000001315,0.55,1.04,0.21,0.32,1.01,1.02,1.23,0.72
S000001320,-1.15,-0.81,-0.62,-0.64,-0.64,-0.43,-0.81,-0.4
S000001322,-0.03,0.18,0.78,0.99,1.04,1.2,1.08,1.51
S000001324,-0.47,-0.51,-0.15,0.37,0.19,0.32,0.63,1.29
S000001326,-0.32,-0.09,-0.62,-0.81,-0.86,-0.94,-1.22,-0.43
S000001348,-0.62,-0.69,0.01,-0.7,-0.87,-1.15,-0.03,0.16
S000001363,-1.79,-0.81,-1.47,-0.34,0.53,0.7,1.36,1.79
S000001364,-2.94,-1.89,-2.47,-0.25,0.26,0.16,1.0,-0.62
S000001369,-0.15,-0.45,-0.54,0.45,0.55,0.99,1.11,1.87
S000001375,-0.97,-1.36,-0.54,-0.32,0.28,-0.51,-0.34,0.18
S000001389,0.94,0.82,0.1,-0.14,-0.81,-0.58,-1.43,-1.6
S000001402,-1.51,-1.03,-0.32,0.01,0.07,0.49,0.3,0.58
S000001410,0.44,0.01,0.18,-0.12,-0.09,-0.64,-0.92,-1.29
S000001413,0.41,0.11,-0.1,-0.32,-0.66,-0.22,-1.35,-0.09
S000001414,-0.4,0.58,0.38,0.16,0.7,0.58,1.31,1.15
S000001418,-0.09,0.63,0.72,0.53,1.3,0.91,0.98,1.01
S000001420,0.24,-0.07,-0.43,-1.36,-0.62,-1.03,-1.56,-1.22
S000001422,-1.15,-0.76,-0.2,-1.09,-0.76,-0.54,-0.67,0.19
S000001437,-1.6,0.89,-0.43,0.08,0.08,0.54,0.3,0.28
S000001438,0.39,0.19,0.6,1.12,1.32,1.35,1.8,2.01
S000001452,-1.22,-0.56,-1.29,-0.32,-0.89,-2.4,-1.4,-0.71
S000001457,-0.76,-0.74,-0.58,-0.45,-1.32,-0.23,-0.97,0.24
S000001458,-1.79,-0.57,0.98,0.2,-1.32,-0.49,0.37,1.04
S000001459,-1.22,-0.58,-1.25,-0.92,-0.23,-0.2,-1.29,-0.23
S000001471,-0.6,-0.9,-1.4,-0.14,-0.81,-0.58,0.85,-0.14
S000001482,-0.17,0.01,0.76,0.48,0.52,0.99,1.31,0.93
S000003542,-1.0,0.77,-0.97,1.3,-1.22,-0.67,-0.37,0.33
S000003544,-1.09,0.12,-0.12,-1.03,-0.36,-0.09,-2.64,-0.74
S000003552,-0.23,-0.32,0.08,0.82,0.36,1.12,1.98,2.48
S000003554,-1.47,0.06,-0.2,-0.22,-0.04,0.15,0.64,0.69
S000003556,-1.84,-0.23,-0.38,-0.27,-1.25,-0.89,-1.6,-0.18
S000003558,-0.07,-0.32,-0.17,0.32,0.67,1.31,1.59,1.37
S000003560,-1.29,-0.38,0.11,-0.36,0.18,0.29,0.24,0.53
S000003570,0.37,0.03,-0.43,-1.36,-1.25,-1.36,-1.51,-1.29
S000003572,-0.56,0.74,0.95,0.92,1.58,1.5,1.6,1.62
S000003586,0.22,-0.47,-0.56,-0.54,-1.09,-1.14,-1.31,-1.18
S000003594,-0.81,-1.22,-0.18,0.04,-0.69,-0.25,0.04,0.19
S000003596,-1.25,-0.86,-0.51,-0.23,0.1,0.03,0.48,0.64
S000003602,-1.4,-0.74,-0.2,-0.2,0.24,-0.01,0.38,0.24
S000003618,-1.32,-1.6,-1.09,-0.38,-0.51,-1.43,-1.06,0.06
S000003625,-1.32,-1.0,-0.18,-1.06,-0.86,-0.58,0.04,-1.15
S000003627,0.44,1.02,1.15,1.21,1.51,1.74,1.32,0.98
S000003630,-0.62,-0.29,-0.72,-0.33,-1.18,-0.32,0.05,-0.64
S000003642,-1.29,-0.04,-0.03,-0.09,-0.17,0.14,-0.3,-0.1
S000003644,-1.0,-0.76,0.44,-0.23,0.3,0.3,0.68,1.4
S000003649,-0.27,-0.37,-0.18,0.96,-0.06,-0.38,-2.56,-0.92
S000003650,-0.94,-1.69,-0.17,-0.4,-0.27,-0.1,0.26,0.23
S000003651,0.23,0.34,0.34,-0.92,-0.92,-1.29,-1.22,-0.58
S000003654,-1.48,-0.92,-0.7,-0.64,-0.07,-1.64,-0.55,-0.28
S000003656,-1.48,-3.18,-0.1,-0.32,0.12,-0.31,-0.79,0.11
S000003666,0.58,-2.25,-0.19,0.33,-1.09,0.23,-1.6,0.1
S000003672,1.49,0.93,0.43,-0.13,0.16,-0.67,-1.22,-2.0
S000003674,0.28,-0.58,-0.06,-0.54,-0.32,-0.74,-0.71,-1.15
S000003680,-1.74,-0.67,0.08,0.04,0.04,-0.49,0.77,0.96
S000003707,-0.43,-0.45,0.18,1.12,0.69,1.12,0.83,1.64
S000003713,0.24,-0.14,-0.12,-0.17,-0.03,-0.84,-1.51,-1.84
S000003718,-1.15,-0.71,-0.15,-0.81,-0.94,-0.71,-0.92,-0.97
S000003719,-0.01,-0.34,-0.36,-0.89,-0.51,-0.56,-1.12,-1.51
S000003722,-0.56,-0.74,-0.14,-1.32,-0.84,-0.81,-1.25,-1.4
S000003724,0.77,0.07,0.31,-0.07,-0.32,-0.6,-1.18,-1.89
S000003725,0.51,0.2,0.12,0.01,0.12,-0.27,-1.09,-1.74
S000003726,0.66,0.12,0.42,-0.12,-0.22,-0.64,-1.4,-2.0
S000003727,0.19,-0.04,0.11,-0.23,-0.09,-0.49,-1.32,-1.89
S000003748,-1.25,-1.25,-0.69,-0.45,-0.43,-0.74,-0.76,-0.32
S000003752,-2.06,-0.49,-0.22,-0.49,-0.64,0.25,-0.54,-0.45
S000003756,-1.22,0.58,-0.78,-0.3,-0.18,-0.58,-0.67,0.47
S000003759,-0.07,-0.15,0.39,0.9,1.02,0.98,1.5,1.69
S000003762,-0.13,-0.19,-0.59,-1.25,-1.19,-1.07,-1.62,-1.46
S000003803,0.37,-0.14,-0.45,-0.21,-1.4,-0.43,-0.38,-0.42
S000003809,-0.94,-1.18,-1.22,-0.81,-0.86,-0.71,-0.3,-0.25
S000003813,-1.09,-1.18,-0.76,-0.51,-0.62,-0.2,-0.58,-0.22
S000003820,0.55,0.71,1.03,0.68,1.05,1.2,1.32,1.17
S000003824,0.23,-0.17,-0.12,-0.97,-1.22,-0.94,-1.51,-1.0
S000003825,-0.01,-0.12,-0.64,-0.18,0.0,-0.09,-0.97,-1.51
S000003831,0.12,-0.01,0.03,-0.15,-0.86,-0.71,-1.47,-1.51
S000003834,0.29,0.82,0.73,0.8,1.61,1.49,2.62,2.64
S000003845,0.03,-0.01,0.31,0.48,1.25,0.99,1.19,1.61
S000003846,0.65,0.28,0.34,0.59,0.82,0.86,1.21,0.93
S000003852,-0.34,-0.17,-0.56,-0.56,-1.15,-0.86,-2.74,-0.89
S000003854,-0.58,-0.25,-0.67,-0.62,-0.62,-0.36,-1.15,-0.67
S000003857,-0.76,-0.6,-0.29,-0.22,0.45,0.24,0.53,1.32
S000003865,0.73,1.08,2.33,2.2,2.31,1.26,1.82,1.32
S000003881,0.88,0.7,0.67,0.48,0.9,0.6,1.19,0.49
S000003888,-0.61,-0.4,-1.09,-0.62,-1.14,0.3,-0.67,-0.2
S000003892,-1.47,-1.25,-0.74,0.03,-0.47,0.14,-0.12,-0.69
S000003913,-1.43,-0.43,0.45,-0.51,-0.56,0.11,-0.01,0.06
S000003922,0.14,0.16,0.96,1.21,1.16,1.4,1.36,1.54
S000001484,-0.56,0.19,-0.06,1.62,1.52,0.37,0.26,1.69
S000001485,0.14,-0.01,0.34,0.43,0.71,0.6,1.26,0.39
S000001492,1.06,0.86,-0.07,-1.36,-1.09,-1.47,-2.18,-2.47
S000001495,0.28,0.4,0.4,0.71,1.2,1.09,0.7,1.3
S000001496,-0.1,0.33,0.48,0.8,0.89,0.79,1.52,1.51
S000001497,-0.38,-0.04,-0.44,-0.58,-1.29,-0.94,-0.99,-0.94
S000001509,-1.18,-0.58,-0.69,-0.36,-0.69,-0.49,-0.32,0.16
S000001513,0.52,0.36,-0.36,-0.86,-1.47,-1.09,-1.36,-0.74
S000001526,0.37,1.41,1.4,0.7,0.43,-0.01,0.51,0.01
S000001545,-1.18,-2.06,-0.79,-0.62,-1.32,-0.64,-0.4,-0.03
S000001547,0.61,0.43,0.21,0.83,1.32,1.29,0.98,1.55
S000001552,-1.0,-0.51,-1.29,0.16,-0.62,0.08,0.41,0.46
S000001554,-1.6,-1.18,-0.79,0.0,-0.62,-0.62,-0.86,-0.07
S000001556,0.48,0.98,1.5,1.66,1.98,1.61,1.67,1.4
S000001564,0.57,0.7,0.16,0.3,0.15,-0.23,-0.89,-1.6
S000001566,0.34,0.18,-0.28,-1.43,-0.68,-0.7,-0.89,-0.76
S000001574,-1.25,-0.54,-0.06,-0.36,-0.18,0.26,0.28,-0.47
S000001576,-1.25,-0.94,-0.62,-0.86,-0.71,-0.23,-0.67,-0.71
S000001579,-0.43,-0.18,0.34,0.81,1.11,1.18,1.57,0.93
S000001582,0.71,0.3,-0.51,-0.69,-0.92,-0.79,-1.56,-1.43
S000001583,0.45,0.51,1.39,0.59,0.82,1.28,1.07,0.4
S000001586,0.31,0.26,0.97,2.08,2.68,2.22,2.91,3.14
S000001587,0.85,1.2,1.21,1.02,1.72,2.14,1.81,1.82
S000001590,-1.32,-1.25,-0.36,-0.64,-0.18,-0.62,0.16,-0.09
S000001596,0.32,-0.07,-0.15,-0.74,-0.79,-0.87,-1.2,-1.29
S000001655,1.18,1.02,0.08,-0.2,-0.29,-0.84,-0.79,-0.92
S000001661,-1.36,-0.18,-0.43,-1.6,-0.81,-0.32,-0.76,-1.12
S000001663,0.77,0.2,0.58,-0.27,-0.18,-0.74,-1.25,-2.25
S000001664,-0.2,-0.47,-0.36,-0.34,-0.79,-0.64,-0.81,-1.15
S000001665,-0.15,-0.29,-0.57,-0.3,-1.33,-0.75,-0.61,-1.13
S000001668,-0.49,-0.64,-0.47,-0.97,-0.79,-0.86,-1.51,-1.0
S000001676,0.52,0.68,0.73,1.21,1.56,1.44,1.2,1.22
S000001684,0.4,1.19,1.3,1.22,1.46,1.36,1.51,1.33
S000001685,0.7,1.12,1.46,1.06,1.32,1.06,1.68,1.38
S000001691,-1.89,-0.67,-0.29,-0.01,-0.54,-0.36,0.39,-0.25
S000001700,-1.29,-0.43,-0.67,-0.43,-0.67,-1.0,-0.38,0.0
S000001707,0.3,0.24,0.75,0.89,1.38,1.5,2.01,1.78
S000001732,-0.3,-0.74,-0.81,-1.4,-1.25,-1.84,-1.74,-1.36
S000001754,-0.71,-1.09,-0.6,-0.03,0.04,0.39,1.46,1.61
S000001757,-1.36,-0.29,0.55,-0.07,-0.2,0.08,0.57,0.94
S000001763,-0.67,-0.2,-0.43,-0.92,-1.25,-0.86,-1.03,-1.25
S000001764,0.43,0.07,-0.81,-0.97,-1.0,-0.86,-1.79,-1.56
S000001765,1.79,1.42,1.29,-0.17,0.0,-0.6,-1.36,-2.06
S000001767,0.44,0.04,0.46,-0.3,-0.36,-0.38,-0.58,-1.51
S000001768,-0.29,-0.12,-0.47,-0.69,-0.67,-0.67,-1.29,-1.29
S000001774,-0.54,-0.04,1.46,2.01,0.98,0.2,0.39,0.49
S000001783,-1.56,-1.09,-0.29,-0.34,-0.47,-0.34,-0.18,-0.69
S000001784,-1.15,-0.86,-0.54,-0.3,0.0,-0.74,-0.04,0.74
S000001789,-0.42,-0.36,-1.15,-1.36,-1.51,-1.89,-2.18,-2.18
S000001799,-1.0,0.04,0.32,0.82,1.63,1.97,2.53,2.82
S000001800,-0.15,-0.29,-0.79,-1.12,-1.32,-1.4,-2.18,-1.56
S000001802,0.55,0.26,0.2,0.23,-0.01,-0.34,-1.09,-1.15
S000001803,-1.29,0.33,-1.06,-0.27,-0.11,-0.88,-0.81,-1.29
S000003927,-0.71,0.1,-0.67,0.06,-1.56,-0.76,-1.56,-0.38
S000003929,-1.12,-1.29,-0.92,-0.6,-1.25,-0.3,-0.23,-0.64
S000003943,0.0,-0.04,0.06,0.64,0.61,0.38,0.77,1.16
S000003945,-1.43,-0.71,-0.17,-0.36,-1.32,-0.79,-1.06,-1.4
S000003949,-1.4,0.2,-0.58,1.13,1.26,1.16,0.9,1.53
S000003956,0.72,-0.94,-1.32,-0.43,-0.94,-0.67,-1.09,0.24
S000003957,0.08,-0.43,-1.18,-0.65,-1.06,-1.33,-0.67,-1.22
S000003962,0.83,0.53,0.88,0.98,0.87,0.85,1.25,1.18
S000003964,-1.4,-0.81,0.03,-0.45,-0.49,-0.01,-0.23,-0.27
S000003967,0.33,0.2,-0.51,-0.43,-0.42,-0.64,-2.18,-2.74
S000003968,0.77,0.86,0.28,-0.36,-0.54,-0.43,-1.64,-2.4
S000003973,0.23,0.39,0.69,0.8,0.94,1.18,0.56,0.77
S000003976,-1.25,-1.25,-0.3,-0.67,-0.12,-0.2,0.0,-1.29
S000003979,-1.36,0.06,-0.32,-0.34,-0.64,-0.58,-0.81,-0.86
S000003980,-1.15,-0.54,-0.64,-1.03,-0.42,-0.18,-0.45,-0.74
S000003981,-1.43,-0.69,-0.18,-0.07,-0.51,-0.54,-0.1,-0.15
S000003982,-1.32,-1.0,-0.84,-0.76,-0.15,-0.18,-0.89,-0.92
S000003986,-1.6,-0.79,-0.25,-0.69,-0.54,-0.56,0.38,0.11
S000003987,-0.1,-0.09,0.23,0.86,0.91,1.21,1.36,1.58
S000003993,0.67,0.52,-0.22,-0.29,-0.67,-0.62,-1.84,-0.92
S000004002,-1.22,0.62,-0.76,-0.97,-1.32,-0.38,-0.04,-0.47
S000004007,-0.74,-0.23,-0.45,-0.54,-1.18,-0.94,-0.92,-0.58
S000004012,-0.7,-2.74,-0.14,-0.65,-1.03,-0.19,-0.43,-0.12
S000004018,0.69,1.23,1.39,1.05,1.05,0.68,0.97,0.7
S000004035,0.7,0.19,-0.2,1.37,-0.54,-0.71,-0.81,-0.74
S000004041,1.2,0.49,-0.01,-0.81,-0.74,-1.22,-1.12,-1.25
S000004048,-0.6,-0.58,-1.15,-0.4,-0.1,-0.42,-0.76,-0.62
S000004052,0.54,-0.06,-0.14,-0.23,-0.18,-1.18,-1.69,-2.18
S000004056,0.7,0.69,0.64,1.17,1.14,0.9,1.01,0.96
S000004058,0.86,0.24,0.18,-1.03,-1.4,-1.15,-1.79,-2.06
S000004063,-0.15,0.1,-0.32,-0.69,-0.89,-0.71,-2.32,-1.32
S000004064,-0.29,-0.29,-0.17,-1.0,-1.18,-1.22,-1.47,-1.79
S000004065,0.42,0.3,0.21,0.15,0.07,-0.29,-1.03,-1.69
S000004066,0.54,-0.22,0.31,-0.2,-0.4,-0.64,-1.12,-1.94
S000004077,-0.23,0.5,0.1,-0.69,-0.89,-1.59,-0.82,-0.56
S000004083,0.51,0.39,0.41,0.93,1.18,0.96,1.26,1.63
S000004093,-0.86,-0.67,-0.43,-0.86,-0.94,-1.18,-0.97,-0.92
S000004098,0.01,1.1,1.58,1.32,0.72,0.69,0.58,0.86
S000004099,0.34,0.78,1.06,1.45,1.88,1.66,1.07,0.95
S000004131,-0.81,0.28,-0.42,-0.51,-1.32,-1.84,-0.09,0.58
S000004140,0.37,-0.51,-0.29,-0.29,-0.17,-0.74,-0.92,-1.36
S000004148,0.39,0.41,0.78,1.38,1.74,1.2,2.15,1.76
S000004150,0.57,0.79,1.03,1.66,1.52,1.05,2.04,1.65
S000004152,-1.12,-1.51,-0.51,-1.06,-0.74,-1.0,-0.92,-0.97
S000004157,0.86,0.62,0.4,0.29,0.31,0.08,-0.51,-1.22
S000004163,-1.22,0.06,-0.47,-0.69,-0.47,-0.79,-0.64,0.06
S000004164,-1.84,-0.74,-0.25,-0.81,-0.97,-0.58,-0.81,-0.49
S000004165,0.51,0.43,0.25,-0.15,-0.47,-0.6,-1.29,-1.79
S000004173,-0.64,-0.6,-0.67,-0.49,-1.03,-0.74,-1.4,-1.25
S000004175,0.32,0.04,0.15,0.25,0.11,-0.23,-1.32,-1.64
S000004178,-1.47,-0.71,0.36,0.11,-0.54,-0.23,-0.22,-0.12
S000004184,-1.4,-0.89,1.37,2.65,2.7,2.79,3.41,3.63
S000004186,0.58,0.23,0.07,-1.06,-1.36,-1.56,-1.84,-2.18
S000004188,1.11,0.7,0.96,0.06,-0.12,-0.74,-0.89,-1.43
S000004225,-0.84,-1.4,-1.18,-0.89,-1.29,-1.87,-0.69,-0.09
S000004236,-0.92,-1.18,-1.06,0.67,-0.56,-0.45,-0.36,-0.04
S000004240,-0.09,0.23,0.58,1.27,0.96,1.06,1.79,1.23
S000004242,-1.18,0.34,0.03,-0.18,0.12,1.26,1.27,1.58
S000004245,-0.76,-1.15,-0.62,3.04,-0.76,-0.67,-0.79,-0.74
S000004247,0.01,0.01,0.59,1.84,1.62,1.29,1.94,2.02
S000004248,-0.15,-0.45,0.18,0.62,1.22,1.01,1.79,1.88
S000004254,0.31,-0.06,0.26,-0.47,-0.38,-0.81,-1.22,-1.94
S000004260,-1.4,-0.49,0.11,0.08,-0.07,0.45,0.96,0.49
S000004267,-0.69,-0.4,-0.32,-0.45,-0.86,-0.86,-0.86,-1.15
S000004271,-0.48,-0.6,-0.8,-0.51,-0.26,0.08,0.1,1.21
S000004274,-1.36,-0.86,0.24,-0.79,-0.56,-0.69,-0.25,-0.29
S000004276,-0.12,-0.29,0.5,0.29,0.26,-0.2,-0.42,-1.36
S000004278,-0.04,0.08,0.07,-0.23,0.47,-0.4,-0.03,-1.32
S000004279,-1.74,-0.84,0.25,-1.09,-0.74,-0.27,-0.47,-0.42
S000004281,-0.09,0.58,0.14,0.32,0.6,0.85,1.23,1.33
S000004288,-1.15,0.11,-0.71,-0.38,-0.86,-0.84,-0.67,0.44
S000004290,-0.71,-0.67,-0.4,0.18,0.24,0.15,0.26,1.2
S000004294,-0.64,-0.56,-0.22,1.7,2.31,1.38,1.69,2.31
S000004296,-0.47,-0.18,-1.0,-1.32,-1.71,-0.45,-0.71,-0.22
S000004298,-1.51,-0.84,-1.25,-1.03,-1.18,-1.09,-0.38,-0.07
S000004324,-0.15,-0.6,-0.74,0.53,1.01,0.81,1.58,1.21
S000004325,0.53,0.2,0.21,0.11,0.12,-0.34,-0.89,-1.22
S000004331,0.32,0.07,0.1,0.03,0.1,-0.45,-1.22,-1.64
S000004335,-1.69,-0.4,-0.64,-0.32,-0.58,-0.14,-0.79,-0.49
S000004336,0.33,0.03,-0.01,0.32,0.11,-0.6,-1.09,-1.56
S000004342,-0.07,0.51,1.21,2.05,2.16,2.33,2.75,2.53
S000004346,0.31,0.44,0.56,1.12,1.56,1.3,1.51,1.39
S000004350,1.13,1.27,1.17,0.64,0.46,0.56,0.1,-0.23
S000004357,-1.15,-0.22,-0.71,-1.03,-0.51,-0.86,-1.79,-0.76
S000004359,0.37,0.5,0.86,0.39,0.23,-0.03,-1.15,-1.6
S000004361,-0.64,-0.29,-0.12,-1.36,-0.32,-0.22,-0.38,-0.29
S000004362,-0.25,0.06,0.04,0.49,1.0,0.16,1.31,1.22
S000004364,0.68,0.78,0.03,-0.12,-0.15,-0.07,-0.89,-1.84
S000004369,-0.62,-0.84,-1.22,-1.09,-1.32,-1.69,-0.7,-0.71
S000004370,0.4,0.62,1.12,1.09,0.88,1.38,1.11,0.55
S000004376,-0.64,-0.25,-0.86,-0.23,-1.22,-1.36,-1.56,-1.32
S000004380,0.63,0.14,0.25,-0.12,-0.2,-0.76,-0.94,-1.43
S000004384,-1.18,-0.23,-0.03,0.07,-0.34,0.01,-0.32,-0.09
S000004393,-0.69,-0.2,-0.76,-0.94,-1.32,-0.84,-1.6,-0.74
S000004406,0.12,0.08,1.2,2.2,2.33,1.99,2.71,2.68
S000004422,-0.84,-0.22,-0.27,-0.2,-0.45,-0.09,-0.67,-1.51
S000004427,0.48,-0.04,-0.38,-0.94,-1.0,-1.79,-1.12,-1.6
S000004432,-1.94,-1.6,-1.09,-1.06,-2.25,-1.84,-1.51,-1.6
S000004434,-0.82,-0.58,-0.76,0.3,-0.94,-0.32,-1.67,-0.29
S000004440,0.39,0.5,-0.34,-0.1,-0.43,-1.22,-1.6,-2.4
S000004450,-1.51,-0.62,-0.23,-0.15,-0.04,0.14,0.0,-0.42
S000004452,-1.74,-0.64,-0.17,-0.04,-0.2,0.08,-0.36,-0.97
S000004453,-0.43,0.06,0.08,0.51,0.9,0.82,1.29,0.97
S000004475,-1.25,-0.25,-0.22,-0.69,-0.23,-0.2,-0.15,-0.25
S000004484,0.16,0.26,-0.15,-0.45,-0.4,-1.03,-1.36,-1.51
S000004490,0.64,1.18,2.61,2.09,2.44,2.32,2.35,2.05
S000004494,-0.86,-1.36,-0.38,-1.0,-0.3,-0.04,-0.58,-0.2
S000004515,-0.76,-1.47,-0.64,-0.92,-0.34,-0.36,-0.4,-0.14
S000004538,1.15,0.48,0.34,-0.2,-0.17,-1.06,-1.4,-1.84
S000004541,0.36,-0.81,0.29,0.14,-0.49,-1.4,0.54,-2.94
S000004554,-1.36,-1.22,-0.34,-0.04,0.0,-1.03,0.25,-0.69
S000004558,0.58,0.06,-0.45,-1.03,-1.18,-1.64,-2.0,-1.79
S000004574,-0.3,-0.47,0.03,-0.94,-0.74,-0.81,-1.03,-1.89
S000004589,-1.36,0.28,-0.04,-0.09,-0.34,0.46,0.21,0.46
S000004591,-1.4,-1.06,0.04,-0.38,-0.4,-0.3,-0.45,-0.34
S000004592,0.24,-0.12,-0.71,-1.15,-1.06,-0.84,-1.15,-0.81
S000004597,-1.12,-1.06,0.07,0.32,0.6,0.7,1.61,2.46
S000004599,0.52,2.0,2.66,2.94,3.05,3.12,3.04,3.35
S000004601,0.12,0.11,0.46,1.01,1.19,1.2,1.21,1.42
S000004614,-1.15,-1.18,-0.83,-1.47,-1.01,-1.05,-1.8,-1.47
S000004616,1.27,0.69,0.21,-1.0,-0.62,-0.97,-1.32,-1.18
S000004624,-0.09,0.28,0.61,0.51,0.81,0.73,1.38,1.36
S000004642,0.61,0.19,0.15,0.33,0.9,0.86,1.66,1.55
S000004643,-0.54,0.24,1.03,2.48,2.56,3.44,3.72,4.06
S000004652,0.53,0.12,-0.64,-1.0,-1.29,-1.4,-2.06,-2.25
S000004660,-0.84,-1.74,-0.69,-0.1,-0.62,-0.22,-0.1,-0.04
S000004661,-1.74,-0.76,0.18,0.04,-0.42,0.0,0.5,-0.45
S000004662,-0.22,-0.47,-0.22,-0.17,-0.84,-1.32,-0.84,-1.22
S000004681,0.08,-0.09,-0.27,-0.64,-0.79,-0.86,-1.4,-1.0
S000004689,-1.12,-1.56,-0.49,-0.45,-0.79,-0.47,-0.32,-0.49
S000004699,-0.49,-0.84,-0.76,-1.32,-1.69,-1.32,-2.25,-1.84
S000004701,-1.22,0.12,-0.25,-0.49,-0.62,-0.89,-0.1,-0.18
S000004702,-1.89,-0.62,0.39,-0.67,-0.45,0.19,0.66,1.23
S000004703,-0.45,-0.71,0.07,0.03,0.44,0.36,1.07,1.85
S000004708,-1.29,0.4,0.47,-0.01,0.01,0.29,-0.41,-0.12
S000004710,-1.69,-0.36,0.21,-0.4,-0.29,0.01,0.08,0.95
S000004713,-1.74,-0.74,-1.03,-0.94,-1.12,-0.97,-1.0,1.04
S000004716,-0.69,0.0,-0.1,0.25,0.53,0.82,1.42,1.1
S000004720,0.1,0.5,0.71,0.23,0.61,0.9,0.99,1.28
S000004722,0.48,0.19,0.08,0.16,-0.09,0.33,-1.6,-2.25
S000004729,-1.32,-1.56,-0.74,-0.42,-0.94,-0.3,-0.3,-0.54
S000004735,0.3,0.35,0.18,-0.73,-1.47,-1.14,-1.61,-1.08
S000004750,0.58,0.14,0.21,-0.58,-0.47,-1.06,-1.74,-1.74
S000004751,0.3,0.36,0.12,0.08,-0.3,-0.56,-1.12,-1.18
S000004759,-0.81,-1.64,-0.42,-0.56,-0.71,-0.03,-0.22,-0.06
S000004764,-1.29,-0.25,-0.71,0.15,-0.81,-0.2,-0.07,-0.64
S000004775,-1.21,0.3,-2.56,-0.2,-0.53,-0.27,0.28,1.11
S000004779,0.59,0.25,0.44,0.37,-0.31,0.55,1.14,-0.03
S000004784,0.6,0.79,2.05,2.34,2.88,2.95,3.3,3.54
S000004796,0.12,1.42,1.77,2.27,2.46,2.41,2.34,2.8
S000004801,-0.39,-0.14,-0.14,-0.27,-0.4,-2.06,0.68,0.3
S000004803,-1.12,0.04,0.32,0.56,0.82,1.2,0.85,0.62
S000004809,-1.25,-0.03,-0.23,-0.43,0.14,0.0,-0.07,0.18
S000004820,-1.06,-0.67,-0.03,-0.15,-1.01,0.93,-2.74,-0.54
S000004824,-1.18,-0.38,-0.22,-0.43,-0.74,-0.34,-0.23,-0.23
S000004830,0.65,0.46,-0.17,-0.36,-0.89,-1.47,-2.18,-2.56
S000004835,-0.81,-0.67,-0.43,-0.62,-1.18,-0.6,-0.62,-0.36
S000004855,0.58,0.11,0.32,0.07,-0.09,-0.67,-1.4,-1.25
S000004863,-0.32,0.06,0.15,1.43,2.9,1.42,1.84,0.99
S000004873,0.16,-0.18,-0.6,-0.34,-0.4,-0.86,-1.4,-1.64
S000004874,-0.43,-2.25,-1.1,0.0,-0.95,-0.18,-2.06,0.43
S000004879,0.12,-0.23,0.42,-0.39,-0.65,-1.89,-0.36,-0.24
S000004884,-1.22,-1.43,-0.3,-0.74,-0.94,-0.49,0.99,0.71
S000004887,-1.15,-0.58,-0.22,-0.2,-0.3,-0.43,-0.56,-0.06
S000004900,-1.15,-0.58,0.01,-0.18,-0.17,0.11,-0.47,-0.58
S000004902,-1.32,-0.67,-0.42,-0.54,-0.14,0.03,-0.01,-0.56
S000004903,0.24,0.11,-0.58,-1.22,-1.56,-1.79,-2.47,-2.74
S000004905,-1.12,-0.3,0.33,0.57,0.7,0.86,1.18,1.08
S000004910,1.3,1.07,1.07,0.25,1.04,1.1,0.88,0.84
S000004912,-0.03,-0.01,0.54,0.73,1.2,1.49,1.85,1.49
S000004921,-0.34,-0.56,0.25,0.9,1.45,1.7,1.21,1.42
S000004928,0.67,1.2,0.24,0.57,0.76,0.63,0.78,1.04
S000004932,-0.64,-0.38,0.59,1.49,1.69,1.96,2.14,2.42
S000004947,1.2,1.02,0.08,-0.14,-0.6,-0.64,-1.36,-0.94
S000004960,-0.79,-0.15,0.6,1.27,1.84,1.58,2.58,3.01
S000004981,1.56,1.51,1.5,2.01,2.4,2.42,2.59,2.87
S000004990,-0.2,-0.45,-0.47,0.75,0.5,1.02,1.39,1.05
S000005000,-0.12,-0.07,0.64,0.58,1.06,1.34,1.77,1.64
S000005002,-1.18,-0.86,-0.62,-1.22,-0.79,-0.71,-0.56,-0.97
S000005005,0.67,0.4,0.14,-1.29,-1.15,-1.32,-1.84,-2.06
S000005006,0.51,0.34,0.14,-0.43,-0.51,-0.62,-1.47,-1.06
S000005010,-0.27,-0.36,-0.36,-0.23,-0.47,-0.58,-1.6,-1.15
S000005013,0.4,0.32,0.49,-0.14,-0.17,-0.34,-1.12,-1.84
S000005023,0.67,0.72,1.46,0.43,0.92,1.01,1.25,1.18
S000005032,0.32,0.53,-0.48,-0.22,-0.47,-0.59,-0.23,-1.25
S000005040,0.28,0.25,-0.23,-0.04,-0.29,-0.86,-1.64,-1.69
S000005045,-1.79,-0.89,-1.12,-0.49,-0.58,-0.27,-0.47,-0.56
S000005046,-0.6,0.03,-0.09,-0.69,-0.67,-0.45,-1.34,-0.15
S000005049,-1.6,-1.25,-1.0,-1.25,-0.64,-1.03,-1.0,-0.54
S000005051,-0.94,-1.32,-0.01,-0.94,-0.47,-0.64,-0.32,0.19
S000005055,-0.14,-1.51,-1.51,-1.51,-0.79,-0.64,-0.32,-0.01
S000005078,-0.14,0.2,1.72,2.24,1.99,1.18,0.77,1.06
S000005083,-0.15,-0.27,-2.64,-0.42,0.41,0.2,0.63,-0.43
S000005086,-0.71,-1.6,-0.36,-0.3,-0.38,-0.56,-0.84,0.29
S000005088,-1.43,-1.32,-0.74,-0.29,-0.97,-0.56,-0.79,-0.06
S000005091,1.13,1.14,1.26,1.39,1.32,1.1,1.44,1.26
S000005095,0.52,0.37,0.44,-1.36,-0.89,-1.29,-1.69,-2.06
S000005104,-0.4,-0.54,-0.03,0.61,0.88,1.01,1.07,1.83
S000005106,0.65,0.41,0.37,0.34,0.11,-0.15,-1.06,-1.32
S000005107,-0.39,-0.52,-0.45,-1.17,-0.85,-1.06,-1.16,-1.7
S000005110,-0.64,-0.6,-0.58,-0.76,-0.69,-0.79,-1.32,-0.89
S000005113,-0.12,0.11,-0.45,1.46,-0.34,-0.58,-0.49,-0.6
S000005118,0.74,0.57,-0.12,-0.94,-1.22,-1.84,-2.56,-2.47
S000005119,0.86,0.36,0.38,-1.12,-1.36,-2.06,-2.4,-2.47
S000005122,0.72,0.21,0.25,-0.12,-0.18,-0.86,-1.51,-2.06
S000005130,0.46,0.12,-0.15,-0.67,-0.84,-0.97,-1.6,-0.97
S000005136,-0.25,0.19,0.2,1.1,1.35,1.45,1.49,1.82
S000005139,-0.79,-1.29,0.06,-0.51,-0.18,-0.12,0.08,0.48
S000005144,-0.74,0.2,-0.49,0.33,-0.27,0.18,0.91,1.44
S000005147,-1.25,-1.74,-0.43,-0.49,-0.64,-0.18,-0.64,0.18
S000005152,-0.2,-0.25,0.9,2.43,2.49,2.46,2.98,3.26
S000005170,-0.56,-0.74,-1.03,-0.84,-1.0,-1.64,-1.12,-1.47
S000005191,-0.17,-0.17,0.44,-0.54,-0.45,-0.84,-1.18,-1.84
S000005192,0.34,0.06,-0.97,-0.74,-0.84,-1.06,-2.06,-2.12
S000005199,0.01,0.26,0.76,-1.06,-0.86,-1.06,-1.47,-1.47
S000005200,0.07,-0.01,-0.06,-0.3,-0.56,-0.54,-1.25,-0.84
S000005206,0.48,-0.25,0.1,-0.42,-0.58,-0.65,-1.18,-0.83
S000005223,-1.79,-0.6,0.24,0.01,0.16,0.44,0.21,0.7
S000005234,-0.56,0.06,-0.3,1.34,-0.49,-0.23,-0.36,-0.17
S000005245,0.46,0.65,0.28,0.12,0.23,-0.86,-0.97,-1.29
S000005247,-0.2,-0.84,-0.38,-0.94,-1.03,-1.69,-2.12,-2.0
S000005252,0.71,0.38,-0.07,-0.62,-0.74,-0.94,-1.4,-1.12
S000005266,0.07,0.11,-0.2,0.55,0.69,0.86,0.73,1.48
S000005268,-2.0,0.7,0.42,-0.56,0.3,-0.71,0.2,-0.74
S000005270,-1.6,-0.69,-0.38,-0.71,-0.25,-0.43,0.16,-0.03
S000005291,-1.84,-0.56,-0.18,-0.17,-0.27,0.14,-0.14,-0.69
S000005293,-1.89,-0.07,0.23,1.04,0.73,0.69,1.16,0.99
S000005304,0.22,0.38,0.12,0.11,-0.71,-1.16,-1.0,-0.24
S000005307,0.29,0.24,0.1,-1.18,-0.54,-0.86,-1.12,-1.74
S000005314,-0.94,0.21,-0.32,-0.03,1.42,0.41,0.88,0.58
S000005323,-0.4,0.21,-1.51,0.15,-1.43,-0.86,0.06,0.74
S000005328,-1.25,-0.58,-0.14,-0.42,-0.45,-0.64,0.14,-0.12
S000005329,0.1,-0.27,-0.03,-0.84,-0.89,-1.03,-1.25,-1.03
S000005341,-1.79,-1.43,-1.12,-0.42,-0.86,-1.0,-0.34,-0.51
S000005343,-1.79,-0.92,-0.51,-1.25,-0.58,-0.81,-0.69,-0.71
S000005349,-0.69,-0.84,-0.89,-0.45,-0.1,0.1,0.38,1.34
S000005367,0.66,-1.03,-1.25,-0.1,-0.12,0.14,0.31,-0.01
S000005373,-0.94,0.43,0.68,1.06,1.2,0.68,1.51,1.85
S000005377,-2.06,0.52,-1.43,-0.79,-1.0,-1.6,-0.56,-2.4
S000005388,-0.42,-0.15,-0.43,-1.15,-0.62,-0.51,-1.51,-0.79
S000005393,-1.6,0.01,-0.12,-0.43,-0.06,-0.2,-0.92,0.08
S000005397,-1.15,-0.67,-0.04,0.25,0.1,0.53,0.75,0.31
S000005399,1.29,0.8,1.17,-0.74,-0.34,-0.92,-1.6,-2.47
S000005400,0.56,0.36,0.43,0.28,0.3,-0.23,-1.32,-1.56
S000005401,0.3,0.25,0.08,-0.75,-0.36,-1.13,-1.51,-1.56
S000005432,0.66,0.42,0.61,0.15,0.77,0.29,0.66,1.2
S000005468,1.14,0.29,0.42,0.84,0.41,0.78,1.08,0.97
S000005480,0.42,0.04,0.81,0.0,0.03,-0.58,-1.0,-1.84
S000005481,0.6,0.38,0.41,-0.04,0.2,-0.38,-1.29,-1.22
S000005482,-1.51,-0.23,0.16,-0.06,0.08,0.02,0.28,-0.34
S000005484,0.04,0.14,0.06,-1.09,-1.47,-1.36,-1.36,-2.06
S000005497,0.41,0.28,-0.17,-0.36,-0.47,-0.3,-0.38,1.23
S000005510,0.19,0.83,2.61,2.86,2.3,1.33,2.04,2.33
S000005518,0.24,0.63,1.16,1.31,1.12,0.41,-0.12,-0.06
S000005521,-0.12,-0.06,0.29,0.97,0.99,0.58,1.51,1.81
S000005527,0.2,0.15,-0.54,-0.69,-0.69,-0.86,-1.32,-1.15
S000005530,0.78,0.08,0.16,-1.22,-1.64,-1.84,-2.4,-2.06
S000005546,0.52,0.01,0.3,1.21,1.34,0.39,0.32,0.77
S000005555,-1.22,-0.69,-1.32,0.1,-0.49,-0.25,-0.07,-0.36
S000005558,-1.06,-0.1,-0.27,-0.42,-1.09,-1.03,0.03,-1.47
S000005561,-2.32,-0.45,-0.1,-0.47,-0.15,-0.64,-0.49,0.51
S000005577,0.65,0.45,-0.06,-0.22,-0.22,-0.47,-1.12,-1.18
S000005578,0.06,0.38,1.35,0.58,1.21,1.06,1.24,0.9
S000005582,0.87,0.61,-0.09,-1.12,-1.06,-0.92,-1.47,-1.29
S000005589,0.59,0.48,0.26,0.54,0.04,-0.22,-0.94,-1.4
S000005592,-0.71,-0.62,-1.12,-1.32,-0.89,-0.79,-1.22,-1.36
S000005617,0.72,0.9,0.07,-0.18,-0.51,-0.32,-1.25,-0.94
S000005622,0.64,0.29,0.06,0.03,0.04,-0.69,-0.92,-1.22
S000005630,0.61,0.89,0.62,0.69,0.81,0.96,1.2,1.66
S000005632,-0.17,-0.22,3.03,-0.62,-0.23,-0.47,-0.07,0.12
S000005634,-0.09,0.19,-0.06,-0.51,-0.92,-1.12,-1.32,-1.36
S000005636,-2.34,-0.69,-1.46,-1.54,-1.47,-0.3,0.22,0.34
S000005645,0.01,-0.25,-0.45,-1.25,-1.47,-1.47,-1.74,0.38
S000005646,-1.29,-0.58,0.03,-0.1,-0.06,-0.07,1.12,1.31
S000005672,-1.15,-0.89,-0.64,-1.15,-0.86,0.03,-0.81,-1.36
S000005681,-1.15,-0.32,0.1,-0.09,-0.2,0.12,-0.15,0.48
S000005699,-0.77,-1.23,-0.2,0.04,0.41,-1.04,1.05,1.08
S000005702,-0.18,-0.58,0.25,0.6,0.77,1.13,1.66,1.71
S000005708,0.85,0.37,0.26,-0.17,-0.2,-0.49,-1.32,-1.25
S000005711,-0.36,-0.04,0.06,0.99,0.77,0.64,1.34,1.44
S000005716,-0.81,-1.36,-0.27,-0.4,-0.29,0.0,0.34,0.18
S000005724,0.9,0.19,0.36,0.72,1.28,1.32,1.45,1.44
S000005732,1.04,0.9,0.26,-0.54,-0.89,-1.12,-1.64,-1.6
S000005734,0.53,0.38,1.04,1.23,1.48,1.54,1.96,2.05
S000005746,-0.71,-0.62,0.72,1.86,2.44,2.01,2.61,2.25
S000005747,-1.16,-0.84,-0.42,-0.01,-0.74,-0.01,-0.25,0.58
S000005748,0.03,-0.74,-1.25,-0.17,-0.15,-0.27,-0.29,-0.62
S000005750,0.45,-0.22,-0.56,-0.62,-0.49,-0.94,-1.25,-1.51
S000005760,0.63,0.16,0.37,0.03,0.04,-0.38,-0.94,-1.43
S000005769,0.12,0.25,-0.43,-0.86,-0.89,-1.03,-1.79,-2.0
S000005773,0.18,0.06,0.08,0.59,0.88,1.58,1.19,0.99
S000005774,0.43,0.06,0.36,0.58,0.8,1.34,1.38,0.71
S000005776,-1.25,-0.23,0.26,0.11,0.19,0.38,0.67,0.18
S000005778,0.15,0.04,-0.58,-1.22,-1.25,-1.43,-1.79,-1.56
S000005790,-0.22,-0.76,-0.58,-1.03,-0.97,-1.03,-1.12,-1.29
S000005795,-0.69,-0.45,-0.37,-0.51,-0.51,-0.64,-1.47,-0.84
S000005815,-0.92,-0.76,-0.17,0.38,1.2,1.08,1.69,1.86
S000005819,0.38,-0.06,-0.34,-0.01,-0.47,-1.03,-1.74,-2.06
S000005820,0.23,-0.67,-0.56,-1.74,-1.64,-1.74,-1.84,-1.56
S000005837,0.8,0.18,0.03,-0.51,-0.45,-1.25,-1.43,-2.06
S000005839,0.72,0.14,0.04,0.0,0.18,-0.71,-1.0,-1.56
S000005841,-0.89,-0.71,-0.6,-0.94,-0.43,-0.45,-1.02,-1.32
S000005842,0.43,-0.03,-0.64,-0.71,-1.25,-1.29,-1.74,-1.64
S000005876,-0.55,-0.36,-0.32,-0.97,-0.36,-1.47,0.08,0.46
S000005896,0.65,0.0,0.08,0.11,-0.07,-0.67,-1.4,-1.64
S000005907,-1.38,-0.18,-0.14,-0.36,-0.79,0.19,-0.14,0.06
S000005911,-2.32,-1.64,0.48,0.12,-0.29,-0.65,-0.11,0.19
S000005915,-2.56,-1.18,-1.15,-0.84,-0.36,-1.32,-0.32,-0.12
S000005930,-0.14,0.14,-0.14,-0.9,-0.22,-0.17,-1.41,1.1
S000005957,-2.74,-0.86,-0.44,-0.71,-1.15,-0.18,-0.18,-0.92
S000005964,0.38,0.12,-0.49,-1.09,-1.51,-1.47,-2.06,-2.06
S000005965,-1.22,-0.29,-0.81,-2.18,-2.18,-1.64,-2.64,-1.4
S000005988,-1.64,-1.09,-0.2,0.37,0.1,-0.17,-0.4,0.97
S000005991,-1.22,0.11,-0.09,-0.49,-0.12,0.15,0.5,0.76
S000005995,-1.14,0.5,-0.23,-0.34,-1.8,-0.54,-0.01,0.77
S000006000,0.5,0.15,0.04,0.14,-0.34,-0.43,-1.29,-1.4
S000006002,0.2,0.04,-0.09,-0.04,-0.38,-0.69,-1.43,-1.43
S000006014,-1.6,0.29,0.16,-0.47,-1.4,-0.76,-2.19,-2.4
S000006023,-1.11,-1.09,-0.18,-0.5,-0.85,-0.69,-2.22,-0.12
S000006053,-1.36,-0.84,0.01,-0.25,-0.51,-0.59,-0.57,-0.93
S000006055,-1.89,-0.58,-0.31,-0.94,-0.92,-0.6,-0.63,-0.86
S000006057,-1.79,-1.18,-0.25,0.5,-1.4,-1.09,-0.92,-1.43
S000006062,-0.79,-0.15,-0.42,-0.89,-0.86,-0.79,-1.16,-0.76
S000006063,0.39,-0.34,0.14,-0.2,-0.48,-0.96,-1.2,-1.89
S000006064,0.26,-0.01,0.01,-0.22,-0.14,-0.58,-1.32,-1.71
S000006067,0.91,0.58,0.29,-0.49,-0.61,-0.73,-0.95,-1.25
S000006073,-1.76,-0.42,-0.15,0.04,-0.25,0.05,0.39,0.31
S000006074,-1.04,0.57,0.17,-1.03,-1.29,-0.83,-0.26,0.28
S000006075,-0.47,-0.12,0.54,0.99,1.38,1.65,1.94,1.92
S000006079,0.34,-0.24,-0.03,-0.22,-0.79,-1.09,-1.34,-1.52
S000006080,0.58,0.7,0.36,0.45,0.86,0.85,1.09,1.34
S000006081,0.2,-0.07,0.0,-0.92,-0.68,-1.34,-1.73,-1.52
S000006082,-1.07,-0.76,0.35,0.67,-1.22,0.06,0.12,0.52
S000006107,-2.1,-1.56,-1.3,-1.0,-0.84,-1.22,-0.48,0.03
S000006109,-0.63,-1.18,-0.78,-0.5,-0.36,-0.67,-0.4,-0.58
S000006147,-0.4,-0.51,-0.65,-0.5,-1.04,-1.0,-1.05,-1.23
S000006151,-2.0,-0.69,0.19,0.01,-0.56,-0.24,0.03,-0.09
S000006157,-1.49,-0.44,0.1,-0.07,-0.43,-0.23,-0.34,-0.47
S000006159,1.29,0.62,0.78,0.17,0.1,-0.11,-0.4,-0.87
S000006160,-0.43,-0.56,-0.85,-1.06,-1.05,-1.25,-1.6,-1.11
S000006168,-0.78,-1.74,0.01,-0.36,0.08,-0.09,-0.16,-0.17
S000006169,-0.87,0.06,0.41,-0.05,-1.48,-0.53,0.27,-0.12
S000006178,-1.23,-0.43,-0.23,-0.34,-0.62,-0.88,0.07,-0.4
S000006182,-0.74,0.04,-0.52,-1.36,-0.39,-0.5,0.1,-0.13
S000006187,0.31,0.12,-0.41,-0.94,-1.17,-1.22,-1.6,-1.92
S000006193,-0.91,-0.54,0.1,1.1,0.95,1.52,2.21,1.92
S000006205,-1.49,-0.64,-0.37,-0.75,-0.43,-0.45,-0.09,-0.25
S000006207,-1.19,-0.45,-0.66,-0.34,-0.3,-0.11,0.29,-0.02
S000006214,-0.1,0.31,-0.3,-0.14,-0.54,-0.6,-1.2,-0.5
S000006231,-1.09,-1.03,-2.12,0.04,-0.56,-0.49,0.2,-0.74
S000006232,0.3,0.26,0.73,1.11,0.85,1.05,1.3,1.08
S000006235,-1.94,-1.03,-0.01,-0.61,-0.92,-0.6,-0.71,-0.36
S000006237,-0.03,-0.2,-0.03,-0.1,-0.36,-0.3,-0.3,-1.4
S000006242,-1.03,-0.16,-0.67,-0.48,-0.58,-1.26,0.17,0.13
S000006243,-0.76,0.1,-1.64,0.0,0.1,-0.74,0.27,-0.45
S000006244,0.21,0.01,-0.22,0.74,0.45,0.3,0.91,1.29
S000006245,-1.05,-0.18,0.12,-0.36,-0.72,-0.75,-0.81,-1.16
S000006247,0.31,0.27,0.63,0.07,-0.08,-0.45,-0.93,-1.45
S000006248,0.38,-0.08,0.11,-0.13,-0.35,-0.68,-1.04,-1.51
S000006251,-1.3,-0.04,0.66,0.39,0.08,0.09,0.65,-0.07
S000006268,-1.16,-0.06,-0.09,-0.25,-0.31,-0.88,-0.08,0.07
S000006269,-1.74,-0.15,0.04,0.38,0.04,0.12,-0.51,-0.12
S000006280,-1.15,-0.79,-0.48,-0.22,-0.84,-0.89,-1.19,-0.86
S000006282,-1.14,-0.34,-0.63,-0.07,-0.27,0.15,0.68,1.45
S000006293,-1.67,-1.89,-1.23,-0.3,-1.18,-1.5,-0.58,-0.91
S000006299,-1.5,-1.64,-1.82,-0.69,-0.96,-0.34,-0.62,-0.11
S000006321,-0.51,-0.58,-0.38,0.17,-0.84,1.18,-0.36,-1.6
S000006326,0.0,0.15,-0.14,-0.02,-0.74,-1.12,0.69,2.66
S000006336,0.38,0.09,-0.04,-0.41,-0.47,-1.4,-1.74,-2.12
S000006346,0.29,0.06,-0.42,-1.17,-0.88,-1.11,-1.95,-1.62
S000006347,0.94,0.61,0.18,-0.99,-0.9,-0.9,-1.1,-1.29
S000006348,-0.21,-0.54,-0.55,-0.78,-0.6,-0.52,-1.43,-0.9
S000006349,0.27,-0.15,0.21,-0.36,0.13,-0.11,-0.63,-1.6
S000006367,1.23,0.64,0.86,-0.02,0.08,-0.14,-0.43,-0.9
S000006369,0.74,0.33,0.93,0.48,1.11,1.12,1.48,1.44
S000006371,0.01,0.31,0.55,1.15,1.95,1.6,1.89,1.93
S000006381,-1.24,-1.15,-0.29,-0.31,-0.43,0.33,-0.38,-0.74
S000006386,-1.14,-0.45,-0.7,-0.32,-0.27,-0.81,-0.85,-0.14
S000006388,-0.49,0.24,-0.26,1.44,1.46,-0.25,0.51,0.63
S000006393,-1.3,-0.89,-1.28,-1.12,-1.51,0.07,-1.34,-0.12
S000006395,-0.66,-1.15,-1.18,-0.74,-0.67,-0.45,0.07,0.67
S000006399,-1.52,-0.45,-0.97,-0.28,-0.86,0.02,-0.67,-0.58
S000006401,-0.38,-0.14,-0.17,0.89,1.12,1.04,1.25,1.44
