gene_id,10,20,30,40,50,60,80,100,120,160
S000002136,0.55,0.5,1.83,1.79,0.01,0.24,-0.67,-0.85,-0.42,-0.37
S000000005,0.65,0.58,0.86,2.05,0.3,0.33,-0.29,-0.23,-0.15,-0.32
S000000021,0.4,-0.19,-0.22,-0.3,-0.25,0.12,-0.15,-1.17,2.11,-0.66
S000000027,0.18,0.11,0.04,1.51,-0.05,-0.16,-0.13,-0.34,0.01,-0.16
S000002129,-0.49,-0.14,-0.04,-1.51,0.07,0.08,-0.07,0.03,-0.18,0.0
S000000074,-0.23,-2.12,0.43,0.84,-0.09,-0.23,-0.23,-0.14,-0.2,0.08
S000000075,-0.22,0.21,0.51,1.56,0.2,-0.12,-0.09,0.34,0.06,0.2
S000000092,-0.15,-2.32,0.37,-0.07,-0.04,-0.56,-0.49,-0.22,-0.3,-0.84
S000000094,-1.29,-2.18,-2.25,-1.4,-0.36,-0.17,-0.36,-0.01,-0.22,-0.49
S000000098,-1.09,-1.84,-0.94,-0.91,-0.3,-0.14,-0.67,-0.62,-0.22,-0.27
S000000118,0.52,1.12,0.56,1.52,0.35,0.47,-0.04,0.08,-0.1,0.04
S000000124,-0.69,-1.56,-1.94,-0.64,-0.79,-0.3,0.16,-0.32,0.15,0.29
S000000129,0.27,2.96,0.04,-0.86,0.26,0.38,-0.04,-0.14,0.21,-0.11
S000000135,-2.12,-3.06,-3.32,-2.74,-1.22,-0.71,-0.2,-0.14,-0.2,-0.2
S000000146,0.21,-0.27,0.2,-1.51,0.36,0.33,0.12,0.49,0.03,0.08
S000000160,3.4,2.81,3.79,3.33,3.52,3.03,2.34,2.64,2.84,3.11
S000000168,-0.92,-1.94,-1.4,1.4,-1.12,-0.89,-0.47,-0.58,-0.14,-0.01
S000000174,1.03,0.01,1.1,1.36,1.58,0.89,0.28,0.29,0.18,0.45
S000000181,0.32,-2.25,-0.06,-0.58,-0.23,-0.06,-0.27,0.1,0.01,0.01
S000000184,0.05,0.36,-0.15,-1.94,0.05,0.11,-0.32,-0.27,-0.25,-0.67
S000000185,0.41,0.21,0.41,-1.69,0.26,0.24,-0.32,-0.25,-0.14,-0.38
S000000188,-0.4,-1.6,-1.18,-1.4,-0.62,-0.29,-0.89,-0.79,-0.4,-0.6
S000000205,0.18,0.75,1.14,4.78,0.91,0.69,0.67,0.32,0.58,0.6
S000000210,0.34,1.97,1.81,1.17,0.68,1.69,1.3,0.34,0.99,1.29
S000000212,3.76,4.78,2.21,1.28,0.66,0.71,0.46,-0.18,0.32,0.54
S000000237,-0.06,-0.04,-0.09,-0.6,0.2,0.22,-0.11,0.16,-2.91,-0.16
S000000239,0.3,0.56,0.85,4.58,0.68,0.75,0.15,0.24,1.22,0.15
S000000243,-0.92,-0.32,0.08,1.66,0.55,0.19,0.19,0.31,2.32,0.25
S000000250,1.38,2.1,1.95,1.35,0.95,0.49,0.12,0.06,-0.18,0.07
S000000257,0.32,1.18,2.33,0.56,1.33,0.99,0.34,0.06,0.28,0.52
S000000260,0.87,1.35,2.14,1.68,1.24,1.24,0.79,0.38,0.53,0.65
S000000274,0.28,1.49,1.27,1.3,0.79,0.82,0.11,0.28,0.51,-0.06
S000000289,-0.38,-0.79,-0.43,1.6,0.07,0.25,-0.51,-0.4,-0.25,-0.45
S000000300,0.84,0.93,0.75,2.19,0.14,0.23,0.38,-0.38,0.4,0.39
S000000305,0.49,0.66,0.59,6.0,0.25,-0.32,-0.34,-0.86,-0.36,0.12
S000000312,0.07,0.58,1.77,-0.64,0.43,0.36,0.42,0.03,0.33,0.67
S000000313,0.68,0.83,1.01,1.84,0.86,0.51,0.32,-0.3,0.23,0.21
S000000319,0.46,-0.25,0.18,1.81,0.49,0.69,0.4,1.04,0.3,0.32
S000000320,-0.62,-1.69,-0.32,0.1,-0.18,-0.36,0.14,0.33,0.11,0.16
S000000353,0.2,0.53,1.23,0.96,1.55,1.1,0.77,0.86,0.29,0.33
S000000390,-1.06,-1.64,-1.64,-0.25,-0.84,-0.38,-0.1,-0.56,0.03,0.31
S000000395,-0.18,-1.6,-1.25,-0.6,-0.89,-0.58,-0.1,-0.76,0.36,0.14
S000000407,0.12,1.64,0.68,-0.34,0.55,0.77,0.73,0.37,0.77,0.23
S000000412,0.03,4.34,0.46,0.39,-1.55,-1.1,0.01,-0.01,-0.13,-0.16
S000000423,-0.54,-2.4,-0.34,-0.49,-0.6,-0.54,0.01,0.12,0.04,0.08
S000000427,0.71,-1.56,0.43,-0.6,1.13,-0.22,-0.09,0.33,0.0,0.08
S000000442,-3.47,-3.06,-1.32,-0.62,-0.97,-0.56,-0.54,-0.79,-0.81,-0.32
S000000448,3.61,3.3,3.7,4.31,2.22,2.22,2.03,1.9,2.09,2.5
S000000451,-2.0,-4.32,-2.74,-1.43,-1.0,-0.79,-0.38,-0.29,-0.34,-0.38
S000000459,1.72,0.74,0.51,0.32,0.38,0.29,-0.2,-0.27,-0.06,-0.38
S000000460,1.91,1.5,1.71,1.2,1.35,1.1,0.07,0.19,0.15,-0.18
S000000461,2.6,-0.12,0.18,0.63,-0.01,0.07,-0.06,-0.38,0.07,-0.49
S000000468,-0.43,-1.12,-0.64,-1.56,-0.6,-0.42,-0.79,-0.62,-0.6,-0.89
S000000471,-1.56,-1.15,-1.06,-0.69,-0.74,-0.71,-0.25,-0.49,-0.42,-0.64
S000000480,0.34,-0.09,0.26,-3.32,0.43,0.26,-0.45,-0.22,-0.25,-0.56
S000000500,-1.47,-1.29,-1.6,-1.06,-0.79,-0.58,-0.94,-1.36,-1.0,-1.6
S000000518,-3.32,-0.92,-0.94,-0.76,-0.27,-0.27,0.29,0.7,0.18,0.37
S000000520,-1.51,-0.36,-1.15,-0.76,-0.56,-0.17,0.14,0.28,-0.56,0.14
S000000528,-2.12,-1.43,0.19,-0.58,-0.23,-0.36,-0.15,0.1,-0.12,0.06
S000000542,-1.25,-2.94,-1.74,-1.56,-0.86,-0.34,0.33,0.04,0.14,0.2
S000000545,1.18,1.74,2.57,-0.74,1.01,0.96,1.45,1.29,1.55,1.66
S000000547,1.04,1.54,1.67,0.78,0.82,1.38,0.97,1.16,1.0,1.31
S000000551,-0.12,0.18,-0.76,2.05,-0.51,-0.23,-0.15,-0.45,-0.29,-0.17
S000000559,0.48,-2.84,-1.69,-1.24,-0.54,-0.42,-0.47,-0.47,-0.36,-0.74
S000000562,0.77,0.91,1.37,1.91,1.21,0.61,-0.27,-0.22,-0.18,-0.25
S000000564,-0.89,-2.4,-2.18,-2.05,-0.89,-0.4,-0.51,-0.54,-0.43,-0.64
S000000579,-0.04,1.73,-0.12,-0.83,-0.38,0.43,-0.71,0.06,-0.3,-0.3
S000000594,0.43,0.5,0.78,0.51,-1.31,0.31,0.47,1.68,0.31,0.15
S000000595,0.57,0.86,0.69,1.56,0.29,0.16,0.2,-0.27,-0.1,0.12
S000000600,0.66,1.82,1.11,0.79,0.59,0.64,0.57,-0.03,0.43,0.89
S000000609,-0.58,-1.6,-1.69,-0.65,-0.79,-0.43,-0.12,0.14,-0.15,-0.03
S000000620,0.04,-2.47,-0.86,-0.03,-1.74,-0.56,0.18,0.59,0.12,0.33
S000000630,-0.84,-1.47,-1.56,-0.42,-1.12,-0.71,-0.32,-0.07,-0.18,-0.09
S000000642,-0.67,-1.6,-0.74,-0.76,-0.97,-0.03,-0.04,-0.1,-0.01,0.2
S000000653,-1.4,-0.89,-2.94,-0.67,-0.79,-0.92,-0.58,-0.27,-0.74,-0.64
S000000662,2.63,0.7,0.78,-1.15,0.11,0.25,-0.17,-0.43,-0.09,-0.25
S000000668,-1.89,-2.32,-1.56,-1.06,-0.3,-0.3,-0.71,-0.45,-0.58,-0.92
S000000687,0.34,0.67,1.67,2.71,0.5,0.53,0.73,-0.2,0.45,0.61
S000000695,-0.64,-0.12,1.66,-1.0,0.51,0.72,0.45,-0.09,0.48,0.39
S000000696,0.24,0.64,0.77,-3.32,0.33,0.08,-0.06,-0.6,-0.06,0.19
S000000698,0.31,0.37,1.7,-0.45,0.23,0.0,0.08,-0.67,-0.29,0.03
S000000699,3.61,3.93,2.19,-1.22,0.24,0.81,0.33,-0.23,0.16,0.37
S000000703,1.23,1.56,0.7,0.4,0.12,0.12,0.2,0.5,0.07,0.2
S000002168,-0.43,0.11,0.0,2.37,-0.04,-0.1,0.03,-0.14,-0.04,-0.06
S000002169,-0.49,-0.01,-0.14,-2.0,-0.27,-0.06,-0.2,-0.3,-0.04,-0.06
S000002176,0.15,1.91,0.64,-0.32,0.52,0.62,0.21,0.0,0.44,0.29
S000002179,0.1,0.0,6.13,0.31,3.03,2.49,1.36,1.33,0.48,1.19
S000002180,0.92,0.72,1.74,-0.58,0.82,0.92,0.34,0.2,0.38,0.6
S000002184,0.65,1.46,1.81,1.37,0.76,0.53,-0.03,-0.12,0.45,-0.18
S000002185,1.01,1.43,1.87,2.01,0.99,0.93,0.12,0.12,0.1,-0.15
S000002187,0.75,0.52,1.67,0.97,0.91,0.5,-0.34,-0.07,-0.43,-0.67
S000006430,0.09,1.34,0.89,1.7,0.53,0.34,0.12,0.08,0.11,0.04
S000002209,-0.79,-1.84,-1.89,-1.12,-0.71,-0.29,-0.01,-0.32,0.03,0.08
S000002220,-0.54,-2.94,-2.4,-0.15,-0.79,-0.27,0.15,-0.43,0.04,0.18
S000002221,-1.06,-3.47,-2.4,-0.43,-0.64,-0.17,0.06,-0.34,-0.06,-0.15
S000002243,-1.47,-1.47,0.1,0.46,-0.22,1.74,0.0,0.97,-0.01,0.26
S000002254,-0.15,-1.6,-0.49,-0.18,-0.58,0.01,0.0,0.33,-0.15,0.14
S000002263,-0.15,-1.84,-1.09,0.53,-0.32,-0.23,-0.06,-0.07,-0.3,-0.12
S000002283,0.97,0.53,0.82,5.25,0.34,0.1,-0.43,-0.36,-0.1,-0.32
S000002284,0.75,1.34,1.69,1.08,1.29,0.67,0.08,-0.04,0.06,-0.36
S000002289,1.99,1.33,1.82,0.9,1.79,1.47,0.85,1.13,0.87,0.51
S000002290,0.43,1.14,1.73,0.11,0.44,0.41,0.04,-0.12,0.01,-0.45
S000002297,2.58,-0.69,0.04,0.12,-0.27,0.15,-0.18,0.2,-0.03,-0.25
S000002307,-1.18,-2.94,-1.89,2.7,-0.6,-0.17,0.18,-0.47,0.14,0.07
S000002309,-1.32,-2.47,-1.51,-1.56,-0.71,-0.69,-0.15,-0.58,-0.14,-0.07
S000002320,-0.01,0.46,0.24,-1.69,0.28,0.46,0.19,-0.22,0.0,0.18
S000002323,0.18,-0.47,-0.22,-1.6,0.37,0.04,0.26,-0.45,0.24,0.1
S000002328,-0.38,0.61,2.52,-0.23,1.49,0.9,0.88,0.97,0.84,0.99
S000002332,-0.12,-0.71,-0.17,-2.12,-0.71,-0.64,-0.18,0.44,-0.3,-0.03
S000002341,1.64,1.62,1.53,1.07,1.09,1.13,0.98,1.51,1.13,1.07
S000002347,-0.86,-0.74,-0.86,5.73,-0.69,-0.27,-0.04,0.19,-0.06,-0.1
S000002374,0.23,1.77,1.18,0.49,1.26,0.66,0.7,0.84,0.45,0.4
S000002381,1.24,1.74,0.71,0.73,0.48,0.31,0.33,-0.18,0.04,-0.54
S000002382,0.53,-0.54,-5.64,0.23,-0.01,1.1,-0.43,-0.2,-0.09,-0.84
S000002402,1.16,1.76,2.49,1.68,1.22,1.97,0.87,0.68,0.68,0.56
S000002406,-0.51,-0.07,1.58,0.26,0.03,0.28,0.41,0.14,0.42,0.48
S000002408,1.12,1.66,2.18,0.5,1.53,1.79,1.23,1.07,0.97,1.1
S000002410,1.52,1.18,1.59,0.43,0.75,0.71,0.39,0.26,0.36,0.46
S000002422,-0.32,2.03,-0.76,-1.06,0.68,0.11,0.46,0.31,0.28,1.03
S000002425,-0.14,0.83,1.91,-0.04,0.33,0.41,0.28,0.48,0.64,0.24
S000002426,-0.43,-0.1,0.69,-0.23,1.28,1.36,1.24,1.76,1.13,1.19
S000002429,0.07,1.12,0.92,1.51,0.28,0.2,0.32,0.33,0.4,0.37
S000002431,-0.62,-1.56,-0.94,-1.44,-1.32,-0.49,-0.32,-0.06,-0.12,-0.12
S000002438,0.7,0.86,1.67,2.26,1.51,0.97,0.58,0.49,-0.17,0.66
S000002439,0.81,0.44,1.71,0.98,1.1,0.79,1.34,1.18,0.86,0.93
S000002447,0.24,1.92,0.48,-0.01,-0.04,-1.75,0.09,0.23,0.24,0.24
S000002450,-0.03,0.32,2.32,0.43,0.07,0.08,0.0,0.03,0.12,0.25
S000002454,-0.6,-1.84,0.14,-0.15,-0.45,0.03,0.41,-0.38,-0.42,-0.12
S000002460,-0.76,-1.89,-0.42,-0.39,-0.64,-0.4,-0.32,-0.23,-0.4,-0.17
S000002465,-0.43,0.52,2.19,0.21,0.85,0.85,0.41,0.28,0.31,0.48
S000002466,-0.03,-0.1,0.65,0.12,1.78,0.98,0.29,0.1,-0.09,0.14
S000002476,2.27,1.48,1.46,0.39,0.62,0.58,-0.15,-0.14,-0.09,-0.22
S000002477,0.55,1.07,2.31,3.08,2.21,2.51,0.7,0.92,0.83,0.26
S000002481,0.24,3.1,3.13,1.92,2.08,1.18,0.62,0.78,0.59,0.45
S000002490,-1.22,-2.64,-1.94,-1.47,-0.34,-0.3,-0.56,-0.69,-0.51,-0.89
S000002492,0.11,1.63,1.99,0.33,2.18,0.96,0.0,0.14,-0.18,-0.15
S000002498,-0.94,-1.51,-1.47,-0.15,-0.74,-0.4,-0.06,-0.69,0.0,0.01
S000002503,1.08,1.78,1.04,0.83,0.29,0.43,0.37,0.44,0.37,0.58
S000002504,-0.74,-1.79,-0.47,-0.29,0.18,0.08,0.14,-0.14,0.07,0.0
S000002507,0.55,1.66,1.24,1.37,0.3,0.15,0.31,-0.25,0.33,0.18
S000002509,0.19,1.59,0.57,-0.45,0.16,0.1,0.18,-0.47,-0.12,0.1
S000002518,-0.23,-2.0,-0.64,-1.12,-0.29,-0.38,-0.36,-0.27,-0.22,-0.03
S000002525,0.31,-0.15,0.04,2.71,-0.25,-0.25,-0.03,0.38,0.07,0.37
S000002527,-1.0,-2.56,-2.74,0.79,-1.09,-0.74,-0.23,0.15,-0.22,-0.22
S000002539,4.59,3.62,2.68,1.98,0.84,0.63,0.32,0.86,0.2,0.56
S000002550,-0.92,-1.74,-0.25,0.19,-0.86,-0.58,-0.43,-0.49,-0.54,-0.3
S000002553,-1.06,-1.6,-1.22,-0.15,-1.15,-0.94,-0.22,-0.04,-0.34,-0.01
S000002554,-1.0,-1.84,-0.92,-0.15,-0.74,-0.49,-0.45,-0.49,-0.76,-0.42
S000002556,-1.0,-1.15,-0.56,-2.32,-0.76,-0.56,-0.2,-0.58,-0.58,-0.17
S000002563,-0.92,-2.84,-0.64,-0.54,-0.94,-0.64,-0.45,-0.18,-0.03,-0.14
S000002588,-3.84,0.06,-0.12,-0.06,0.19,1.66,-0.45,0.86,0.58,-0.74
S000002610,0.85,1.64,1.22,0.98,0.52,0.34,0.44,-0.18,0.26,0.32
S000002612,0.48,1.49,0.39,-0.4,-0.03,0.81,0.62,-0.03,0.32,0.5
S000002627,0.26,0.23,0.21,3.02,-0.38,-0.29,-0.1,0.04,-0.43,-0.03
S000002632,-1.47,-2.06,-1.29,-0.76,-0.62,-0.47,-0.22,-0.22,-0.18,0.18
S000002633,-1.94,-2.12,-1.64,-1.36,-1.06,-0.62,-0.38,-0.38,-0.01,-0.07
S000002640,-0.84,-1.15,-1.06,-0.53,-0.6,-2.11,-0.06,0.12,0.16,0.25
S000002642,-0.36,-2.4,-1.89,-0.32,-0.32,-0.27,0.5,0.91,0.43,0.25
S000002694,0.82,1.34,1.07,1.73,0.6,0.7,0.74,0.0,0.8,-0.1
S000002703,-0.87,-2.77,0.18,1.88,-0.2,-0.52,-0.64,-0.07,-0.54,-0.99
S000002707,-1.69,-2.4,-1.47,-0.49,-0.47,-0.14,-0.03,-0.34,-0.06,-0.01
S000002717,-1.12,-0.76,-1.09,3.61,-0.89,-0.47,-0.49,0.01,-0.22,-0.2
S000002720,-1.4,-1.43,-1.84,-1.05,-0.43,-0.15,0.25,0.23,0.21,0.18
S000002721,0.43,-5.06,0.29,0.32,0.34,0.39,0.34,0.51,0.26,0.31
S000002732,-1.47,-2.18,-1.79,-0.42,-0.97,-0.71,-0.36,0.16,-0.34,-0.29
S000002745,-0.4,-0.18,-0.03,-1.64,-0.1,0.06,-0.09,-0.32,-0.03,0.32
S000002746,-0.17,-0.07,-1.69,0.03,-0.38,-0.54,-0.18,0.06,-0.36,-0.2
S000002753,-2.0,-1.69,-1.09,-0.54,0.4,0.16,0.2,-0.12,0.16,0.4
S000002757,-1.32,-0.62,-0.6,2.04,0.25,-0.29,0.01,-0.34,-0.32,-0.1
S000002758,0.5,1.5,0.93,0.61,0.03,0.19,0.01,-0.06,-0.1,0.15
S000002766,-0.03,2.0,2.01,0.87,1.36,1.25,0.58,0.11,0.2,0.15
S000002769,-0.69,-2.0,-1.47,-0.89,-0.54,-0.27,-0.45,-0.47,-0.38,-0.84
S000002782,1.82,0.54,0.32,0.12,0.24,0.2,-0.14,-0.34,0.15,-0.71
S000002786,0.36,0.58,0.18,1.5,-0.07,0.18,0.34,-0.47,0.46,0.29
S000002806,-1.36,-2.18,-1.79,-0.62,-1.06,-0.6,-0.2,-0.6,-0.12,0.04
S000002807,-1.09,-1.74,-0.92,-1.0,-0.36,-0.22,0.25,0.07,0.62,0.68
S000002811,0.12,0.82,1.96,0.18,0.51,0.44,0.34,0.28,0.61,0.46
S000002813,0.93,-2.25,0.01,0.21,-0.38,-0.17,-0.14,0.34,-0.06,0.25
S000002820,-1.47,-1.56,-2.12,-1.56,-0.86,-0.6,-0.15,0.12,-0.14,-0.14
S000002821,-1.56,-2.47,-2.25,-1.4,-0.94,-0.58,-0.23,0.12,-0.23,-0.27
S000002839,-0.2,-1.79,-0.89,0.24,-0.56,-0.07,-0.06,-0.49,-0.12,0.07
S000002845,-1.09,-2.12,-0.27,-0.18,-0.71,-0.56,-0.07,-0.32,-0.25,-0.18
S000002850,-3.06,-2.56,-0.67,-0.58,-0.22,0.28,-0.12,-0.18,-0.01,0.01
S000002852,-0.56,-1.94,-0.69,-0.36,-0.51,-0.3,-0.3,-0.54,-0.56,-0.15
S000002854,-0.67,-1.51,-0.76,-0.6,-1.32,-0.56,-0.56,-0.29,-0.17,-0.15
S000002858,1.1,-0.89,-0.94,-1.6,-0.64,-0.43,-0.42,-0.4,-0.03,-0.4
S000002861,3.9,4.2,4.69,3.98,4.97,4.18,2.68,2.35,2.2,2.07
S000002865,-4.06,0.26,-0.27,0.19,0.0,-0.11,-0.41,-0.42,-0.14,-0.57
S000002873,-0.34,-2.06,-1.43,-0.51,0.1,-0.07,-0.54,-0.45,-0.43,-0.76
S000002895,2.16,1.82,1.38,-0.03,0.68,0.94,0.16,-0.25,0.06,0.12
S000002900,-1.51,-1.69,-1.4,-0.62,-0.18,0.31,0.32,-0.34,-0.18,-0.06
S000002902,0.82,1.89,0.71,0.08,0.43,0.53,0.52,-0.03,0.55,0.67
S000002904,-1.69,-2.36,-2.47,-0.69,-0.42,-0.62,-0.27,-0.43,-0.51,-0.15
S000002906,-1.09,-0.74,-1.51,0.67,-0.3,-0.12,-0.06,0.21,-0.04,0.06
S000002920,1.3,1.77,2.01,0.26,0.82,0.65,0.77,1.11,0.96,1.04
S000002921,2.89,3.56,3.64,2.22,2.56,1.81,1.16,1.21,-0.3,1.58
S000002924,0.77,1.8,2.1,0.25,0.89,0.87,0.61,0.75,0.45,0.88
S000002934,-0.86,-2.32,-1.36,0.06,-0.56,-0.49,-0.25,-0.2,-0.2,-0.12
S000002935,-1.43,-1.51,-0.79,-0.17,-0.79,-0.45,-0.49,-0.58,-0.64,-0.29
S000002944,-1.06,-1.51,2.13,-0.15,0.2,0.15,-0.12,-0.36,0.1,-0.09
S000000731,0.99,1.09,1.17,2.37,0.63,0.33,-0.15,0.21,0.07,-0.58
S000000737,0.62,1.25,0.99,1.95,1.32,0.89,0.26,0.07,0.37,-0.14
S000000747,-0.81,-1.89,-1.22,-1.94,-1.09,-0.36,-0.49,-0.76,-0.94,-0.92
S000000780,-0.51,-1.56,-1.69,-0.76,-0.89,-0.71,-0.07,0.15,0.29,0.16
S000000782,-0.12,-0.64,-0.84,1.75,-0.49,-0.49,-0.22,0.18,-0.09,0.01
S000000791,0.9,1.19,1.72,-0.03,0.12,0.36,0.64,0.46,-0.36,-0.56
S000000794,-0.29,-1.94,-0.23,-0.45,-0.07,-0.14,0.1,0.3,0.08,0.03
S000002955,-0.06,-0.64,-0.51,-0.89,-0.4,-0.29,0.24,0.57,0.55,-1.79
S000000804,-1.07,-1.5,-0.91,-1.56,-0.7,-0.4,-0.28,-0.08,0.06,-0.12
S000000808,-1.4,-2.74,-2.4,-1.36,-0.89,-0.67,-0.32,-0.34,-0.56,-0.4
S000000814,0.56,0.54,1.04,1.96,1.22,0.34,-0.06,-0.45,-0.18,-0.07
S000000823,1.01,1.43,1.79,1.64,0.75,0.38,-0.42,-0.49,-0.36,-0.47
S000000838,-0.76,-1.94,-0.92,-0.64,-0.43,-0.29,-0.54,-0.29,-0.3,-0.67
S000000846,-0.17,-0.34,-0.1,1.58,-0.06,0.14,0.21,-0.51,0.07,-0.04
S000000855,1.96,2.68,2.81,1.85,1.61,1.11,0.82,0.33,0.78,1.32
S000002959,2.81,4.44,4.05,1.74,2.52,2.6,1.25,0.57,0.38,0.25
S000000876,-0.79,-1.6,-1.94,-1.31,-1.32,-1.0,-0.2,-0.06,-0.04,-0.17
S000000881,1.7,2.12,2.42,2.52,1.48,0.94,0.75,0.69,-0.47,0.4
S000000884,-1.47,-1.64,-2.18,0.71,-1.03,-0.6,-0.34,0.03,-0.51,-0.34
S000000888,0.3,-0.25,-0.47,2.39,-0.15,-0.2,-0.06,0.37,-0.06,0.1
S000000893,-1.29,-1.6,-1.6,-0.81,-0.84,-0.81,-0.45,0.76,-0.03,-0.3
S000000904,-0.84,-1.69,-1.51,-1.02,-0.79,-0.62,-0.4,-0.43,-0.06,-0.01
S000000906,-3.06,-0.94,-0.64,-0.04,-0.54,-0.15,-0.09,-0.18,-0.23,-0.14
S000000908,-2.25,-0.62,-0.94,0.3,-0.38,-0.09,-0.2,-0.25,-0.92,0.23
S000000912,-1.43,-1.6,-2.94,-1.27,-0.62,-0.69,-0.27,-0.38,-0.47,-0.32
S000000917,1.51,-0.64,0.01,-0.25,-0.2,-0.18,-0.62,-0.32,-0.54,-0.79
S000000920,-0.71,-1.25,-0.79,-1.64,-0.17,-0.07,-0.36,-0.34,-0.27,-0.81
S000000921,1.74,-0.23,1.74,0.49,0.37,0.87,0.1,-0.12,0.2,-0.29
S000000926,0.16,0.16,0.23,-0.2,-0.51,-0.84,-1.69,-1.36,-0.67,-0.94
S000000929,-1.69,-2.47,-1.4,-0.34,-0.38,-0.17,-0.42,-0.3,-0.22,-0.6
S000000938,0.25,0.81,0.8,2.17,0.46,0.2,0.34,-0.27,0.16,0.3
S000000941,0.69,1.15,0.82,1.56,0.23,0.45,0.58,-0.32,0.42,0.48
S000000943,0.9,1.7,1.03,0.51,0.5,0.43,0.67,-0.32,0.57,0.64
S000000944,1.28,2.3,2.2,2.19,1.34,1.0,0.8,-0.07,0.46,0.55
S000000945,0.99,2.04,1.46,0.99,0.5,0.45,0.68,-0.12,0.32,0.45
S000000952,0.38,1.08,2.07,0.43,1.98,1.77,0.44,0.3,0.25,1.24
S000000955,-0.21,-0.8,-1.36,2.32,-0.56,-0.45,0.01,-0.07,-0.12,0.06
S000000958,-0.32,-1.15,-0.79,-1.69,-0.03,-0.69,-0.38,-0.58,-0.54,-0.2
S000000964,0.1,-0.69,-0.18,2.94,0.24,0.21,0.15,0.42,-0.15,0.28
S000000970,-1.12,-0.51,-0.38,3.64,-0.47,-0.25,-0.17,0.26,-0.1,-0.04
S000000977,1.09,1.47,2.11,0.2,1.24,1.07,0.62,0.69,0.01,0.44
S000000983,-0.22,-5.64,-0.6,-0.4,-0.64,-0.29,0.61,0.77,0.08,0.5
S000001894,-1.03,-1.56,-0.54,-0.03,-0.58,-0.36,-0.34,-0.56,-0.54,-0.38
S000001885,-0.67,0.32,1.62,-0.18,-0.03,-0.04,-0.18,-0.32,-0.25,-0.2
S000001883,-1.47,-0.81,-2.18,-0.01,-0.1,-0.17,-0.23,-0.27,-0.34,-0.32
S000001880,0.94,4.82,6.3,5.44,5.62,5.2,3.62,3.12,2.9,2.8
S000001878,1.77,1.07,1.57,1.06,0.65,0.4,-0.2,-0.22,-0.23,-0.42
S000001871,-1.79,-2.0,-1.29,-0.79,-0.43,-0.4,-0.45,-0.43,-0.56,-0.84
S000001853,0.36,0.24,0.76,2.07,0.4,0.33,0.51,0.12,0.37,0.26
S000001852,0.75,1.84,1.39,0.59,0.84,0.97,0.8,-0.14,0.44,0.55
S000001844,-0.82,0.61,-1.57,-0.86,0.14,0.6,0.07,-0.13,0.05,0.12
S000001842,-0.42,0.94,-2.06,-0.42,-0.45,1.14,0.6,0.08,0.73,0.81
S000001840,0.9,1.0,0.52,-0.2,0.7,2.62,0.92,0.25,0.88,0.89
S000001837,1.85,1.8,3.48,-0.1,1.32,1.52,0.79,0.78,0.57,0.64
S000001836,0.41,1.53,-0.03,-0.58,0.76,1.76,1.26,0.64,1.06,0.88
S000001828,-0.4,-0.12,-0.07,3.82,-0.69,-0.54,0.48,0.59,0.5,0.39
S000001899,0.84,0.7,1.65,1.79,0.56,0.49,0.29,0.4,0.29,0.28
S000001918,-0.09,-2.0,-0.2,-0.15,-0.29,0.37,0.42,0.11,0.01,0.16
S000001920,0.43,0.16,0.54,3.48,0.18,0.15,0.18,0.04,-0.12,0.0
S000002968,0.91,1.72,0.65,0.53,0.59,0.51,-0.01,-0.07,-0.32,-0.47
S000001928,-0.56,-0.03,-2.06,-0.56,-0.62,-0.84,-0.3,-0.09,-1.79,-0.4
S000001936,0.34,-1.94,1.58,-0.08,0.61,0.33,-0.26,0.07,-0.32,-0.32
S000001938,1.54,1.27,1.15,1.28,0.52,0.5,-0.09,-0.3,-0.15,-0.54
S000001949,1.11,2.63,3.15,2.56,3.07,2.27,1.1,1.06,1.29,1.13
S000002978,1.09,1.04,1.25,1.87,0.29,0.06,0.37,-0.54,0.43,0.23
S000002989,-0.79,-3.18,-1.12,-0.92,-0.89,-0.62,-0.01,-0.22,-0.2,0.15
S000002997,-1.89,-2.06,-2.18,-1.18,-0.89,-0.42,0.03,-0.34,-0.06,-0.12
S000003009,0.34,0.53,0.65,3.28,0.07,0.07,0.04,0.39,0.11,0.26
S000003013,-0.54,0.08,0.3,-0.18,0.25,0.11,0.07,0.39,-2.0,0.04
S000003017,-0.49,-0.38,0.04,-0.74,-0.29,-0.43,-0.36,0.26,-1.56,-0.18
S000003023,-2.47,-2.64,-1.51,-0.58,0.94,1.32,1.47,0.89,-0.45,0.1
S000003024,-0.92,-1.56,-1.15,-0.69,-0.32,-0.76,-0.15,0.25,-0.01,-0.15
S000003027,1.73,1.32,1.53,2.12,0.43,0.39,-0.03,0.08,-0.18,0.25
S000003043,-1.51,-1.64,-0.67,-0.06,-0.04,-0.56,-0.06,-0.56,-0.14,-0.17
S000003044,-0.62,-1.18,-1.6,-1.03,-1.22,-0.67,-0.32,-0.38,-0.12,-0.25
S000003045,-3.32,-1.18,-1.15,-0.42,-0.54,-0.6,-0.29,-0.71,-0.34,-0.36
S000003046,-1.79,-3.32,-2.56,-1.25,-1.0,-0.79,-0.3,-0.36,-0.38,-0.32
S000003048,0.25,1.03,1.01,1.68,0.25,0.28,0.03,-0.32,0.1,-0.36
S000003056,2.96,0.86,0.51,-0.43,0.06,-0.18,0.04,-0.07,-0.04,-0.47
S000003067,-0.62,-1.51,-1.18,-1.4,-0.47,-0.4,-0.69,-0.3,-0.71,-0.84
S000003070,-0.23,-1.6,-0.97,-1.15,-0.79,-0.36,-0.45,-0.38,-0.03,-0.38
S000003079,-1.18,-2.64,-1.84,-1.18,-0.54,-0.4,-0.1,-0.29,-0.1,-0.17
S000003081,-0.92,-1.84,-0.36,-0.62,0.01,-0.15,0.06,-0.43,-0.04,-0.03
S000003082,1.61,1.67,1.46,0.23,0.07,0.2,0.6,-0.2,0.34,0.46
S000003084,-1.06,-4.06,-0.94,-1.25,-0.84,-0.84,0.01,-0.3,-0.04,0.16
S000003085,2.36,1.58,1.92,2.7,1.55,1.03,0.28,-0.12,-0.07,0.28
S000003088,-0.79,-1.94,-1.56,-1.74,-0.49,-0.49,-0.04,-0.47,-0.22,-0.07
S000003089,0.06,0.18,0.33,0.41,1.91,2.04,0.69,0.51,0.54,0.85
S000003106,-0.3,2.49,-1.06,-0.34,-1.29,-0.2,0.78,0.18,0.34,0.14
S000003115,-0.6,-1.64,-1.25,-1.22,-0.76,-0.49,-0.23,0.1,-0.49,-0.03
S000003124,-0.12,0.31,1.71,0.37,1.18,1.77,1.44,1.66,1.24,1.21
S000003137,-2.64,-1.79,-1.29,-0.43,-0.14,-0.36,-0.4,-0.47,-0.38,-0.36
S000003138,-1.06,-1.25,-4.32,-0.86,-1.4,-0.92,-0.74,-0.23,0.01,-0.49
S000003139,-2.25,-2.64,-2.56,-1.29,-0.81,-0.71,-0.36,-0.56,-0.6,-0.36
S000003148,0.36,2.11,2.55,0.59,1.32,1.06,0.11,0.37,0.15,-0.03
S000003150,-0.04,1.52,0.33,-0.45,-0.03,-0.04,-0.03,-0.17,-0.29,-0.58
S000003177,-0.83,-2.17,-0.53,0.04,-0.14,0.23,0.14,-0.09,0.08,0.36
S000003188,0.11,0.26,-1.56,-0.69,0.4,0.23,0.16,-0.29,0.16,0.25
S000003203,-0.76,-1.09,-1.69,-1.4,-0.6,-0.17,0.41,1.08,0.75,0.55
S000003227,1.58,-0.25,0.0,-0.97,0.42,0.39,0.54,0.57,0.41,0.53
S000003243,0.28,1.06,1.99,1.18,0.78,0.53,-0.04,0.0,-0.15,-0.34
S000003272,1.7,1.08,1.05,0.7,0.0,0.7,0.6,0.32,0.38,0.68
S000003277,0.26,1.32,-1.69,-0.25,-0.01,0.03,0.49,-0.25,0.18,0.3
S000003284,0.34,1.49,0.7,-0.09,1.43,0.49,0.31,-0.27,-0.51,0.91
S000003285,0.96,2.48,2.0,0.8,1.19,1.46,1.03,0.33,0.7,1.12
S000003301,-0.38,0.14,0.5,0.08,-0.3,2.37,0.23,0.16,0.43,0.08
S000003308,0.59,0.7,1.08,1.89,0.51,0.38,0.16,0.21,-0.74,0.23
S000003313,-0.97,-1.79,-1.15,-0.23,-0.67,-0.47,-0.3,-0.1,-0.18,-0.22
S000003314,-0.49,-4.06,-0.2,-0.27,-0.09,-0.1,-0.27,-0.4,-0.18,-0.03
S000003315,-0.97,-1.79,-1.09,-0.56,-0.71,-0.76,-0.47,-0.29,-0.56,-0.51
S000003328,-2.64,-2.12,-0.49,-0.84,-0.03,-0.74,-0.14,0.0,-0.2,0.04
S000003331,-0.64,-1.51,-0.58,-1.25,-0.54,-0.22,-0.2,-0.49,-0.18,-0.06
S000003340,-0.92,-1.6,-0.81,-0.67,-0.49,-0.23,-0.3,-0.38,-0.49,-0.49
S000003359,1.77,1.58,1.58,1.06,0.91,0.5,0.3,0.41,0.3,0.12
S000003360,-0.84,-2.18,-1.43,-0.81,-0.34,-0.17,-0.47,-0.3,-0.42,-0.74
S000003374,1.97,2.78,2.05,0.9,0.24,-0.09,-0.06,-0.51,-0.22,0.34
S000003377,-1.4,-2.4,-2.32,-1.47,-0.54,-0.38,0.18,-0.36,-0.01,0.07
S000003378,0.42,1.22,1.02,1.64,0.23,0.25,0.5,0.12,0.29,0.52
S000003381,0.96,1.25,1.49,1.6,0.82,0.65,0.51,0.07,0.6,0.63
S000003389,0.03,0.62,0.4,1.6,0.0,-0.17,0.28,0.59,0.36,0.24
S000003390,-1.22,-1.79,-1.18,-0.97,-0.42,-0.49,-0.2,0.19,-0.3,-0.1
S000003391,-2.64,-2.12,-2.94,-1.4,-0.74,-1.06,-0.27,0.04,-0.12,-0.11
S000003392,-2.84,-4.32,-2.94,-1.29,-0.94,-0.81,-0.47,-0.14,-0.47,-0.32
S000003394,-0.67,-1.64,-0.89,-0.41,-1.06,-0.42,-0.21,-0.14,-0.33,-0.01
S000003405,-0.92,-3.47,-1.29,-0.54,-0.42,-0.42,-0.1,0.11,-0.01,-0.01
S000003407,-1.6,-2.32,-1.79,-1.06,-0.58,-0.64,-0.4,-0.34,-0.54,-0.45
S000003409,-0.69,-1.51,-1.84,-0.47,-1.15,-1.06,-0.15,0.15,-0.06,0.01
S000003417,-0.89,-1.56,-1.43,-1.18,-0.62,-0.86,-0.36,0.14,-0.36,-0.04
S000003419,-1.18,-2.18,-1.94,-0.86,-1.12,-1.03,-0.32,0.07,-0.22,-0.1
S000003441,-0.09,3.41,3.58,2.56,3.08,3.07,1.9,1.77,1.96,1.65
S000003475,-0.07,0.59,3.17,-0.79,2.93,1.05,0.25,-0.4,0.42,0.7
S000003477,-1.47,-3.06,-3.47,-1.74,-1.06,-0.43,-0.04,-0.38,-0.18,-0.01
S000003483,-0.84,-1.29,-1.74,-1.18,-0.58,-0.67,-0.17,0.15,-0.14,-0.14
S000003488,0.75,-0.69,1.1,1.3,1.63,1.42,1.36,1.43,0.76,1.22
S000003490,1.58,0.88,0.96,0.63,0.46,0.3,0.03,0.48,-0.04,0.25
S000003504,-1.47,-2.4,-2.06,-0.49,-0.54,-0.54,-0.3,-0.07,-0.3,-0.42
S000003512,-2.18,-3.32,-3.18,-1.89,-1.51,-0.94,-0.58,-0.69,-0.56,-0.56
S000003515,-1.64,-2.25,-2.0,-0.84,-0.84,-0.79,-0.04,0.06,0.01,-0.22
S000003517,-1.06,-1.15,-1.79,-1.56,-0.94,-1.12,-0.43,-0.56,-0.58,-0.29
S000001013,2.12,2.07,1.87,1.24,1.33,1.69,1.04,0.83,0.82,0.77
S000001020,-0.45,-0.94,-1.22,-2.25,-1.18,-1.03,-0.76,-1.22,-1.18,-0.42
S000001025,-0.64,-1.18,-1.64,-1.0,-0.81,-0.15,0.06,-0.6,0.25,0.31
S000001027,1.31,2.53,2.12,0.4,0.58,0.23,0.36,-0.04,0.16,-0.07
S000001028,1.24,1.96,2.11,1.21,0.72,0.42,0.43,0.42,0.49,0.45
S000001029,0.5,-0.38,-1.79,-0.15,-0.27,-0.3,0.37,-0.25,0.46,0.16
S000001031,-0.2,-1.56,-0.97,-0.27,-0.74,-0.22,0.08,-0.41,-0.15,0.09
S000001032,1.59,1.74,1.36,0.21,0.91,0.5,0.62,0.03,0.01,0.03
S000001035,-0.34,0.77,1.71,-0.42,0.31,0.31,0.34,-0.06,0.29,0.21
S000001039,1.04,1.72,1.84,0.42,1.78,1.08,0.96,0.29,0.29,0.16
S000001044,-2.25,-0.04,-0.79,-0.09,-0.29,-0.2,-0.07,0.2,-0.12,0.26
S000001049,-1.09,-0.64,-1.9,-1.74,-0.08,-0.3,-0.17,-0.18,-0.12,-0.13
S000001050,0.98,3.09,1.65,1.13,0.7,1.06,1.18,1.86,1.38,1.42
S000001051,0.53,1.66,0.86,-0.67,0.24,-0.02,0.04,-0.06,0.04,0.13
S000001052,-1.12,-1.47,-1.89,-0.92,-0.94,-0.62,-0.27,0.0,0.01,0.04
S000001060,2.21,0.8,0.99,0.03,1.17,0.48,-0.36,-0.01,-0.27,-0.18
S000001066,-0.07,-2.25,0.31,0.63,0.07,0.18,-0.08,-0.27,-0.18,0.14
S000001069,0.42,0.62,0.67,-2.26,0.28,-0.1,-0.24,-0.21,-0.3,-0.22
S000001071,1.14,1.78,2.74,1.49,1.65,1.06,0.73,0.45,0.43,0.12
S000001072,0.02,1.86,0.3,0.05,0.91,0.79,0.25,-0.07,0.14,0.37
S000001073,-0.62,-0.86,-2.12,-0.26,-0.56,-0.56,-0.14,-0.22,-0.29,-0.29
S000001075,-0.48,0.15,-0.1,-2.17,-0.3,-0.06,0.01,0.32,-0.06,0.14
S000001087,-0.29,1.5,-0.52,-1.02,-0.07,-0.25,-0.05,0.18,-0.04,0.33
S000001094,0.6,-2.06,-1.56,-0.03,-0.58,-0.27,-0.45,-0.45,-0.18,-0.6
S000001108,-1.29,-2.25,-1.22,0.65,-0.25,0.07,-0.32,-0.3,-0.07,-0.49
S000001137,-1.15,-2.25,-0.69,-0.23,-0.15,0.49,-0.4,-0.2,-0.18,-0.1
S000001139,1.74,2.24,2.25,2.02,1.08,0.59,0.31,0.57,0.15,0.53
S000001143,-0.22,-2.12,0.59,1.02,0.04,0.04,0.28,0.23,0.33,0.42
S000001146,0.44,0.41,1.35,2.07,1.71,1.16,0.77,0.73,0.31,0.58
S000001149,-0.71,-0.3,-0.92,4.46,-0.43,-0.54,-0.36,-0.07,-0.51,-0.23
S000001153,0.31,0.63,2.02,-0.1,0.11,0.36,0.26,0.28,-0.04,0.28
S000001156,-0.1,-0.2,0.29,-0.25,0.19,-0.09,-0.06,0.15,3.09,-0.25
S000001174,-1.25,-1.51,-1.84,-0.01,-0.03,0.03,-0.22,-0.34,-0.47,-0.38
S000001180,0.85,1.77,2.37,3.23,1.7,0.7,0.61,0.39,0.37,0.3
S000001181,-0.71,-1.18,1.45,-0.36,1.62,1.0,0.33,-0.03,0.07,0.28
S000001182,-0.2,0.76,0.41,0.8,1.57,1.27,-1.69,0.48,0.48,0.4
S000001195,-0.16,-0.5,-0.52,-1.56,-0.21,-0.3,-0.06,0.03,0.53,0.01
S000001196,-0.2,-0.3,-0.63,-0.25,-0.23,0.18,-0.43,0.18,-0.21,-1.97
S000001205,-0.21,-0.15,0.03,-2.56,0.23,0.22,-0.4,-0.23,-0.23,-0.32
S000001209,-0.15,-0.59,-0.61,-1.56,-0.28,-0.17,0.18,-0.22,0.08,0.17
S000001212,-1.94,-2.53,-2.37,-1.89,-0.87,-0.18,-0.24,-0.17,-0.2,-0.16
S000001213,-0.38,-1.94,-1.79,-1.84,-0.84,-0.43,0.08,-0.25,0.17,0.01
S000001222,2.09,1.02,0.7,-0.54,1.27,-0.89,-0.67,-0.76,-0.76,-0.38
S000001228,0.18,3.16,-0.12,-0.81,-0.38,-0.56,-0.37,0.18,0.46,-0.23
S000001239,-1.46,-2.12,-1.61,-0.17,-0.89,-0.75,-0.12,0.11,0.05,-0.03
S000001240,-1.77,-3.27,-2.54,0.24,-0.85,-0.48,-0.1,-0.17,-0.14,-0.07
S000001242,1.67,0.7,1.15,0.69,-0.06,0.0,0.18,0.31,-0.07,0.03
S000001248,-0.71,-1.36,-0.85,-1.56,-0.45,-0.55,-0.2,0.12,-0.34,-0.28
S000001250,-0.7,-1.74,-1.22,-1.18,-0.67,-0.59,-0.24,-0.14,-0.08,-0.36
S000001251,0.28,-0.14,-0.61,3.1,-0.57,-0.45,-0.39,-0.26,-0.41,-0.24
S000001252,0.32,0.76,1.5,2.2,0.44,0.26,0.29,0.2,0.05,0.17
S000001265,-0.05,-0.13,-0.4,1.89,-0.24,-0.17,0.26,0.24,0.18,0.1
S000001281,0.64,-1.58,-1.66,-1.79,-0.58,-0.13,-0.03,-0.37,0.22,-0.5
S000001315,-1.18,-2.09,-1.86,-1.25,-0.44,-0.18,-0.05,-0.49,-0.06,-0.04
S000001319,-0.67,-1.56,-1.32,-0.49,-0.4,-0.17,0.36,0.37,-0.09,-0.14
S000001321,-0.75,-1.61,-0.23,-0.58,-0.36,0.14,0.49,0.37,0.26,0.32
S000001323,-0.28,-1.76,-0.69,-0.56,-0.34,-0.09,0.01,0.17,-0.01,0.15
S000001326,2.74,-0.17,-0.23,-2.64,0.04,0.12,0.04,-0.3,-0.74,0.12
S000001331,-1.03,-1.65,-1.95,-1.4,-1.3,-1.0,-0.39,-0.04,-0.08,-0.14
S000001341,-0.9,-2.64,-1.8,-0.97,-0.58,-0.5,-0.12,-0.24,-0.01,0.08
S000001344,-0.14,-1.52,-0.43,-0.79,-0.24,-0.18,0.01,-0.08,-0.08,0.09
S000001359,0.7,1.15,1.3,2.02,0.38,0.24,0.12,-0.13,0.07,0.09
S000001363,0.67,0.66,1.53,0.77,0.69,0.65,0.51,0.1,0.21,0.34
S000001370,-0.45,-2.1,-0.57,-0.79,-0.58,-0.4,-0.03,-0.02,-0.13,0.05
S000001372,-1.0,-1.49,-1.19,-0.92,-0.79,-0.49,-0.24,-0.38,-0.22,-0.2
S000001382,0.77,0.82,0.83,1.67,0.38,0.43,0.09,-0.19,0.32,-0.16
S000001398,0.88,1.81,1.26,0.96,0.74,0.84,1.03,0.93,0.91,0.39
S000001399,-0.8,-0.08,0.15,-0.89,0.29,0.13,-0.74,-0.23,-2.09,-0.69
S000001413,0.58,-0.03,-0.2,-1.6,0.01,0.1,-0.16,0.01,0.0,0.25
S000001420,-0.74,-1.64,-1.24,-0.97,-0.77,-0.41,0.06,0.19,0.01,0.32
S000001421,-0.08,0.81,0.06,-0.86,-1.84,0.31,0.16,0.29,0.18,0.29
S000001429,2.77,1.44,1.22,0.3,0.38,0.36,0.51,0.77,0.41,0.55
S000001476,1.16,0.96,1.08,0.98,1.69,1.49,0.61,0.27,0.64,0.18
S000001477,0.93,1.7,2.03,2.33,2.74,2.3,1.26,0.82,0.78,0.21
S000001478,0.36,0.81,0.9,0.83,1.7,1.51,0.62,0.48,0.69,0.22
S000001483,0.94,0.79,1.02,1.1,0.76,0.56,-0.13,1.54,0.46,-0.8
S000003547,-0.27,-0.32,-0.34,-2.25,-0.25,-0.2,-0.49,-0.23,-0.24,-0.56
S000003552,0.1,0.67,1.24,2.07,0.72,0.69,0.89,0.42,0.7,0.76
S000003553,0.01,0.85,1.15,2.16,0.59,0.47,0.33,0.35,0.19,0.32
S000003554,0.04,0.66,1.6,1.53,1.1,0.87,0.81,0.59,0.65,0.75
S000003563,-0.14,1.29,1.2,1.05,2.14,1.96,1.75,1.12,1.31,1.26
S000003565,0.32,0.43,0.31,-0.43,1.52,1.73,1.19,0.59,1.09,0.45
S000003568,1.23,1.49,1.44,0.45,0.44,0.42,0.24,0.26,0.21,0.43
S000003569,0.9,1.48,1.43,2.4,-0.68,0.56,0.39,-0.07,0.23,0.33
S000003570,-0.01,0.0,-0.06,-1.79,-0.39,-0.18,0.07,-0.03,0.08,0.12
S000003573,1.57,1.77,0.93,1.09,0.7,0.3,-0.03,0.01,-0.12,-0.45
S000003605,-2.12,-1.48,-2.08,-1.18,-0.84,-0.52,-0.32,-0.43,-0.45,-0.45
S000003624,0.56,1.89,1.83,2.01,1.58,1.35,0.37,0.37,0.46,-0.34
S000003638,0.89,0.41,1.79,0.93,0.82,0.4,-0.07,-0.15,-0.25,-0.07
S000003642,1.53,0.85,0.45,0.23,0.4,0.49,-0.04,0.07,0.07,-0.42
S000003645,-1.0,-2.1,-1.41,-0.25,-0.25,-0.33,-0.12,0.01,-0.18,-0.2
S000003652,0.08,-0.17,0.6,1.01,0.04,0.98,1.01,0.07,1.58,1.08
S000003658,-1.25,-3.18,-2.32,-1.6,-0.67,-0.38,0.11,-0.36,0.23,0.06
S000003661,-0.74,-0.94,-0.76,-1.69,-0.47,-0.15,-0.09,-0.49,-0.14,-0.01
S000003665,-0.38,-1.69,-0.56,-1.38,-0.23,-0.27,0.01,-0.42,-0.22,0.06
S000003672,-0.84,-1.22,-1.97,-1.5,-1.19,-0.99,-0.4,-0.32,-0.07,0.05
S000003684,-1.15,-2.25,-2.4,-1.18,-1.22,-0.69,-0.3,-0.2,-0.01,-0.15
S000003697,0.14,1.07,2.92,2.49,1.87,1.32,0.34,0.41,0.14,0.58
S000003709,0.29,0.34,0.49,1.71,0.33,0.21,0.0,-0.25,0.12,-0.06
S000003713,-0.92,-1.09,-1.79,-1.32,-0.54,-0.74,-0.29,-0.58,-0.23,-0.1
S000003724,1.85,-0.12,-0.45,0.39,-0.64,-0.36,-0.45,-0.43,0.0,-0.34
S000003734,-0.89,-2.25,-1.15,-0.51,-0.54,-0.3,-0.81,-0.64,-0.64,-0.92
S000003748,-0.23,2.03,-0.67,-0.23,0.23,-0.07,-0.12,-0.27,-0.06,-0.09
S000003755,-0.23,-1.51,0.06,0.5,0.6,0.76,0.16,-0.17,0.14,0.41
S000003762,-1.09,-1.86,-1.64,-0.35,-0.73,-0.54,-0.2,-0.5,-0.37,-0.1
S000003786,1.33,1.04,1.8,1.75,2.0,1.7,1.23,1.03,1.03,1.09
S000003802,-1.22,-2.12,-1.18,-0.74,-0.67,-0.56,-0.2,-0.07,-0.15,-0.12
S000003805,0.38,1.46,0.9,1.87,0.68,0.25,0.26,-0.22,0.08,0.03
S000003807,-0.4,0.15,-0.86,0.08,-0.29,-2.74,-0.54,-0.67,-0.54,-0.43
S000003809,2.58,2.09,1.73,1.05,2.05,1.61,1.39,1.46,1.66,1.78
S000003818,1.61,0.42,0.38,-0.97,0.19,0.3,-0.15,-0.12,0.3,-0.4
S000003824,0.07,-1.74,-1.18,0.68,-0.69,-0.07,-0.32,-0.29,-0.32,-0.74
S000003831,-0.89,-2.47,-2.12,-1.29,-0.84,-0.6,-0.92,-0.38,-0.43,-1.03
S000003832,-0.22,-1.56,-0.97,0.45,-0.67,-0.32,-0.69,-0.3,-0.6,-0.79
S000003843,-0.51,-1.74,-0.2,1.2,0.25,-0.1,0.18,-0.3,-0.15,0.24
S000003852,-0.54,-0.94,-1.69,-0.5,-0.79,-0.42,0.2,-0.17,0.06,0.44
S000003857,0.44,0.93,2.2,0.42,2.24,2.02,1.38,0.62,0.81,0.83
S000003858,-0.89,-1.79,-1.4,-0.76,-0.15,0.11,0.24,0.06,0.24,0.21
S000003860,-0.23,0.32,0.25,1.49,0.78,0.43,0.36,-0.06,0.28,0.46
S000003865,2.05,2.24,2.15,-0.07,1.11,0.8,1.55,1.77,1.84,1.77
S000003867,0.5,1.6,0.94,0.1,0.58,0.3,0.37,0.78,0.44,0.44
S000003868,-0.25,0.58,0.66,1.55,-0.01,-0.1,0.32,0.39,0.07,0.41
S000003870,2.52,0.62,1.04,0.88,1.2,0.71,0.08,0.58,-0.25,0.03
S000003873,-0.67,0.71,-2.18,0.4,-0.81,-1.36,-0.45,0.04,-0.18,0.04
S000003884,-1.0,-1.36,-1.51,-0.81,-0.62,-0.58,-0.29,-0.09,-0.25,-0.29
S000003890,-0.84,-0.15,-1.6,0.37,-0.58,-0.47,-0.29,-0.38,-0.43,-0.45
S000003891,0.54,1.24,1.6,-0.14,0.48,0.15,0.12,0.36,-0.22,-0.01
S000003905,-0.58,-1.56,-0.03,-0.2,-0.54,-0.07,-0.09,-0.36,0.11,-0.09
S000003908,-0.3,-1.51,-1.79,0.82,-1.06,-1.0,-0.58,-0.43,-0.14,-0.36
S000003916,1.85,1.38,1.14,0.79,1.41,1.65,0.73,0.86,0.64,0.48
S000001492,-0.86,-2.0,-1.6,-0.81,-0.74,-0.4,-0.4,-0.32,-0.23,-0.56
S000001497,0.12,-0.48,-0.56,-1.52,-0.21,-0.13,-0.04,-0.1,-0.2,-0.3
S000001504,-0.79,-1.79,-1.29,-1.25,-0.6,-0.22,0.34,-0.51,0.15,0.11
S000001509,1.19,2.82,2.71,1.43,1.72,1.63,0.67,0.39,0.56,1.25
S000001513,-1.06,-1.64,-1.4,-1.29,0.01,-0.15,0.23,-0.01,-0.07,-0.1
S000001518,0.65,2.43,1.91,1.15,0.41,0.06,0.31,0.44,0.29,0.83
S000001519,0.48,-0.22,1.55,1.4,0.06,-0.14,-0.14,0.28,-0.2,0.24
S000001520,-0.4,0.52,0.73,-1.89,0.36,-0.15,0.41,1.42,0.82,0.85
S000001526,0.31,-0.47,-1.43,-2.64,-1.51,-1.0,-0.86,-0.56,-0.92,-0.62
S000001533,-1.84,0.2,-0.3,-1.0,0.24,-0.15,-0.07,0.37,-0.25,0.06
S000001548,0.24,1.83,1.75,1.98,0.95,0.76,0.49,0.21,0.33,0.42
S000001554,2.64,5.36,4.95,3.54,2.48,2.03,0.75,0.46,0.31,0.53
S000001561,-1.74,-4.32,-2.06,-1.25,-0.67,-0.79,-0.42,-0.23,-0.54,-0.62
S000001564,-0.62,-0.79,-1.51,-1.18,-1.47,-1.0,-0.54,-0.67,-0.2,-0.45
S000001565,-2.0,-3.06,-2.32,-1.64,-0.94,-1.03,-0.47,-0.64,-0.74,-0.58
S000001570,0.82,1.79,1.48,0.57,0.84,1.62,0.84,0.79,1.05,0.67
S000001573,0.23,0.32,0.69,-2.56,0.29,0.16,-0.17,0.01,-0.22,-0.42
S000001574,0.34,1.67,2.4,0.99,1.74,1.26,0.43,0.3,0.42,-0.14
S000001579,0.0,2.08,1.06,-0.89,1.21,0.58,-0.47,-0.56,-0.38,-0.3
S000001582,-0.84,-2.12,-1.94,-1.15,-0.4,0.12,-0.51,-0.06,-0.17,-0.49
S000001583,1.6,1.56,1.73,1.48,0.86,0.52,0.2,0.1,0.06,-0.27
S000001586,3.89,4.61,4.45,2.24,2.89,2.53,1.09,1.27,0.82,0.49
S000001593,-0.38,-1.69,-1.43,-0.92,-0.43,-0.22,0.24,-0.43,0.21,0.1
S000001604,0.86,1.68,0.6,-0.54,0.61,0.43,0.38,0.44,0.16,0.7
S000001620,0.07,0.18,0.72,2.29,0.53,0.24,0.3,0.24,0.3,0.58
S000001625,1.04,1.78,2.32,0.78,1.45,0.96,0.82,0.63,0.42,0.57
S000001633,0.04,0.71,1.58,-0.23,1.65,1.29,0.99,1.02,1.04,1.17
S000028807,-0.12,-0.64,-0.09,-1.79,0.14,-0.17,0.19,0.42,0.1,0.23
S000001650,0.87,1.36,0.93,1.7,0.56,0.2,0.1,-0.22,0.12,0.21
S000001651,0.64,0.25,1.57,-1.43,0.28,-0.04,-0.1,0.08,0.0,0.04
S000001655,-1.4,-2.25,-2.0,-1.03,-0.92,-0.54,-0.14,-0.38,-0.15,-0.14
S000001671,0.88,1.94,1.48,2.12,0.72,0.57,0.26,-0.2,0.07,-0.3
S000001674,-0.45,-2.12,-1.64,-1.0,-0.29,-0.06,-0.67,-0.18,-0.69,-0.74
S000001678,0.79,1.96,1.55,0.54,0.3,0.77,0.0,0.14,-0.22,0.21
S000001682,0.7,0.66,4.6,-1.03,0.07,0.72,1.01,-0.09,-1.06,0.34
S000001686,-0.02,2.26,1.67,-0.61,0.54,0.42,0.08,0.08,0.23,0.21
S000001691,-0.67,0.58,0.49,2.43,0.45,0.42,0.67,-0.38,0.5,0.33
S000001698,1.51,-1.24,-0.45,-0.32,-0.15,-0.16,-0.03,-0.01,-0.03,-0.01
S000001699,-0.69,-1.84,-2.4,-1.12,-1.84,-0.71,0.2,-0.74,-0.47,-0.15
S000001700,-1.0,-0.2,0.31,-1.64,-0.04,0.31,0.16,-0.01,-0.38,0.03
S000001704,-1.74,0.32,1.69,-1.12,0.43,0.11,-0.34,-0.15,-0.07,-0.4
S000001706,-1.12,3.04,1.13,-1.84,0.34,0.28,0.45,0.1,-0.07,0.44
S000001713,1.07,0.1,0.98,2.94,0.18,-0.06,-0.18,0.57,0.28,0.25
S000001717,0.31,1.37,1.84,1.44,0.18,0.21,0.24,0.44,0.21,0.31
S000001719,2.28,2.83,2.61,1.5,1.16,0.77,0.59,0.5,0.5,0.46
S000001727,-0.23,-1.79,-0.09,-1.29,-0.27,-0.45,-0.12,0.04,-0.22,-0.18
S000001732,-1.84,-1.84,-2.64,-1.32,-0.56,-0.89,-0.38,-0.12,0.18,-0.38
S000001733,-0.84,-1.56,-1.22,-1.22,-0.89,-0.6,-0.17,0.11,-0.15,-0.32
S000001734,-0.71,-1.74,-0.43,-0.81,-0.49,-0.6,-0.4,-0.51,-0.56,-0.6
S000001741,-0.69,-1.56,-0.62,-0.86,-0.38,-0.71,-0.2,0.33,0.38,0.16
S000001742,-0.12,-0.76,-1.69,-0.97,-0.43,-0.3,0.37,-0.23,-0.1,-0.03
S000001746,-1.43,-0.89,-1.6,-0.89,-0.58,-0.84,-0.14,-0.51,-0.54,-0.22
S000001749,-1.51,0.12,-0.32,-0.4,-0.36,0.46,-0.06,0.21,-0.14,0.25
S000001752,-1.64,-2.06,-0.89,-1.36,-0.4,-0.25,-0.47,-0.54,-0.47,-0.56
S000001757,0.65,1.64,1.53,0.58,0.2,0.21,0.76,0.34,0.58,-0.2
S000001760,2.11,1.76,0.81,0.75,1.21,0.77,0.31,0.42,-0.06,-0.18
S000001761,-0.09,1.77,1.05,0.81,0.52,0.7,0.48,0.51,0.37,-0.18
S000001764,-1.4,-2.47,-1.51,-0.49,-0.56,-0.2,-0.58,-0.18,-0.62,-0.84
S000001765,0.2,-1.09,-1.51,-1.87,-0.92,-0.54,-0.4,-0.58,-0.15,-0.67
S000001774,3.66,3.44,3.53,2.12,2.24,1.72,1.93,2.49,2.72,2.7
S000001775,2.93,2.96,2.63,0.86,1.14,1.16,0.64,1.18,0.46,0.81
S000001779,2.35,1.78,1.19,0.45,0.4,0.45,-0.04,0.04,-0.29,-0.34
S000001781,-0.15,-0.3,-0.49,3.29,0.4,-0.29,0.14,-0.29,0.24,0.01
S000001784,2.42,3.39,3.06,3.02,4.7,3.63,2.79,2.21,1.86,1.46
S000001789,-1.4,-2.32,-2.56,-0.84,-0.76,-0.32,0.26,-0.3,0.26,0.15
S000001796,0.68,0.57,0.62,1.87,0.26,0.01,0.04,-0.42,-0.06,0.07
S000001799,0.12,0.52,1.89,0.29,1.58,0.9,0.46,0.0,0.2,0.6
S000001800,-1.79,-2.56,-2.32,-1.47,-0.71,-0.49,-0.4,-0.38,-0.45,-0.29
S000001806,0.72,1.43,1.28,2.17,0.56,0.54,0.69,1.02,0.42,0.84
S000001807,-1.22,-1.56,-1.03,1.32,0.14,-0.27,-0.09,0.43,-0.01,0.11
S000001809,0.32,0.34,0.28,1.89,0.3,-0.18,0.28,0.41,0.49,0.34
S000001811,0.11,0.86,0.82,2.87,-0.01,-0.34,-0.09,0.28,0.26,0.26
S000001812,-0.84,2.29,0.34,0.56,-0.32,-0.07,-0.22,0.6,0.23,0.49
S000001814,0.01,0.94,1.9,1.38,0.71,0.54,0.31,0.52,0.21,0.33
S000003924,0.15,1.64,0.9,2.1,0.71,0.26,0.42,0.59,0.14,0.38
S000003931,-2.12,-3.18,-2.64,-1.51,-0.67,-0.54,-0.17,-0.03,0.1,-0.15
S000003934,-1.64,-1.32,-1.56,0.41,-0.84,-0.67,-0.34,-0.18,-0.3,-0.07
S000003949,1.56,1.76,1.4,2.29,1.66,0.96,0.41,0.31,0.11,0.71
S000003957,-1.32,-1.33,-1.49,-0.62,-0.4,-0.44,-0.07,0.04,-0.07,-0.32
S000003958,-1.32,-6.64,-2.4,-0.67,-0.62,-0.38,-0.47,-0.43,-0.38,-0.32
S000003959,-0.43,-1.56,-0.25,-0.18,-0.07,-0.74,-0.62,-0.54,-0.54,-0.58
S000003978,2.53,1.84,2.65,1.25,0.75,0.74,0.1,0.07,-0.54,-0.34
S000003979,0.74,1.72,-0.49,-0.1,1.5,0.9,-0.2,0.18,-0.15,-0.45
S000003980,2.04,-0.09,-1.22,0.66,-0.14,0.49,-0.45,0.21,-0.12,-0.89
S000003981,0.58,1.64,1.22,-0.15,0.92,0.37,-0.47,-0.32,-0.54,-0.92
S000003983,2.56,1.96,2.38,1.14,1.25,3.07,1.82,1.85,1.51,1.1
S000003986,-0.64,0.4,0.4,-3.64,0.14,0.2,0.59,-0.12,0.23,0.33
S000003992,-1.22,-2.18,-1.64,-1.89,-0.67,-0.29,0.07,-0.56,-0.12,0.16
S000003993,-0.71,-1.6,-1.84,-0.86,-0.45,-0.27,0.06,-0.27,0.03,0.07
S000003999,-1.69,-2.4,-2.12,-1.4,-0.23,-0.09,0.19,-0.22,0.07,0.03
S000004004,-0.92,-2.18,-1.64,-0.29,-0.42,0.25,0.04,0.08,-0.07,0.11
S000004020,-0.03,-2.64,0.65,-0.36,-0.18,-0.3,0.1,0.28,0.36,0.36
S000004038,-0.76,-1.32,-1.79,-1.25,-1.06,-0.67,-0.23,-0.14,-0.06,-0.1
S000004041,-1.64,-1.47,-1.18,-0.81,-0.69,-0.43,-0.23,-0.6,-0.22,-0.25
S000004046,-1.36,-1.69,-1.18,-0.51,-0.06,0.08,0.18,-0.2,0.14,0.14
S000004047,-1.32,-1.32,-1.56,1.02,0.08,-0.36,0.18,-0.14,-0.17,0.01
S000004048,-2.0,-1.6,-1.79,-0.89,0.04,0.32,0.69,0.64,0.61,0.77
S000004051,-0.94,-1.79,-1.56,-1.03,-0.74,-0.76,-0.27,-0.47,-0.27,-0.22
S000004053,-1.64,-1.6,-0.97,0.57,-0.36,-0.71,-0.45,-0.42,-0.43,-0.43
S000004058,0.46,-2.12,-1.74,-1.36,-0.42,-0.18,-0.06,-0.23,0.16,-0.36
S000004066,3.01,-0.62,-0.64,-0.07,-0.67,-0.18,-0.23,-0.15,0.23,-0.27
S000004070,1.1,1.57,1.5,1.1,1.91,1.52,0.82,0.3,0.64,0.45
S000004077,0.36,0.73,3.56,-0.36,0.43,0.66,-0.54,-0.29,0.06,-0.85
S000004081,-0.36,-0.17,0.19,1.79,-0.3,0.0,-0.49,-0.32,-0.47,-0.69
S000004087,0.78,1.3,0.92,1.49,0.21,0.28,0.28,-0.23,0.19,0.28
S000004098,3.38,3.11,3.38,0.51,1.75,1.55,2.03,1.91,1.91,2.07
S000004099,2.34,2.99,2.85,2.73,2.43,2.14,1.75,1.8,1.77,1.88
S000004104,3.01,-0.03,-0.11,-1.03,-0.21,-0.17,0.04,0.03,-0.14,0.26
S000004115,-3.06,-1.6,-0.56,-0.79,0.11,-0.38,-0.43,0.07,-0.01,0.18
S000004119,-2.0,-2.32,-1.43,-0.62,-0.64,-0.56,-0.17,0.19,-0.3,-0.01
S000004126,2.21,1.3,1.55,0.03,0.93,0.85,0.72,0.36,-0.29,-0.14
S000004131,-0.42,1.97,-0.18,-0.12,0.52,0.2,-0.4,-0.58,-0.17,-0.27
S000004139,-0.01,1.02,2.01,1.65,2.41,1.75,1.26,1.18,0.83,0.95
S000004141,-0.56,-2.0,0.06,-0.14,0.29,0.14,-0.06,-0.29,-0.03,-0.01
S000004142,0.41,1.44,1.08,2.39,1.53,1.06,0.57,0.7,0.56,0.9
S000004152,-0.76,0.24,-1.64,-0.14,-1.25,-1.03,-0.64,-0.67,-0.42,-0.69
S000004158,3.75,0.53,0.69,-0.36,0.23,0.26,0.07,-0.01,0.25,-0.34
S000004165,-0.47,-1.79,-1.74,-0.94,-0.43,-0.38,-0.56,-0.2,-0.32,-0.86
S000004168,1.59,2.39,2.83,2.06,2.2,2.79,1.85,1.75,1.37,1.3
S000004176,-1.03,-1.22,-1.56,-0.22,-0.34,-0.45,-0.3,-0.09,-0.2,-0.69
S000004186,-1.43,-3.06,-2.47,-1.51,-0.97,-0.62,-0.03,-0.69,-0.1,-0.07
S000004187,-0.3,-1.4,-1.94,-0.51,-0.94,-0.4,0.25,-0.22,0.19,0.24
S000004188,-0.34,-1.56,-1.84,-1.22,-0.84,-0.2,0.36,-0.58,0.34,0.29
S000004195,1.19,1.64,1.74,-0.15,0.04,0.74,0.73,0.42,0.32,0.21
S000004204,2.44,2.43,1.93,-4.06,0.82,0.59,1.09,1.34,1.02,1.16
S000004211,-1.06,-2.47,-1.79,-1.4,-0.81,-0.45,-0.04,-0.04,-0.09,-0.12
S000004212,-1.6,-1.94,-1.64,-0.47,-0.69,-0.67,0.12,0.19,-0.04,-0.1
S000004213,-1.74,-1.84,-0.81,-0.89,-0.32,-0.29,-0.06,0.32,-0.18,0.04
S000004218,-0.3,-2.06,-1.15,-1.0,-0.89,-1.09,-0.58,-0.4,-0.51,-0.42
S000004234,-0.64,-1.56,-1.25,-1.09,-0.86,-0.76,-0.17,-0.04,-0.32,-0.34
S000004239,-0.92,-1.74,-2.25,-1.84,-0.62,-0.62,-0.17,-0.43,-0.45,-0.23
S000004241,0.7,3.01,2.27,0.59,1.53,0.82,0.46,-0.2,0.2,0.4
S000004242,0.96,2.24,2.82,1.78,1.18,0.93,0.32,0.38,0.38,0.8
S000004245,-1.09,-0.3,-1.18,-1.94,-0.17,-0.47,-0.1,-0.6,0.03,-0.15
S000004247,1.25,1.87,-0.54,-1.32,0.82,0.19,0.3,-0.47,-0.2,0.06
S000004248,2.7,4.23,2.92,1.66,2.46,1.76,0.93,1.1,1.29,1.47
S000004254,1.7,-0.74,-1.0,-0.97,-0.79,-0.4,-0.32,-0.27,-0.03,-0.32
S000004257,1.18,1.92,2.42,1.73,1.91,1.32,0.04,0.26,0.14,-0.51
S000004260,0.77,2.7,2.82,1.04,2.16,1.94,1.06,0.85,0.58,0.03
S000004263,0.91,2.07,2.6,0.29,1.19,0.57,0.0,0.58,0.36,0.04
S000004266,-0.49,-2.12,-1.84,-1.12,-0.45,-0.22,-0.36,-0.1,-0.4,-0.58
S000004288,1.08,1.29,1.99,1.16,1.36,0.87,0.44,0.31,0.57,1.24
S000004290,0.96,1.82,1.78,0.72,2.0,1.12,1.28,1.02,0.9,0.93
S000004298,-1.51,-1.12,0.0,-1.69,0.89,0.04,0.07,0.23,-0.15,-0.18
S000004310,0.06,-0.43,-0.09,0.52,-0.2,-0.26,-0.42,-0.19,-1.73,-0.27
S000004311,-2.0,0.66,-0.45,-0.49,-0.17,-0.36,0.0,0.24,-0.2,0.16
S000004314,-0.51,-2.64,-0.67,-0.27,-0.34,-0.47,-0.34,0.03,-0.49,-0.04
S000004319,1.47,1.46,2.78,1.91,2.19,2.3,1.99,2.49,-0.22,1.99
S000004328,-1.18,-1.51,-1.69,-0.62,-0.6,-0.74,-0.34,0.0,-0.42,-0.27
S000004332,-0.42,-1.15,-1.47,2.22,-1.29,-0.69,-0.42,0.1,0.21,0.06
S000004335,-0.84,-0.04,-1.51,0.45,0.04,0.07,0.21,0.14,0.3,0.01
S000004337,0.96,1.82,1.58,1.52,1.28,0.57,0.72,0.24,0.28,0.34
S000004338,1.92,1.95,1.04,-0.1,1.01,0.34,0.1,0.58,0.55,0.36
S000004340,-0.62,0.36,1.51,-0.51,-0.27,-0.94,-0.18,-0.42,-0.23,-0.1
S000004347,-0.71,-1.74,-0.94,-0.49,-0.51,-0.43,-0.2,-0.18,-0.17,-0.38
S000004348,4.46,0.54,0.94,0.63,1.0,1.44,0.84,0.33,0.59,-0.15
S000004350,1.97,-0.89,-0.71,-1.18,-0.49,-0.51,-0.49,-0.51,-0.45,-0.71
S000004362,0.82,0.68,1.24,2.31,0.77,0.58,-0.09,0.11,0.06,-0.27
S000004379,0.86,1.57,1.02,0.74,0.95,0.43,0.26,-0.03,0.1,0.18
S000004384,1.96,0.7,1.71,0.81,0.36,0.06,0.21,0.03,0.37,0.57
S000004389,-1.0,-2.12,-1.64,-1.06,-0.27,-0.36,-0.1,-0.22,-0.3,-0.27
S000004392,-0.79,-2.32,-1.4,-0.56,-0.69,-0.36,0.16,-0.09,-0.06,0.12
S000004393,-1.4,-2.4,-1.32,-1.6,-0.34,-0.58,-0.06,-0.09,-0.29,-0.27
S000004397,-1.0,-0.97,-1.56,-0.74,-1.18,-0.89,-0.56,-0.09,-0.51,-0.22
S000004399,-1.94,-1.06,-1.32,-0.71,-0.51,0.44,0.0,0.29,0.03,0.16
S000004401,-2.06,-2.12,-1.74,-0.92,-0.64,-0.56,-0.2,0.2,-0.36,-0.15
S000004405,-2.12,-3.47,-1.22,-0.32,-0.09,0.03,0.0,0.11,-0.32,0.03
S000004408,1.46,-4.06,-0.14,-0.56,-1.51,-0.86,-0.27,-0.06,-0.67,0.54
S000004416,-0.45,1.52,-0.01,0.37,-0.54,-0.36,-0.14,0.12,-0.17,0.19
S000004418,-0.3,-2.18,-0.79,-0.25,-0.2,-0.4,-0.17,0.21,-0.1,-0.14
S000004424,-1.12,-1.47,-1.6,-1.0,-0.51,-0.43,-0.34,-0.12,-0.4,-0.29
S000004427,-1.79,-1.4,-1.89,-0.97,-1.0,-0.62,-0.22,-0.58,-0.36,-0.3
S000004437,-0.81,-2.47,-0.94,-0.2,-0.22,-0.86,-0.22,-0.81,-0.36,-0.36
S000004440,-1.22,-1.32,-2.0,-1.6,-1.06,-0.94,-0.54,-0.74,-0.38,-0.4
S000004441,-1.15,-2.94,-2.47,-2.06,-0.97,-1.15,-0.58,-0.43,-0.69,-0.71
S000004452,0.73,3.04,2.22,1.38,0.49,0.73,0.11,0.18,0.06,-0.38
S000004462,0.45,0.69,1.49,0.4,0.27,0.5,-0.23,0.06,-0.07,-0.41
S000004463,0.99,1.63,1.93,0.86,1.6,1.25,0.18,0.42,0.2,-0.15
S000004466,1.84,1.88,2.12,1.05,1.47,1.32,0.4,0.77,0.42,0.39
S000004480,-1.43,-1.79,-1.69,-0.92,-0.89,-0.17,-0.1,-0.38,0.1,-0.04
S000004490,1.66,1.36,1.86,0.94,1.74,1.96,2.07,1.32,1.96,2.11
S000004494,0.18,0.49,5.75,0.49,1.06,-0.22,0.07,-0.18,0.01,0.04
S000004501,-0.42,-1.51,-0.3,-0.27,-0.29,-0.25,0.14,-0.3,0.06,-0.22
S000004507,-3.47,-1.32,-1.18,-0.32,-0.43,-0.03,0.2,0.37,0.12,0.16
S000004518,0.1,-2.18,0.19,-0.89,0.89,0.58,0.31,0.25,0.28,0.23
S000004530,-1.74,-0.09,-0.81,-0.51,-0.29,-0.51,0.04,0.42,0.07,0.23
S000004535,0.3,0.99,0.78,1.36,1.69,0.77,0.64,0.7,0.37,0.29
S000004538,-0.69,-1.09,-1.84,-1.64,-0.92,-0.76,-0.34,-0.62,-0.04,0.0
S000004545,-1.94,-2.25,-0.79,-0.71,-0.64,-0.34,-0.1,-0.45,-0.36,-0.25
S000004546,-0.97,0.76,-2.4,-0.17,-0.45,-0.32,-0.18,0.2,-0.14,0.14
S000004555,2.35,2.22,1.2,1.28,0.49,-0.12,0.23,0.43,0.2,0.59
S000004556,2.3,2.14,1.08,-0.43,0.42,-0.06,0.38,1.0,0.7,1.06
S000004558,-2.25,-2.18,-2.47,-1.06,-0.81,-0.64,-0.3,-0.18,-0.32,-0.14
S000004566,-0.03,4.31,3.84,3.43,3.14,2.42,1.82,2.0,2.06,2.0
S000004574,-0.67,-1.18,-1.56,-1.36,-0.42,-0.18,-0.32,-0.45,-0.15,-0.6
S000004578,0.42,0.57,1.08,2.12,1.36,1.0,0.29,0.33,0.33,0.07
S000004584,4.06,2.79,1.93,-1.06,1.34,1.52,0.3,1.22,0.82,0.77
S000004588,-0.03,-0.94,-0.58,-1.56,-0.47,-0.54,-0.64,0.18,-0.32,-0.27
S000004597,1.04,2.4,2.85,2.49,3.18,2.59,2.22,1.54,1.4,1.61
S000004600,3.32,4.05,2.8,2.23,2.16,1.86,1.71,1.19,1.96,1.98
S000004608,-0.64,-0.92,-1.64,0.41,-0.56,-0.17,0.26,-0.2,-0.71,-0.43
S000004613,-1.64,-1.64,-1.4,-0.64,-0.86,-0.89,-0.97,-1.18,-0.62,-1.09
S000004616,-1.79,-2.25,-1.89,-0.67,-1.09,-0.81,-0.29,-0.06,-0.23,-0.27
S000004619,-0.74,-0.49,-1.25,0.06,-1.51,0.43,0.2,0.01,0.67,-0.12
S000004635,-0.64,-0.19,-2.83,-0.42,-1.59,-1.42,-0.13,0.26,-0.26,0.06
S000004643,0.28,0.01,0.58,1.75,0.21,0.07,0.28,-0.14,-0.04,0.2
S000004645,-0.79,-2.64,-0.25,0.39,-0.92,-0.89,-0.3,-0.2,-0.01,0.19
S000004651,-2.32,-1.12,-1.03,0.26,-0.42,-0.2,0.07,0.24,0.08,-0.1
S000004652,-2.4,-2.94,-2.32,-1.69,-0.84,-0.71,-0.27,-0.3,-0.42,-0.4
S000004666,1.65,1.74,0.74,0.29,1.1,0.88,0.09,-0.19,-0.24,0.11
S000004674,-0.22,-0.23,-0.18,6.2,0.12,0.06,-0.34,-0.06,-0.42,-0.56
S000004675,-0.58,1.53,1.29,1.25,0.33,0.25,-0.3,-0.23,-0.07,-0.27
S000004678,0.46,0.26,0.33,4.17,0.28,0.74,-0.18,0.03,-0.04,-0.43
S000004682,0.33,0.36,0.76,4.03,0.14,0.14,-0.2,-0.12,-0.04,-0.47
S000004696,3.36,4.03,4.41,2.73,3.67,3.46,1.89,1.56,1.26,0.88
S000004701,-0.14,0.74,0.19,1.67,1.29,0.48,0.29,0.03,0.23,0.46
S000004702,0.34,0.84,-0.09,1.57,0.8,1.44,0.73,-0.06,0.49,0.36
S000004711,2.26,4.0,4.11,2.24,2.52,2.44,1.38,1.45,1.59,1.76
S000004713,2.0,0.39,-0.2,-1.03,0.82,0.12,0.07,0.08,0.19,-0.06
S000004716,0.81,1.82,2.17,0.96,0.97,1.0,0.65,0.14,0.38,0.7
S000004724,0.32,-2.74,-1.32,0.28,0.12,0.25,0.36,-0.17,0.53,0.58
S000004727,-0.37,-1.5,-0.86,-0.8,0.39,0.72,1.07,1.4,1.2,0.8
S000004735,-1.3,-2.86,-1.68,-1.34,-0.61,-0.43,-0.37,-0.09,0.75,-0.08
S000004738,-1.56,-2.12,-2.06,-1.32,-0.74,-0.45,-0.07,-0.04,-0.09,0.07
S000004746,-1.18,-2.94,-1.25,0.03,0.01,-0.15,0.2,0.42,-0.01,0.19
S000004764,0.4,1.07,0.49,1.97,-0.2,-0.18,-0.07,0.08,-0.04,0.01
S000004767,0.69,1.21,0.83,2.29,0.07,-0.06,-0.04,-0.12,0.06,0.16
S000004772,0.64,2.26,0.62,0.59,0.14,0.16,0.59,0.52,0.15,1.34
S000004775,-0.07,-1.12,0.41,-1.56,0.07,0.08,0.01,-0.3,-0.46,-0.43
S000004779,0.37,0.1,1.42,-0.06,1.73,1.21,0.57,0.39,-0.04,0.15
S000004780,0.2,0.53,1.08,1.42,2.88,1.76,0.9,0.36,0.01,0.11
S000004784,2.06,4.35,3.94,3.54,3.41,3.18,2.37,1.86,2.14,1.94
S000004786,0.73,1.62,1.18,0.82,1.65,2.03,1.3,1.04,1.06,0.89
S000004788,0.82,-0.2,1.44,-0.32,0.12,0.89,-1.75,0.12,-0.38,-0.84
S000004793,0.23,1.99,2.46,0.67,1.57,1.66,0.77,0.43,0.39,0.1
S000004794,-1.0,-0.27,-1.06,-1.85,-0.38,0.5,-0.47,0.18,-0.09,-0.81
S000004797,-0.1,-2.32,-1.09,-0.11,0.06,0.21,0.11,0.08,0.03,-0.36
S000004804,0.34,0.48,0.9,1.81,0.69,0.31,-0.45,0.26,-0.4,-0.38
S000004806,0.69,0.71,0.97,2.06,0.62,0.58,0.0,0.15,0.15,-0.09
S000004809,0.75,1.58,1.77,0.79,1.57,1.45,0.92,0.99,0.63,0.1
S000004823,0.26,0.21,-0.04,3.93,-0.06,0.19,0.12,-0.15,0.15,0.24
S000004828,-0.58,-1.43,-2.18,-0.76,-1.15,-0.43,-0.07,-0.51,-0.17,0.19
S000004830,-0.84,-2.64,-2.64,-3.18,-1.03,-0.34,-0.06,0.07,0.08,0.24
S000004832,-0.2,0.24,2.46,0.67,-0.36,0.17,-0.3,-0.38,0.3,0.3
S000004833,0.44,-0.54,0.25,1.58,0.34,0.01,0.0,-0.1,0.01,-0.27
S000004842,-1.53,-2.18,-1.64,-1.06,-0.79,-0.67,-0.26,-0.04,-0.28,-0.36
S000004849,-2.18,0.24,-0.62,-0.79,-0.6,0.14,-0.17,0.12,-0.17,-0.17
S000004852,-2.0,-2.18,-2.32,-0.45,-0.92,-0.6,-0.14,-0.1,-0.2,0.0
S000004862,2.06,3.61,4.31,3.13,3.67,2.78,1.85,1.58,-0.3,1.57
S000004866,1.14,1.57,0.53,1.13,0.31,0.11,0.28,0.38,0.16,0.18
S000004871,0.33,1.72,1.23,1.0,0.51,0.24,0.19,0.14,-0.17,-0.2
S000004873,-0.69,-1.06,-1.4,2.09,-1.03,-0.64,-0.34,-0.62,-0.27,-0.23
S000004874,-0.24,0.18,-0.44,1.67,0.02,-0.09,0.01,0.05,-0.07,-0.21
S000004882,-1.18,-1.64,-1.84,-1.01,-0.84,-0.45,-0.1,-0.51,-0.1,-0.32
S000004889,-0.4,0.7,-1.94,0.15,-0.64,0.01,-0.49,-0.79,-0.14,-1.6
S000004903,-1.12,-1.94,-1.79,-1.63,-0.43,-0.27,-0.23,0.0,-0.47,-0.81
S000004927,-1.43,-1.43,-2.0,-1.36,-0.69,-0.67,0.11,-0.54,0.08,-0.12
S000004932,2.38,3.48,2.6,2.58,2.49,2.33,1.54,1.01,1.04,1.01
S000004937,1.74,0.57,1.59,0.5,1.22,0.76,0.59,0.12,0.63,0.9
S000004957,0.6,0.19,0.9,1.63,0.31,0.4,0.3,0.36,0.23,0.06
S000004959,-0.92,-0.1,-0.27,-2.47,0.45,-0.3,0.01,0.2,-0.18,0.12
S000004960,0.43,1.32,2.08,3.3,1.88,1.2,1.05,0.93,1.28,1.1
S000004975,-1.32,-1.47,-1.56,-1.46,-0.79,-0.34,-0.4,-0.76,-0.17,0.06
S000004976,-1.4,-1.56,-1.56,-0.55,-0.67,-0.67,-0.14,-0.17,0.0,-0.01
S000004979,-0.92,-3.84,-0.81,0.14,-0.36,-0.79,-0.06,-1.0,-0.22,-0.34
S000004981,1.34,0.99,0.71,1.85,1.4,1.47,1.53,1.03,0.93,0.94
S000004995,-1.61,-0.47,-0.47,0.21,-0.14,-0.54,-0.62,-0.31,-0.58,-0.2
S000005005,1.6,-2.25,-2.32,-1.64,-0.56,-0.42,-0.51,-0.38,-0.36,-0.79
S000005006,-0.76,-1.51,-0.92,-0.67,-0.17,-0.15,-0.49,-0.1,-0.51,-0.92
S000005007,0.31,-2.12,-1.18,-0.89,-0.03,0.03,-0.27,-0.38,-0.32,-0.62
S000005009,-1.56,-1.89,-0.58,0.66,0.3,0.32,0.24,0.03,-0.23,-0.54
S000005048,1.74,0.86,0.86,0.19,0.14,0.45,0.01,0.2,-0.07,0.18
S000005052,-0.69,-3.84,-0.71,-0.58,-0.15,-0.32,-0.27,-0.18,-0.3,-0.23
S000005054,-1.6,-2.56,-2.18,-0.69,-1.03,-0.54,-0.2,-0.12,-0.17,-0.17
S000005056,-0.94,-1.94,-0.84,-0.58,-1.32,-1.25,-0.51,-0.1,-0.29,-0.15
S000005057,-1.4,-2.94,-1.89,-0.56,-0.49,-0.23,0.15,-0.03,0.21,0.08
S000005061,-0.54,-2.25,-1.09,-1.12,-0.12,0.44,-0.25,0.08,-0.01,0.32
S000005063,-0.54,-1.18,-1.56,-0.45,-0.86,-0.6,-0.54,-0.25,0.08,-0.06
S000005075,0.33,0.65,0.48,1.72,0.2,-0.32,0.12,0.24,0.08,0.1
S000005076,-1.32,-1.94,-1.56,-1.6,-0.71,-0.64,-1.32,-0.12,-0.34,-0.34
S000005078,3.33,3.52,3.06,2.86,2.72,2.34,1.55,1.79,1.63,2.13
S000005085,-1.79,-1.47,-2.84,-1.36,-1.15,-0.51,-0.2,-0.32,-0.2,-0.29
S000005087,-1.94,-1.15,-1.51,-0.6,-0.81,-0.67,-0.54,-0.32,-0.4,-0.49
S000005095,3.15,-1.84,-1.79,-1.32,-0.64,-0.27,-0.34,-0.74,-0.29,-0.4
S000005104,1.21,2.15,3.08,2.24,4.04,3.53,2.21,2.52,2.53,2.47
S000005109,-0.3,0.06,0.07,2.89,0.06,0.5,0.01,0.15,-0.15,-0.54
S000005118,-1.22,-2.47,-2.84,-1.56,-1.03,-0.32,0.01,-0.3,-0.06,0.03
S000005119,-1.03,-2.18,-2.56,-1.47,-0.86,-0.29,0.06,-0.49,0.14,-0.01
S000005126,-1.74,-2.47,-2.12,-0.86,-0.6,-0.29,-0.04,-0.15,-0.03,-0.14
S000005135,-1.84,-1.79,-1.12,0.79,-0.62,0.03,0.25,0.03,0.15,-0.01
S000005137,3.29,0.91,0.52,-0.01,0.45,0.46,0.65,0.12,0.31,0.52
S000005142,-0.49,-2.56,-3.47,-0.14,-1.32,-0.4,0.01,0.04,-0.14,0.0
S000005144,0.43,-1.25,0.69,0.25,0.26,1.52,1.18,1.09,0.86,1.01
S000005153,-0.79,-1.22,-1.51,-0.38,-0.89,-0.6,-0.56,-0.12,-0.07,-0.04
S000005185,2.34,2.56,2.14,1.58,0.88,0.64,0.38,0.73,0.42,0.51
S000005192,-0.07,-2.12,-1.74,-1.0,-0.51,-0.09,-0.38,-0.15,-0.32,-0.54
S000005205,1.62,1.36,0.93,0.92,0.23,0.23,-0.14,0.01,-0.06,-0.18
S000005218,0.64,1.91,2.64,2.07,2.11,2.27,1.79,1.49,1.34,1.55
S000005221,-2.18,0.44,-0.27,0.54,-0.54,-0.09,0.01,0.03,0.14,0.29
S000005223,-0.15,-1.69,-0.54,-1.09,0.19,-0.2,0.23,-0.3,-0.04,0.19
S000005239,-0.45,1.51,-0.17,0.06,-0.01,-0.03,0.0,0.43,0.01,0.18
S000005240,-0.4,-0.03,-0.92,4.95,-0.32,-0.3,0.01,0.2,-0.1,0.06
S000005243,-2.25,-1.47,-2.0,-1.56,-0.43,-0.3,-0.03,0.0,-0.03,0.07
S000005245,-0.71,-1.84,-1.29,-1.06,-0.76,-0.69,-0.23,-0.23,0.1,0.06
S000005247,-1.06,-2.25,-2.06,-1.43,-1.43,-1.25,-1.0,-0.79,-0.3,-0.3
S000005249,0.97,1.08,1.56,0.32,0.56,0.24,0.24,0.48,0.52,0.38
S000005271,-0.69,-1.15,-1.79,-1.36,-1.47,-1.43,-1.47,-0.67,-0.22,-0.18
S000005275,2.35,1.86,2.39,-0.36,1.7,2.07,1.31,1.05,1.05,1.14
S000005283,-0.41,-2.31,-0.35,-0.68,-0.02,0.16,-0.11,0.09,0.83,-0.19
S000005288,1.07,1.64,1.43,0.07,0.69,0.19,-0.45,-0.01,-0.43,-0.54
S000005290,0.91,1.54,0.81,-0.76,0.56,0.8,0.25,0.32,0.0,-0.2
S000005295,1.34,-2.18,-1.56,-0.71,-0.47,-0.2,-0.34,-0.4,-0.1,-0.76
S000005307,-0.79,-1.6,-1.18,-0.18,-0.18,-0.07,-0.25,-0.17,-0.17,-0.6
S000005310,-1.64,-0.47,-0.56,-0.22,-0.84,0.06,-0.27,-0.54,-0.47,-0.09
S000005316,0.28,2.11,0.54,0.12,0.37,0.1,0.33,0.04,-0.09,0.08
S000005320,0.58,1.69,1.06,0.34,0.3,-0.15,0.49,0.26,0.7,0.46
S000005321,-0.58,-1.84,-0.97,0.68,-0.64,-0.15,-0.1,-0.42,-0.15,-0.03
S000005325,-0.18,1.12,-0.92,0.5,1.52,-0.38,0.33,-0.01,0.26,0.34
S000005329,-0.58,-1.89,-1.4,-0.54,-0.86,0.12,0.07,-0.32,0.12,-0.06
S000005333,-0.27,0.08,-0.01,1.36,1.6,1.53,1.87,1.55,1.44,1.04
S000005336,-1.32,-1.6,-2.06,-0.43,-0.86,-0.69,-0.34,-0.14,-0.43,-0.15
S000005340,0.6,-2.12,0.89,-2.18,-0.84,-1.4,0.28,0.15,-0.09,-0.45
S000005344,-0.18,-3.06,-0.2,-0.09,-0.49,-0.23,-0.23,-0.27,0.03,-0.25
S000005347,-3.47,0.0,0.07,-0.49,0.01,-0.27,-0.3,0.28,-0.15,0.01
S000005351,2.83,1.18,0.69,1.49,0.32,0.13,0.03,0.36,0.06,0.71
S000005353,-0.4,-0.59,-0.06,-1.89,0.16,-0.39,0.3,0.11,0.47,0.08
S000005357,2.31,2.27,1.8,1.16,1.25,0.32,0.5,0.86,0.67,0.31
S000005366,-0.89,-2.12,-0.84,-0.76,-0.51,-0.74,-0.54,-0.23,-0.2,-0.27
S000005399,0.06,-1.25,-1.15,-1.64,-0.94,-1.0,-0.6,-0.22,-0.2,-0.34
S000005407,-0.25,1.1,1.0,1.63,6.6,0.58,1.43,0.01,1.34,1.25
S000005408,1.33,2.7,2.97,2.54,1.21,0.93,0.45,0.15,0.39,0.7
S000005414,0.4,-0.62,0.63,1.69,0.58,0.82,0.76,0.31,0.63,0.78
S000005417,0.18,-3.32,0.08,-0.45,0.04,-0.09,-0.1,-0.62,-0.29,-0.18
S000005432,0.71,0.45,1.21,2.16,0.92,0.71,0.61,0.41,0.28,0.57
S000005437,-1.74,-3.18,-2.64,-0.79,-1.29,-0.74,-0.25,-0.2,-0.3,0.0
S000005439,-1.94,-5.64,-1.47,-0.42,-0.86,-0.62,-0.14,-0.2,-0.23,-0.04
S000005443,0.66,1.57,2.8,2.49,2.81,1.86,1.39,1.16,-0.07,0.96
S000005453,-1.25,-1.69,-0.79,-1.09,-1.03,-0.38,-0.69,-0.42,-0.56,-0.43
S000005455,-0.29,0.37,0.34,1.57,-0.22,-0.27,-0.18,-0.12,-0.27,-0.38
S000005457,-1.12,-1.32,-1.69,-1.43,-1.18,-0.74,-0.47,-0.47,-0.54,-0.36
S000005459,-0.1,0.88,0.98,1.53,0.4,0.08,-0.2,0.01,-0.09,-0.09
S000005461,-1.74,-0.36,-0.3,0.76,1.2,1.41,1.25,0.74,-0.06,0.45
S000005464,-1.29,1.44,1.5,-0.76,-0.51,-0.36,-0.14,-0.2,-0.14,-0.07
S000005467,0.19,0.68,0.12,1.54,0.14,0.16,0.15,-0.36,-0.17,-0.03
S000005469,-0.76,-1.03,-2.25,-1.36,-0.6,-0.49,-0.36,-0.76,-0.42,-0.1
S000005470,0.82,0.81,-1.25,-1.18,-1.29,-1.73,-0.76,-0.58,-0.38,1.74
S000005478,0.83,2.37,2.22,1.98,1.1,0.98,0.41,0.82,0.62,0.08
S000005479,2.76,1.65,2.54,1.33,1.55,1.3,0.61,0.99,0.51,0.25
S000005484,0.29,-2.94,-2.47,-0.76,-0.51,-0.1,-0.12,-0.32,-0.01,-0.4
S000005490,-0.43,-0.74,0.04,-2.0,-0.47,-0.18,-0.54,-0.09,-0.56,-0.79
S000005491,0.6,0.32,0.56,-2.18,0.7,0.96,-0.03,0.62,0.58,-0.58
S000005501,-1.09,-1.69,-1.4,-0.25,-0.4,-0.38,-0.22,-0.32,0.04,-0.01
S000005504,-1.06,-1.29,-1.32,-1.6,-0.97,-0.84,-0.09,-0.67,-0.23,-0.3
S000005510,3.85,3.77,3.31,1.41,2.56,2.23,2.05,1.88,2.47,2.68
S000005511,4.4,3.62,3.48,2.71,2.58,2.45,2.06,2.25,2.22,2.81
S000005512,1.39,1.36,2.89,-0.94,0.7,0.54,0.43,0.12,0.58,0.59
S000005518,1.57,1.91,2.05,0.3,0.1,0.32,0.38,-0.12,-0.17,-0.15
S000005523,0.2,-2.25,-0.15,-2.0,0.5,0.88,-0.06,0.38,0.07,0.0
S000005525,2.2,1.14,2.08,1.06,1.34,1.82,1.41,1.38,1.06,1.19
S000005526,0.64,2.68,0.19,-1.09,-0.79,-0.3,0.03,0.59,0.46,0.2
S000005527,-1.51,-4.32,-1.69,-0.6,-0.74,-0.47,-0.2,0.06,-0.38,-0.3
S000005530,-1.79,-5.64,-3.64,-1.03,-1.03,-0.64,-0.04,-2.18,-0.04,-0.17
S000005536,-0.49,-2.4,-0.58,-1.03,-1.22,-1.12,-0.6,-0.58,-0.69,-0.71
S000005537,0.01,-2.25,-1.32,-0.08,0.16,-0.22,-0.17,0.08,0.04,-0.17
S000005544,1.39,1.15,1.5,-0.42,0.7,0.24,0.18,0.61,0.18,0.41
S000005551,-1.22,-0.56,-1.74,-1.12,-1.56,-1.06,-0.45,-0.15,-0.38,-0.29
S000005554,2.53,2.13,1.48,1.11,0.81,0.08,0.59,0.86,0.12,0.7
S000005564,0.19,0.04,-3.18,-0.86,-0.14,-0.29,-0.42,-0.14,-0.1,-0.12
S000005578,0.66,1.9,2.84,2.51,1.68,1.08,0.34,0.08,0.19,0.23
S000005582,0.19,-2.0,-1.25,-0.89,-0.62,-0.17,-0.38,-0.97,-0.23,-0.97
S000005588,-0.32,0.25,2.29,-1.54,0.07,0.2,-0.15,-0.07,-0.22,-1.03
S000005604,-1.4,-1.6,-1.64,-2.4,-0.71,-0.3,0.08,-0.27,0.19,0.01
S000005605,0.76,0.72,0.29,1.52,-0.4,-0.15,-0.06,-0.27,-0.09,-0.07
S000005610,-0.07,-0.92,-0.67,-0.23,-1.84,0.08,0.14,-0.56,0.08,0.9
S000005612,-0.23,1.77,0.93,0.27,0.19,1.26,0.41,0.28,1.39,0.62
S000005617,-1.12,-2.0,-1.84,-0.56,-0.54,-0.54,-0.32,-0.34,-0.47,-0.38
S000005620,-1.6,-0.86,-0.79,-0.27,-0.81,-0.45,-0.34,0.21,-0.06,-0.01
S000005621,-2.12,-1.51,-2.18,-1.18,-1.43,-0.71,-0.43,-0.1,-0.49,-0.32
S000005624,-1.03,-0.89,-1.56,-0.6,-0.71,-0.64,-0.04,0.26,-0.01,-0.04
S000005627,-2.18,-1.12,-0.34,0.18,-0.47,-0.32,-0.04,0.11,-0.29,-0.03
S000005633,-1.51,-0.14,-0.04,-0.22,0.49,-0.25,-0.69,-0.15,0.4,0.59
S000005636,0.92,0.62,-0.64,-2.14,-0.71,0.24,0.01,-0.09,0.28,0.19
S000005645,-1.6,-1.32,-1.32,-0.71,-0.71,-0.62,-0.58,-0.51,-0.6,-0.3
S000005646,0.08,1.51,1.78,3.13,2.07,1.89,1.15,1.04,0.96,1.17
S000005650,0.49,1.54,1.4,1.76,0.58,0.36,0.51,0.24,0.19,0.34
S000005660,0.34,1.91,1.36,-0.6,0.33,0.36,-0.01,0.01,-0.12,0.7
S000005661,0.07,0.53,0.88,1.67,1.28,0.63,0.08,-0.07,0.07,0.08
S000005662,0.39,1.51,1.23,-0.69,0.93,0.77,0.19,0.06,0.33,0.33
S000005665,-1.51,-2.25,-1.12,0.49,-0.71,-0.79,-0.04,-0.34,-0.4,-0.43
S000005666,-0.69,-0.76,-0.47,-1.74,-0.4,-0.12,-0.06,-0.2,-0.3,-0.07
S000005671,-1.51,-2.06,-1.69,-1.69,-0.38,-0.23,-0.42,-0.15,-0.43,-0.54
S000005678,-0.12,1.1,1.74,1.9,1.26,1.37,1.0,0.54,1.03,0.63
S000005682,0.1,-0.4,-0.56,1.85,0.04,0.23,-0.45,-0.04,-0.25,-0.49
S000005687,0.9,2.23,1.57,1.05,1.14,0.75,0.29,0.42,0.21,-0.06
S000005698,0.03,-0.11,-0.43,1.97,-0.22,-0.49,0.06,-0.33,-0.04,0.04
S000005704,-0.14,-1.09,0.31,-2.13,0.16,-0.22,0.08,-0.34,0.21,0.36
S000005709,0.15,-2.56,-0.27,-0.34,-0.45,-0.29,-0.17,0.32,-0.1,0.26
S000005711,0.77,0.82,1.87,0.98,1.57,1.74,1.0,0.52,0.58,0.52
S000005731,-0.92,3.54,-0.67,-0.17,-0.27,-0.51,-0.12,0.2,0.06,0.07
S000005732,-1.4,-3.18,-2.47,-1.15,-0.89,-0.69,-0.3,-0.12,-0.32,-0.23
S000005746,0.76,2.22,2.13,1.32,0.87,0.3,0.34,0.33,0.06,0.29
S000005750,-1.69,-2.06,-1.94,-1.29,-1.32,-1.15,-0.45,-0.01,-0.25,-0.36
S000005751,2.29,2.1,1.72,1.06,0.53,1.3,1.51,1.68,1.24,1.64
S000005752,2.33,2.11,2.63,0.45,0.95,1.79,1.84,2.13,1.79,2.17
S000005759,-1.84,-0.84,-1.69,-0.25,-0.14,-0.45,-0.4,-0.47,-0.29,-0.27
S000005763,-1.74,-0.86,-1.79,0.21,-0.03,-0.04,0.18,-0.54,-0.64,-0.89
S000005778,-1.12,-2.47,-1.51,0.5,-0.47,-0.06,-0.54,-0.14,-0.15,-1.15
S000005782,1.01,0.89,0.49,-2.06,0.6,0.36,-0.2,0.21,0.11,-0.3
S000005783,0.87,1.57,1.3,-0.23,0.44,0.19,-0.38,-0.12,-0.25,-0.56
S000005787,0.88,1.77,1.66,-1.0,1.01,0.12,-0.15,-0.14,-0.3,-0.22
S000005798,-1.25,-3.84,-2.64,0.23,-0.62,-0.45,-0.01,-0.49,-0.07,-0.25
S000005811,0.77,0.87,1.6,0.21,2.07,1.76,0.96,0.32,0.8,0.6
S000005812,0.01,0.3,0.15,1.74,0.15,0.06,0.32,0.39,0.49,0.46
S000005813,-2.84,-2.56,-2.4,1.02,-0.71,-0.54,-0.03,-0.15,-0.36,-0.15
S000005815,-0.58,1.58,2.0,0.33,2.28,1.93,0.93,0.83,0.93,0.81
S000005820,-1.89,-1.47,-1.79,-0.97,-1.22,-0.6,0.08,0.4,0.0,-0.01
S000005829,1.18,1.8,-0.1,-2.12,0.86,0.45,0.3,0.52,-0.04,0.31
S000005836,-0.89,-2.4,-2.12,0.14,-0.54,-0.54,-0.06,0.03,-0.17,-0.14
S000005837,-1.06,-2.25,-2.32,1.08,-1.03,-0.92,-0.15,0.08,-0.22,-0.23
S000005840,-2.12,-2.18,-1.09,0.77,-2.94,-2.18,-1.25,-1.0,-0.6,-0.92
S000005841,0.08,-0.68,-0.47,0.01,-1.93,-1.32,-0.88,-0.61,-0.49,-0.69
S000005842,-2.64,-2.94,-3.06,0.57,-2.12,-1.74,-1.15,-1.06,-1.09,-0.64
S000005855,-0.03,-0.71,0.97,-1.64,0.18,0.28,-0.06,0.19,0.43,0.16
S000005865,0.08,0.1,-0.34,0.03,1.16,0.74,0.55,0.92,0.84,1.69
S000005874,0.75,1.51,0.91,-1.0,0.76,0.77,0.03,0.45,0.23,0.14
S000005879,0.61,1.78,1.33,0.12,0.5,0.45,-0.04,0.14,-0.22,-0.42
S000005891,0.54,-1.64,0.14,-0.3,-0.34,-0.18,0.23,-0.23,0.26,0.39
S000005898,2.41,0.18,-0.04,-0.07,0.19,0.51,0.15,0.17,0.15,-0.01
S000005901,1.69,2.06,1.49,0.58,0.62,0.29,1.06,0.5,0.88,0.92
S000005906,0.64,-1.69,1.38,-0.36,0.12,0.24,0.03,-0.22,-0.12,0.08
S000005909,0.83,2.42,2.91,-0.1,4.48,3.21,2.42,1.11,1.61,1.06
S000005910,0.69,1.73,2.17,-0.17,0.89,0.86,1.6,1.15,0.88,0.26
S000005913,0.12,2.58,1.16,-0.64,0.77,0.43,0.8,0.53,0.62,0.89
S000005924,-0.49,-2.4,-0.6,-0.38,0.76,0.29,-0.04,0.2,-0.42,0.14
S000005925,1.24,0.62,0.69,0.53,1.82,1.08,0.58,0.75,0.46,0.63
S000005937,1.79,-0.24,-0.28,-0.22,-0.34,-0.18,-0.56,-0.54,-0.2,-0.37
S000005942,-0.54,-0.76,-0.32,-0.14,0.66,-0.76,-0.47,-1.94,-0.6,-0.18
S000005945,0.1,-0.69,1.81,-0.07,0.41,0.5,0.51,0.37,0.76,0.38
S000005949,0.44,0.72,-4.06,0.46,-0.04,0.33,0.1,0.01,0.15,-0.06
S000005951,-0.34,1.07,-2.78,0.48,-0.06,-0.22,-0.45,0.91,0.08,-1.27
S000005965,1.44,-3.32,-1.29,-1.09,-0.71,-0.45,-0.62,-0.69,-0.42,-1.15
S000005975,0.76,1.24,3.13,0.72,1.41,1.27,0.24,-0.04,0.06,0.9
S000005979,0.12,-0.84,1.55,0.27,0.28,0.75,-0.02,-0.1,-0.61,-0.58
S000005983,-0.04,0.36,-0.12,0.63,0.07,3.22,0.68,0.11,-0.1,0.69
S000005992,0.7,0.7,0.6,1.76,0.23,0.15,0.41,-0.12,0.18,0.18
S000005995,0.32,-0.09,0.15,0.37,-0.46,1.78,0.07,0.0,-0.09,0.12
S000006007,-1.0,-3.18,-2.0,-0.64,-0.56,-0.51,-0.1,-0.01,-0.18,-0.17
S000006008,1.02,1.46,2.0,1.37,0.63,0.61,0.42,0.75,0.33,0.82
S000006011,-0.62,-1.36,-1.79,-0.15,-0.94,-0.51,-0.09,0.12,0.12,0.11
S000006014,0.95,1.08,-1.54,-0.96,-0.35,-0.56,-0.14,0.05,-0.34,-1.27
S000006044,0.03,0.4,0.48,1.72,1.3,1.01,0.65,0.54,0.1,0.31
S000006051,-0.27,1.36,0.32,-0.81,0.36,-0.89,-1.94,-0.79,-0.29,-1.36
S000006052,-0.76,-1.25,-1.69,-0.79,-0.56,-0.47,-0.22,-0.42,-0.03,-0.22
S000006056,1.65,1.2,1.3,0.51,0.64,0.67,-0.06,0.14,0.03,-0.4
S000006059,1.59,-0.25,-0.34,-0.1,0.04,0.07,0.08,-0.2,-0.01,-0.47
S000006067,-0.94,-1.84,-1.51,-0.25,-0.71,-0.36,-0.23,-0.38,-0.3,-0.58
S000006073,1.55,1.76,1.48,1.82,0.81,0.68,0.33,0.34,0.11,-0.45
S000006075,0.93,1.99,2.06,1.85,1.84,1.73,0.91,0.42,0.65,0.31
S000006086,1.01,2.28,1.5,1.51,0.98,0.79,0.53,0.08,0.26,0.51
S000006088,0.36,0.7,1.82,-0.02,0.02,-0.29,-0.3,-0.15,-0.03,-0.47
S000006092,0.68,1.96,0.83,1.09,-0.14,-0.9,0.45,0.39,0.35,-0.15
S000006093,0.2,1.65,-0.84,0.46,0.75,0.1,0.25,0.1,0.51,0.79
S000006094,0.11,1.17,0.2,1.51,0.64,0.43,0.14,-0.01,0.21,0.31
S000006104,-1.0,-1.6,-1.29,-0.59,-1.06,-0.71,-0.42,-0.27,-0.54,-0.25
S000006106,-0.2,-1.51,-0.15,0.31,-0.27,-0.27,0.36,0.3,-0.12,0.28
S000006119,-0.58,-1.51,-1.69,-1.12,-0.81,-0.58,-0.27,-0.15,-0.23,0.06
S000006151,0.14,2.56,2.3,1.38,1.6,1.98,0.85,1.06,1.3,0.89
S000006160,-0.94,-1.56,-1.18,-0.94,-0.23,-0.1,-0.32,0.0,-0.22,-0.62
S000006169,0.81,1.52,0.67,0.78,-0.34,0.51,-0.07,0.0,-0.17,-0.12
S000006171,1.9,0.63,0.24,-0.51,0.48,0.11,-0.92,-0.6,-0.86,-0.69
S000006177,-1.22,-2.56,-1.29,-1.06,-0.15,-0.38,-0.18,-0.64,0.24,-0.01
S000006184,-1.28,-1.72,-1.81,-1.15,-1.04,-0.8,0.2,0.04,0.07,-0.01
S000006187,-1.12,-1.09,-2.12,-0.67,-0.79,-0.25,0.21,-0.36,0.12,0.01
S000006196,-0.79,-1.64,0.37,0.49,-0.47,-0.23,0.4,0.11,0.18,-0.03
S000006199,0.04,-2.12,0.16,-0.56,0.28,-0.14,0.76,0.66,0.78,0.34
S000006210,-1.94,-1.32,-1.06,-0.1,0.68,0.43,0.16,0.58,-0.18,0.46
S000006215,0.36,-0.6,2.22,-1.18,-0.38,0.06,0.04,0.11,0.14,0.19
S000006217,-0.4,-2.12,-1.25,-0.42,-1.25,0.1,-0.43,-0.36,-0.51,-0.32
S000006219,-0.89,-0.47,2.22,-1.03,0.1,0.7,0.82,1.05,1.06,0.54
S000006232,0.34,0.89,0.73,2.19,-0.06,0.01,-0.27,-0.49,-0.22,0.0
S000006235,-0.62,-0.07,-1.89,-1.03,0.07,-0.12,-0.38,-0.14,-0.12,-0.03
S000006238,-0.49,0.08,-1.79,-0.22,-0.14,-0.69,-0.45,-0.51,-0.62,-0.32
S000006251,0.23,1.14,1.52,0.65,0.57,0.42,0.21,0.16,0.5,0.2
S000006271,1.18,2.53,1.86,1.54,0.43,0.5,0.48,-0.09,0.51,1.69
S000006275,0.51,0.56,0.27,-1.71,0.34,0.25,0.32,0.12,0.15,0.21
S000006281,-0.74,-1.03,0.1,-0.06,-0.15,-0.12,0.3,-0.49,0.42,1.53
S000006282,0.44,2.15,1.39,1.16,1.28,0.57,0.51,0.77,0.57,0.37
S000006287,-0.04,-0.71,-0.52,-0.35,-0.34,-0.23,0.08,-0.18,0.04,2.12
S000006291,-0.38,-2.0,-0.42,-1.12,-0.51,-0.07,0.19,-0.03,0.15,0.18
S000006306,-0.64,-1.36,-1.64,-1.36,-0.47,-0.58,-0.17,-0.06,-0.09,0.12
S000006314,-1.29,-1.69,-1.89,-1.15,-0.62,-0.3,-0.1,-0.17,-0.43,-0.23
S000006336,-0.67,-0.74,-1.51,-0.6,-0.47,-0.56,-0.23,-0.49,-0.09,-0.3
S000006341,-0.32,-0.51,-1.15,-1.84,-0.29,-0.25,-0.54,-0.38,-0.29,-0.45
S000006346,-1.22,-1.4,-1.6,-1.22,-0.56,-0.45,-0.69,-0.36,-0.56,-1.03
S000006347,-0.12,-1.89,-1.51,-0.92,-0.69,-0.4,-0.42,-0.67,-0.36,-0.56
S000006353,0.52,1.3,1.52,1.39,0.99,0.96,0.37,0.41,0.16,0.24
S000006354,0.29,1.67,1.56,0.7,1.12,1.44,0.26,0.45,0.07,-0.04
S000006362,1.52,2.18,1.81,1.86,0.63,0.42,-0.6,-0.3,-0.09,0.11
S000006364,0.08,0.7,1.8,0.7,1.83,1.62,1.36,0.92,1.27,2.33
S000006371,1.81,1.7,1.31,1.53,0.75,0.65,0.38,-0.1,0.14,0.16
S000006381,0.3,-1.89,0.28,-0.09,-0.3,0.12,0.0,-0.12,-0.15,0.08
S000006386,0.11,-1.6,-0.18,0.1,-0.14,-0.03,0.03,-0.36,0.12,0.15
S000006391,-1.15,-1.18,-2.0,-0.97,-0.86,-0.56,-0.25,-0.29,0.04,-0.01
S000006393,0.41,4.79,-0.06,0.59,-0.01,-0.33,-0.04,0.02,-0.12,0.09
S000006394,-1.69,-2.47,-2.64,-0.69,-0.94,-0.67,-0.4,0.01,-0.58,-0.27
S000006404,1.46,1.26,0.97,2.0,0.11,-0.3,-0.64,-0.69,0.1,-1.6
S000006405,0.51,0.26,1.52,-0.04,0.32,-0.07,-0.2,-0.47,-0.86,-1.12
