gene_id   ,0    ,570  ,690  ,810  ,930  ,1110 ,1230
S000000003,0.24 ,0.0  ,-0.04,-0.64,-0.94,-1.56,-2.32
S000000010,0.11 ,-0.01,0.55 ,-0.58,-0.74,-1.25,-2.56
S000000015,-0.12,-0.04,-0.15,0.32 ,0.42 ,0.72 ,1.48
S000000021,0.12 ,0.12 ,0.1  ,-0.34,0.0  ,-1.36,-1.15
S000000023,0.3  ,-0.1 ,0.0  ,-0.76,-0.81,-2.06,-2.25
S000000024,0.19 ,0.6  ,0.46 ,0.78 ,0.73 ,1.52 ,0.75
S000002134,-0.92,0.28 ,-0.1 ,-0.71,-0.56,1.84 ,2.17
S000000034,0.12 ,0.03 ,0.38 ,-0.67,-0.56,-1.32,-1.94
S000000036,0.1  ,0.19 ,0.29 ,-0.36,-0.4 ,-1.32,-2.32
S000000044,-0.01,-0.17,-0.01,-0.79,-0.6 ,-1.22,-1.47
S000000050,-0.67,-0.18,0.0  ,-0.18,-0.3 ,1.47 ,3.7
S000000055,-0.32,0.19 ,-0.09,-0.86,-1.06,-1.36,-1.79
S000000056,0.11 ,0.3  ,0.2  ,0.51 ,0.46 ,1.95 ,1.43
S000000057,-0.49,0.2  ,-0.25,-0.3 ,0.76 ,1.9  ,0.6
S000000065,-0.17,-0.32,-0.22,-0.25,-0.17,-0.51,-1.43
S000000075,-0.04,0.37 ,0.41 ,0.62 ,0.48 ,1.79 ,0.66
S000000076,0.31 ,0.37 ,0.73 ,0.41 ,0.21 ,1.53 ,0.58
S000000094,0.49 ,0.37 ,0.4  ,-0.56,-1.22,-1.47,-1.84
S000000095,0.32 ,0.46 ,0.5  ,-0.09,-0.47,-1.69,-2.25
S000000111,-0.1 ,0.06 ,0.01 ,0.11 ,0.3  ,2.72 ,3.39
S000000120,0.34 ,-0.07,0.16 ,-0.58,-0.84,-1.6 ,-1.79
S000000123,0.04 ,0.01 ,0.39 ,-0.17,-0.27,-1.12,-2.47
S000000126,0.59 ,0.54 ,0.92 ,0.39 ,0.86 ,0.78 ,1.79
S000000134,0.04 ,-0.03,0.11 ,0.31 ,0.5  ,1.58 ,1.19
S000000135,0.14 ,0.36 ,0.24 ,-0.54,-1.12,-1.29,-1.84
S000000139,-0.51,0.07 ,0.0  ,-0.22,-0.54,1.95 ,2.33
S000000141,0.07 ,0.0  ,0.68 ,0.53 ,0.16 ,1.7  ,2.48
S000000144,-0.25,0.11 ,-0.15,-0.23,-0.36,2.58 ,2.21
S000000145,-0.58,0.16 ,0.19 ,-0.15,-0.81,2.51 ,2.68
S000000146,0.07 ,-0.03,0.24 ,0.14 ,0.11 ,1.55 ,0.85
S000000150,0.21 ,-0.01,-0.18,-1.56,-1.25,-0.79,-1.47
S000000160,0.38 ,0.04 ,0.72 ,0.9  ,0.77 ,3.45 ,2.87
S000000168,0.12 ,0.18 ,0.24 ,0.04 ,-0.06,-0.1 ,-2.0
S000000171,0.08 ,-0.14,0.03 ,-0.04,0.03 ,1.29 ,1.44
S000000172,0.28 ,0.37 ,0.16 ,-0.23,-0.4 ,-1.79,-1.89
S000000173,-0.07,0.01 ,0.52 ,-0.14,-0.54,-0.45,-1.47
S000000174,-0.4 ,-0.17,0.14 ,0.23 ,0.32 ,2.32 ,2.12
S000000182,-0.36,-0.3 ,0.06 ,-0.14,0.03 ,1.62 ,0.95
S000000183,0.12 ,0.2  ,0.53 ,-0.09,-0.3 ,-1.22,-1.56
S000000195,0.34 ,0.37 ,0.95 ,0.6  ,1.12 ,1.4  ,2.17
S000000196,0.14 ,0.23 ,0.41 ,0.58 ,0.88 ,1.28 ,2.43
S000000202,0.06 ,0.18 ,0.06 ,-0.67,-0.64,-1.4 ,-0.51
S000000204,0.04 ,0.08 ,0.4  ,0.21 ,0.98 ,0.89 ,2.4
S000000205,0.06 ,-0.06,0.51 ,0.62 ,-0.18,1.06 ,1.59
S000000230,-0.54,-0.14,0.4  ,0.5  ,-0.14,1.4  ,1.0
S000000235,0.19 ,0.23 ,0.72 ,0.3  ,0.1  ,-0.81,-1.64
S000000236,0.0  ,0.15 ,0.39 ,0.14 ,-0.06,-1.09,-2.4
S000000238,-0.04,0.11 ,0.16 ,-1.09,-1.06,-0.6 ,-1.36
S000000243,0.11 ,-0.14,0.45 ,0.03 ,0.28 ,1.12 ,1.75
S000000246,-0.2 ,0.3  ,0.19 ,-0.18,-0.6 ,-0.49,-1.43
S000000250,-0.2 ,0.67 ,-0.43,-0.06,-0.18,1.62 ,1.31
S000000252,0.11 ,0.2  ,0.08 ,-0.42,-1.0 ,-1.51,-2.47
S000000255,-0.15,0.19 ,0.0  ,-0.4 ,-0.94,0.33 ,2.65
S000000256,-0.47,0.0  ,0.72 ,1.11 ,0.55 ,2.22 ,1.28
S000000257,0.19 ,0.2  ,0.6  ,0.45 ,-0.04,1.33 ,1.08
S000000258,0.2  ,0.25 ,1.07 ,1.21 ,1.05 ,1.83 ,1.53
S000000260,-0.54,-0.32,0.5  ,0.9  ,0.39 ,1.59 ,1.32
S000000271,0.11 ,0.14 ,0.31 ,0.12 ,0.06 ,1.65 ,1.84
S000000273,0.3  ,0.18 ,0.39 ,-0.74,-1.03,-1.64,-0.29
S000000276,-0.01,0.4  ,0.36 ,1.01 ,1.45 ,3.55 ,2.88
S000000283,0.26 ,0.08 ,0.03 ,-0.58,-0.67,-1.09,-1.69
S000002156,0.07 ,0.14 ,0.5  ,-0.1 ,-0.23,-0.89,-1.84
S000000288,0.29 ,0.46 ,0.39 ,-0.29,-0.42,-0.86,-1.64
S000000292,0.41 ,0.14 ,-0.06,-0.58,-0.34,-0.69,-1.47
S000000293,0.04 ,0.14 ,-0.27,-0.47,-0.76,-1.25,-1.64
S000000296,0.07 ,0.07 ,0.26 ,-0.47,-0.92,-1.51,-2.12
S000000297,0.36 ,0.24 ,0.92 ,-0.25,-0.71,-1.43,-1.4
S000000305,0.1  ,0.1  ,0.18 ,0.04 ,0.15 ,1.43 ,1.52
S000000310,0.23 ,0.29 ,0.21 ,0.06 ,0.01 ,-1.09,-2.0
S000000315,0.08 ,0.1  ,0.2  ,0.45 ,0.83 ,1.38 ,0.64
S000000320,-0.17,0.18 ,0.04 ,-0.22,-0.43,1.78 ,2.41
S000000321,0.36 ,0.63 ,0.7  ,0.04 ,-0.29,1.63 ,2.46
S000000325,0.43 ,0.15 ,0.26 ,-0.43,-0.42,-1.06,-1.79
S000000330,0.24 ,0.07 ,-0.04,0.56 ,0.67 ,1.77 ,0.6
S000000336,-1.09,-0.58,0.45 ,-0.06,-0.32,1.27 ,1.63
S000000341,-0.17,0.38 ,-0.14,0.0  ,0.01 ,1.73 ,0.58
S000000343,0.12 ,0.51 ,0.42 ,1.09 ,0.89 ,2.03 ,2.4
S000000347,0.23 ,0.03 ,0.25 ,-0.38,-0.47,-1.06,-1.74
S000000351,-0.1 ,0.33 ,-0.03,0.07 ,0.25 ,3.01 ,2.48
S000000353,0.06 ,0.23 ,0.15 ,0.38 ,0.75 ,1.84 ,1.45
S000000359,0.21 ,-0.09,-0.14,-0.92,-1.0 ,-2.25,-0.92
S000000360,0.15 ,0.04 ,0.1  ,-0.43,-0.34,-1.32,-1.79
S000000362,0.16 ,0.16 ,-0.4 ,-1.09,-0.97,-1.4 ,-1.4
S000000366,0.01 ,-0.07,0.56 ,0.08 ,-0.03,-0.51,-1.51
S000000373,-0.09,-0.06,0.04 ,0.66 ,0.82 ,2.2  ,1.95
S000000375,-0.15,0.0  ,-0.03,-0.4 ,-0.23,-0.29,-1.43
S000000385,0.18 ,0.23 ,0.2  ,0.08 ,0.12 ,-1.6 ,-2.56
S000000387,-0.36,-0.4 ,0.4  ,1.07 ,0.85 ,2.59 ,1.45
S000000391,-0.1 ,0.18 ,0.65 ,0.23 ,-0.18,-1.4 ,-1.94
S000000393,-0.03,-0.3 ,0.03 ,-0.27,-0.56,-2.0 ,-2.64
S000000395,0.07 ,-0.25,0.06 ,-0.25,-0.56,-1.74,-2.64
S000000407,-0.42,-0.43,-0.29,-0.22,-0.47,1.78 ,1.33
S000000418,-0.06,0.15 ,0.48 ,0.48 ,-0.03,1.87 ,1.43
S000000422,0.23 ,0.14 ,-0.29,-0.33,-0.33,-0.36,1.44
S000000426,0.24 ,0.34 ,0.48 ,0.08 ,0.3  ,0.82 ,1.49
S000000434,-0.14,-0.18,0.33 ,0.25 ,0.77 ,0.9  ,1.68
S000000442,0.15 ,0.94 ,0.38 ,-0.79,-0.97,-1.51,-2.32
S000000444,-0.2 ,1.41 ,0.01 ,-0.14,-0.54,0.14 ,0.23
S000000445,-0.97,0.07 ,0.42 ,0.19 ,-0.18,2.49 ,1.55
S000000451,-0.03,-0.22,-0.07,-1.18,-1.03,-1.22,-2.74
S000000452,0.23 ,0.11 ,0.4  ,-0.01,0.04 ,-0.22,-1.56
S000000453,0.15 ,0.04 ,0.14 ,-0.43,-0.6 ,-2.0 ,-2.4
S000000460,0.28 ,0.24 ,0.71 ,0.55 ,0.11 ,1.48 ,0.68
S000000470,0.06 ,-0.38,0.07 ,-0.97,-1.15,-1.47,-1.56
S000000471,-0.1 ,-0.4 ,-0.18,-0.92,-1.06,-0.86,-1.4
S000000473,-0.14,-0.29,-0.12,0.14 ,0.33 ,1.53 ,1.07
S000000484,-0.3 ,-0.27,0.06 ,-0.04,-0.4 ,1.97 ,1.16
S000000489,-0.4 ,0.38 ,0.16 ,-0.2 ,-0.51,1.51 ,0.91
S000000491,-0.54,-0.04,1.21 ,0.62 ,-0.04,1.72 ,1.06
S000000502,-0.34,-0.03,0.26 ,-0.3 ,-0.01,1.49 ,2.13
S000000514,0.21 ,0.44 ,-0.14,-0.17,-0.67,-0.12,1.52
S000000530,0.0  ,-0.03,0.43 ,0.04 ,0.65 ,0.67 ,2.47
S000000540,0.03 ,0.32 ,0.54 ,0.67 ,0.28 ,2.55 ,1.53
S000000542,-0.03,0.37 ,-0.84,-0.94,-0.97,-0.81,-1.64
S000000545,-0.64,-0.22,0.81 ,0.78 ,1.82 ,1.92 ,1.25
S000000547,-0.42,-0.18,0.14 ,0.23 ,1.48 ,1.39 ,0.46
S000000551,0.06 ,-0.07,-0.22,-0.38,-0.62,-1.36,-1.4
S000000555,0.12 ,-0.09,-0.42,-0.45,-0.81,-0.92,-1.94
S000000559,0.15 ,-0.15,0.12 ,-0.74,-0.92,-1.25,-2.06
S000000564,0.37 ,0.06 ,0.45 ,-0.69,-0.71,-0.34,-1.69
S000000598,-0.49,-0.14,0.1  ,-0.38,-0.84,1.06 ,2.28
S000000603,-0.49,-0.36,0.24 ,-0.38,-0.42,0.53 ,2.66
S000000609,0.24 ,0.15 ,0.58 ,-0.58,-0.62,-1.0 ,-1.56
S000000615,-0.79,0.01 ,1.88 ,1.56 ,0.86 ,3.65 ,3.29
S000000627,0.2  ,0.15 ,0.19 ,-0.23,-0.03,-0.89,-1.79
S000000630,0.12 ,0.15 ,0.9  ,0.01 ,-0.43,-0.89,-1.64
S000000635,0.16 ,0.66 ,0.38 ,0.25 ,0.15 ,1.49 ,1.21
S000000649,0.32 ,0.07 ,-0.01,-1.03,-0.69,-1.43,-1.69
S000000657,-0.58,0.14 ,0.57 ,0.04 ,0.06 ,1.33 ,1.03
S000000661,0.04 ,-0.01,-0.47,-1.0 ,-1.15,-1.43,-1.4
S000002133,-1.43,-0.6 ,0.3  ,-0.54,-0.32,0.93 ,0.43
S000000687,-0.42,0.04 ,-0.18,0.03 ,-0.25,1.5  ,1.03
S000002162,0.04 ,-0.04,0.2  ,0.37 ,0.53 ,1.75 ,1.2
S000002172,-0.12,-0.32,0.0  ,-0.51,-0.51,-1.22,-1.43
S000002179,-0.22,-0.07,0.52 ,0.86 ,1.04 ,1.59 ,1.29
S000002180,0.19 ,0.07 ,0.18 ,0.99 ,0.93 ,2.04 ,1.62
S000002181,0.16 ,0.2  ,-0.07,0.86 ,0.96 ,1.63 ,1.61
S000002195,0.12 ,1.12 ,-0.04,-1.6 ,-1.69,-1.69,-1.84
S000002198,0.06 ,0.11 ,-0.07,-0.36,-0.38,-0.89,-1.43
S000002204,-0.12,-0.14,0.3  ,0.26 ,0.39 ,1.34 ,0.48
S000002208,0.12 ,0.07 ,0.18 ,-0.47,-0.67,-1.56,-1.74
S000002209,0.12 ,0.48 ,0.24 ,-0.51,-0.84,-1.36,-1.47
S000002210,-0.04,0.52 ,-0.09,-0.29,-0.56,-1.43,-1.47
S000002213,0.24 ,0.19 ,0.24 ,0.18 ,-0.07,-0.71,-1.69
S000002218,0.1  ,0.08 ,0.18 ,-0.43,-0.54,-1.32,-1.79
S000002219,0.21 ,0.01 ,0.25 ,-0.09,-0.17,-0.89,-1.79
S000002220,0.04 ,0.0  ,-0.3 ,-0.84,-0.92,-0.86,-1.56
S000002221,-0.03,-0.03,-0.27,-0.92,-1.06,-1.51,-2.06
S000002222,-0.06,-0.29,-0.34,-0.62,-0.58,-0.79,-1.6
S000002230,0.0  ,0.14 ,0.37 ,0.46 ,0.5  ,1.44 ,0.42
S000002233,0.28 ,0.11 ,0.29 ,-0.09,-0.38,-1.06,-2.06
S000002237,0.04 ,1.04 ,0.11 ,-0.1 ,-0.01,1.74 ,0.95
S000002239,0.07 ,0.07 ,0.38 ,0.11 ,0.12 ,-0.32,-1.69
S000002240,0.19 ,0.01 ,-0.12,-0.36,-0.47,-1.74,-2.06
S000002241,0.1  ,-0.29,-0.18,-0.64,-0.81,-1.18,-2.4
S000002242,0.16 ,0.25 ,-0.04,-0.38,-0.43,-1.29,-1.47
S000002243,-0.1 ,0.99 ,0.06 ,-0.12,-0.27,2.05 ,2.79
S000002249,-0.23,-0.18,-0.12,0.0  ,0.25 ,1.41 ,1.21
S000002282,-0.06,-0.12,-0.06,0.52 ,0.57 ,1.9  ,0.66
S000002288,0.15 ,-0.09,0.24 ,0.07 ,0.04 ,-0.62,-2.25
S000002289,0.38 ,-0.04,-0.56,-1.15,-0.42,-1.94,-1.47
S000002295,-0.07,-0.01,-0.04,-0.38,-0.22,-1.56,-2.56
S000002302,0.24 ,0.12 ,-0.03,-0.42,-0.38,-0.62,-1.4
S000002307,0.03 ,-0.01,0.32 ,-0.84,-0.97,-1.4 ,-2.25
S000002310,0.06 ,0.32 ,-0.3 ,-0.62,-0.76,-1.06,-1.4
S000002311,-0.1 ,0.23 ,0.2  ,-0.74,-0.86,-1.12,-1.84
S000002312,0.42 ,0.18 ,0.36 ,-0.76,-1.0 ,-1.43,-1.79
S000002326,0.14 ,0.08 ,0.01 ,-0.6 ,-0.6 ,-1.74,-1.89
S000002328,-0.6 ,-0.76,-0.25,-0.43,-0.23,1.62 ,1.56
S000002340,-0.17,0.4  ,0.41 ,0.67 ,0.23 ,1.48 ,1.74
S000002341,0.1  ,-0.54,-0.89,-1.36,-1.43,-1.89,-2.0
S000002343,0.17 ,0.09 ,0.5  ,0.26 ,0.26 ,-0.74,-1.43
S000002350,0.14 ,-0.15,0.15 ,-0.23,-0.15,-1.47,-1.94
S000002358,-0.04,0.49 ,0.4  ,0.18 ,-0.34,1.72 ,2.33
S000002363,-0.36,0.93 ,-0.51,0.28 ,0.08 ,4.03 ,3.1
S000002367,0.04 ,-0.15,0.04 ,-0.58,-0.47,-2.12,-2.64
S000002369,-0.12,-0.29,0.06 ,-0.56,-0.45,-1.06,-1.89
S000002372,-0.18,-0.22,0.03 ,-0.81,-0.69,-1.69,-1.64
S000002374,-0.12,-0.03,-0.14,-0.35,-0.14,0.2  ,2.27
S000002377,-0.34,0.36 ,-0.1 ,-0.38,-0.34,1.25 ,1.5
S000002380,-0.49,1.39 ,-0.17,-0.4 ,-0.47,-0.23,-0.29
S000002382,-0.1 ,0.58 ,0.19 ,-0.14,-0.74,1.33 ,2.15
S000002395,0.18 ,0.29 ,-0.07,-0.09,-0.18,-0.84,-1.64
S000002408,0.14 ,0.03 ,0.45 ,0.86 ,0.66 ,2.05 ,1.88
S000002410,-0.17,0.84 ,-0.12,0.21 ,0.18 ,1.4  ,1.02
S000002413,0.15 ,-0.27,-1.12,-1.6 ,-1.51,-0.58,-0.86
S000002418,-0.06,-0.36,-0.64,-0.69,-0.6 ,-1.4 ,-0.42
S000002419,0.11 ,0.14 ,0.28 ,0.12 ,0.01 ,-1.09,-2.18
S000002425,-0.47,0.84 ,-0.07,-0.49,-0.38,1.25 ,1.36
S000002426,-0.01,0.44 ,0.9  ,1.3  ,1.92 ,0.54 ,0.21
S000002430,0.48 ,-0.07,0.56 ,-0.27,-0.38,-1.03,-1.56
S000002431,-0.43,0.9  ,-0.3 ,-0.4 ,-0.64,-1.6 ,-1.74
S000002432,0.14 ,-0.12,-0.18,-0.79,-0.76,-0.86,-2.32
S000002438,-0.29,-0.07,0.19 ,0.14 ,0.54 ,2.3  ,1.26
S000002439,0.12 ,0.3  ,0.9  ,0.99 ,1.03 ,1.77 ,1.04
S000002444,0.08 ,0.34 ,-0.1 ,-0.56,-0.51,-1.94,-1.94
S000002446,0.12 ,0.06 ,-0.14,-0.47,-0.67,-1.64,-0.25
S000002450,-0.14,-0.09,-0.01,-0.01,-0.56,1.06 ,1.43
S000002466,-0.04,-0.18,0.45 ,0.19 ,0.55 ,1.06 ,1.44
S000002467,-0.04,-0.09,-0.01,-0.79,-0.84,-2.25,-2.4
S000002471,-0.06,-0.12,-0.06,-0.56,-0.56,-2.12,-2.4
S000002477,0.01 ,0.08 ,0.06 ,0.01 ,0.25 ,2.38 ,1.68
S000002481,0.16 ,0.2  ,0.24 ,1.03 ,0.96 ,2.02 ,1.19
S000002484,0.29 ,0.46 ,0.51 ,1.03 ,1.45 ,2.11 ,1.65
S000002490,0.15 ,0.16 ,0.55 ,-0.58,-0.58,-0.1 ,-1.47
S000002503,-0.25,-0.07,-0.04,0.14 ,-0.2 ,0.96 ,1.57
S000002508,0.38 ,0.26 ,0.32 ,-1.0 ,-1.32,-1.89,-0.84
S000002526,0.32 ,0.38 ,0.82 ,0.06 ,-0.34,-0.97,-1.36
S000002532,-0.29,0.01 ,0.01 ,-0.14,-0.12,1.03 ,1.45
S000002551,0.14 ,-0.04,-0.3 ,-0.86,-1.15,-2.4 ,-2.74
S000002555,-0.62,-0.01,0.37 ,-0.18,-0.2 ,1.86 ,1.41
S000002572,0.32 ,0.26 ,0.4  ,-0.69,-0.97,-2.0 ,-1.6
S000002578,0.08 ,0.12 ,0.43 ,0.85 ,0.95 ,3.63 ,3.32
S000002585,-0.2 ,-0.03,0.59 ,0.89 ,0.84 ,2.55 ,2.61
S000002614,-0.12,-0.22,-0.34,-0.84,-0.89,-1.69,-1.56
S000002624,-0.06,0.01 ,-0.2 ,-0.14,-0.07,1.12 ,1.44
S000002634,0.16 ,0.38 ,0.07 ,-0.14,-0.09,-0.29,-1.51
S000002639,-0.25,-0.29,0.08 ,0.23 ,0.46 ,1.6  ,1.52
S000002666,-0.23,0.02 ,-0.23,0.77 ,0.78 ,2.37 ,2.43
S000002680,0.02 ,0.1  ,0.43 ,0.46 ,0.38 ,2.44 ,1.36
S000002685,-0.27,0.0  ,0.34 ,0.19 ,0.8  ,1.86 ,1.42
S000002721,-0.07,0.28 ,0.0  ,-0.34,-0.49,1.64 ,1.21
S000002729,-0.01,0.07 ,0.24 ,-0.56,-0.45,-1.84,-2.06
S000002732,0.06 ,-0.01,0.14 ,-0.6 ,-0.89,-1.09,-1.84
S000002734,0.03 ,-0.17,-0.34,-0.25,-0.36,-0.89,-1.43
S000002737,0.0  ,0.06 ,0.32 ,0.0  ,0.2  ,1.58 ,1.3
S000002749,0.23 ,0.11 ,-0.06,-0.69,-0.6 ,-1.94,-1.69
S000002750,0.18 ,0.43 ,0.95 ,1.52 ,1.66 ,2.3  ,1.6
S000002751,0.15 ,0.77 ,1.28 ,1.92 ,1.5  ,2.18 ,2.67
S000002766,-0.1 ,-0.15,0.49 ,0.63 ,0.38 ,1.77 ,0.64
S000002769,0.19 ,0.1  ,0.38 ,-0.47,-0.76,-1.29,-1.51
S000002773,0.04 ,0.06 ,0.23 ,-0.38,-0.62,-1.64,-1.94
S000002774,0.06 ,0.0  ,-0.07,-0.07,-0.07,-1.15,-1.69
S000002790,0.1  ,0.15 ,0.1  ,0.06 ,0.04 ,-0.6 ,-2.4
S000002792,0.04 ,-0.15,-0.36,-1.09,-1.6 ,-1.47,-2.18
S000002793,0.12 ,0.1  ,0.21 ,0.08 ,-0.3 ,-0.89,-1.64
S000002803,0.16 ,0.39 ,0.31 ,-0.58,-0.69,-0.94,-1.36
S000002806,-0.01,-0.09,-0.12,-1.03,-1.12,-2.0 ,-2.84
S000002807,0.06 ,0.12 ,0.25 ,-0.32,-0.34,-1.51,-1.89
S000002825,0.31 ,0.11 ,0.08 ,-0.34,-0.25,-1.64,-2.56
S000002826,0.2  ,0.18 ,0.3  ,-0.2 ,-0.2 ,-1.74,-2.94
S000002854,-0.43,-0.56,-0.43,-0.64,-0.94,-0.67,-1.94
S000002855,0.06 ,-0.17,-0.23,-0.49,-0.3 ,-1.79,-2.06
S000002857,-0.07,-0.3 ,-0.22,-0.67,-0.62,-1.84,-2.25
S000002858,0.44 ,0.1  ,0.11 ,-0.36,-0.09,-1.32,-2.0
S000002861,0.29 ,0.12 ,0.33 ,0.25 ,-0.03,1.64 ,0.65
S000002873,0.07 ,0.06 ,0.1  ,-0.84,-1.03,-1.25,-1.84
S000002879,0.38 ,0.18 ,0.18 ,-0.54,-0.15,-1.43,-2.0
S000002899,0.06 ,0.26 ,0.16 ,-0.67,-0.43,-1.69,-0.45
S000002904,0.18 ,0.15 ,0.31 ,-0.54,-0.86,-0.81,-1.89
S000002908,0.19 ,0.06 ,0.37 ,-0.25,-0.27,-1.22,-1.84
S000002910,0.31 ,0.16 ,0.56 ,-0.54,-0.89,-1.36,-1.51
S000002916,0.21 ,-0.12,-0.3 ,-0.89,-0.92,-1.4 ,-1.03
S000002921,0.07 ,0.07 ,0.29 ,0.31 ,0.82 ,2.21 ,1.84
S000002924,-0.14,0.28 ,0.42 ,0.78 ,0.71 ,2.3  ,1.01
S000002935,0.04 ,0.01 ,-0.09,-0.42,-0.4 ,-1.36,-1.15
S000002937,0.18 ,0.03 ,0.38 ,0.86 ,0.82 ,2.18 ,2.55
S000002941,-0.07,0.06 ,0.58 ,0.42 ,0.01 ,2.78 ,2.36
S000002944,-0.56,-0.71,-0.06,-0.92,-0.76,0.28 ,2.26
S000000737,-0.29,0.12 ,0.5  ,0.82 ,0.5  ,2.62 ,2.87
S000000738,-0.09,-0.3 ,0.07 ,0.08 ,-0.36,1.32 ,2.36
S000000748,0.01 ,-0.15,-0.15,-0.29,-0.49,-0.81,-1.56
S000000750,0.08 ,0.28 ,0.56 ,0.88 ,0.94 ,1.95 ,2.34
S000000752,-0.14,-0.38,0.07 ,-0.6 ,-0.97,-1.89,-2.06
S000000758,0.01 ,-0.1 ,-0.2 ,-0.45,-0.64,-0.74,-1.47
S000000760,-0.07,-0.4 ,-0.25,-0.69,-0.69,-0.71,-1.69
S000000765,-0.25,-0.43,-0.15,0.04 ,0.01 ,1.9  ,1.29
S000000766,0.21 ,0.4  ,0.55 ,-0.58,-0.81,-1.18,-2.12
S000000768,0.18 ,0.2  ,0.54 ,-0.22,-0.54,-0.69,-1.36
S000000772,0.03 ,0.08 ,0.0  ,-0.69,-1.12,-1.51,-1.74
S000000774,0.0  ,-0.03,0.03 ,-0.6 ,-0.6 ,-0.94,-1.74
S000000780,0.2  ,0.1  ,0.33 ,-0.32,-0.47,-1.64,-2.47
S000000786,0.21 ,-0.29,0.29 ,-0.01,-0.04,1.71 ,0.96
S000000796,-0.89,-0.45,0.33 ,-0.36,-0.71,1.46 ,0.9
S000000804,0.19 ,0.0  ,0.04 ,-0.94,-0.81,-1.74,-1.51
S000000808,0.45 ,0.11 ,0.51 ,-0.74,-0.74,-1.51,-1.51
S000000811,0.18 ,0.07 ,0.37 ,0.04 ,0.28 ,-0.4 ,-1.43
S000000822,-0.67,-0.01,0.61 ,0.03 ,-0.38,1.37 ,0.64
S000000826,-0.27,-0.15,0.18 ,-0.36,-0.49,1.11 ,3.17
S000000827,0.51 ,0.06 ,0.38 ,-0.49,-0.6 ,-1.4 ,-1.29
S000000837,-0.1 ,-0.15,-0.1 ,-0.12,0.64 ,2.2  ,1.23
S000000838,0.25 ,0.31 ,-0.32,-0.94,-1.15,-2.18,-2.18
S000000845,0.54 ,0.39 ,0.7  ,-0.6 ,-0.43,-1.03,-1.56
S000000846,0.23 ,0.29 ,0.37 ,0.2  ,0.6  ,1.59 ,0.44
S000000851,0.06 ,0.31 ,0.07 ,-0.49,-0.84,-1.0 ,-1.6
S000000854,0.48 ,0.28 ,0.7  ,-0.18,-0.64,-1.25,-1.43
S000000855,-0.2 ,0.37 ,1.03 ,1.51 ,1.64 ,2.21 ,2.62
S000000858,0.14 ,0.54 ,0.7  ,-0.3 ,-0.17,-1.56,-1.84
S000000862,-0.03,0.3  ,0.37 ,-0.56,-0.42,-1.22,-1.69
S000000864,0.15 ,-0.03,0.14 ,-0.51,-0.25,-0.17,-1.64
S000000867,0.12 ,0.16 ,0.55 ,0.08 ,-0.15,0.54 ,3.7
S000000869,-0.06,0.15 ,0.76 ,1.04 ,0.37 ,3.24 ,2.59
S000000872,0.21 ,0.12 ,0.24 ,-0.25,-0.71,-1.64,-1.4
S000000876,0.2  ,0.04 ,0.41 ,-0.14,-0.36,-1.12,-2.18
S000000881,-0.3 ,-0.51,0.25 ,0.14 ,0.1  ,1.35 ,1.82
S000000888,0.18 ,0.38 ,0.79 ,0.1  ,-0.22,-0.94,-1.69
S000000898,-0.09,0.15 ,0.54 ,0.16 ,-0.58,0.52 ,1.8
S000000912,0.23 ,0.1  ,0.58 ,-0.6 ,-0.86,-1.94,-1.69
S000000919,0.16 ,0.16 ,0.21 ,0.11 ,-0.14,-1.22,-2.18
S000000928,0.16 ,0.14 ,0.39 ,-0.47,-0.64,-0.6 ,-1.47
S000000933,0.37 ,0.14 ,0.46 ,0.04 ,-0.01,-1.36,-2.47
S000000943,0.0  ,0.49 ,0.76 ,0.94 ,0.48 ,1.41 ,1.23
S000000947,0.16 ,0.1  ,-0.42,-0.64,-1.09,-1.43,-1.29
S000000952,-0.01,0.18 ,1.15 ,1.51 ,1.61 ,3.46 ,3.3
S000000960,-0.23,0.01 ,0.94 ,0.73 ,0.86 ,1.15 ,1.84
S000000967,0.4  ,0.39 ,0.01 ,-1.0 ,-1.03,-1.43,-1.69
S000000984,-0.32,-0.32,-0.15,-0.25,0.29 ,1.94 ,1.13
S000001880,-0.15,0.39 ,0.62 ,1.58 ,2.25 ,3.6  ,3.42
S000001872,0.06 ,0.07 ,-0.29,-0.76,-0.92,-1.12,-1.51
S000001864,-0.81,-0.47,0.18 ,-0.27,0.03 ,1.06 ,2.27
S000001840,-0.67,-0.36,-0.14,-0.27,-0.18,2.49 ,0.97
S000001911,-0.23,0.04 ,0.42 ,1.55 ,1.03 ,2.75 ,2.72
S000001913,-0.69,-0.69,-0.29,-0.22,-0.12,1.0  ,1.45
S000001929,0.06 ,-0.1 ,0.03 ,0.32 ,0.63 ,2.39 ,1.89
S000001949,0.19 ,0.33 ,0.4  ,0.99 ,1.48 ,2.53 ,0.37
S000001952,0.0  ,0.11 ,-0.06,-0.84,-0.89,-0.6 ,-2.25
S000002974,-0.15,-0.07,-0.07,0.62 ,0.66 ,1.41 ,1.3
S000002976,0.23 ,0.23 ,0.11 ,0.0  ,-0.29,-1.43,-1.51
S000002983,-0.3 ,0.3  ,0.25 ,-0.45,-0.42,-1.4 ,-0.84
S000002996,0.19 ,0.12 ,0.52 ,-0.27,-0.67,-0.92,-1.43
S000002997,-0.27,-0.22,0.01 ,-0.54,-0.34,-1.84,-1.32
S000002998,-0.09,-0.15,0.04 ,-0.43,-0.34,-1.43,-2.06
S000002999,0.03 ,0.0  ,0.04 ,-0.14,0.0  ,-0.67,-2.32
S000003005,0.2  ,0.37 ,0.28 ,1.16 ,1.46 ,2.82 ,1.84
S000003007,0.21 ,0.44 ,0.16 ,-0.81,-0.79,-1.47,-0.97
S000003013,-0.29,-0.22,0.04 ,-0.23,0.11 ,1.4  ,1.3
S000003015,-0.15,-0.15,-0.01,0.14 ,0.44 ,1.9  ,0.71
S000003023,0.32 ,0.86 ,1.46 ,0.07 ,0.1  ,-0.69,0.06
S000003030,0.03 ,0.11 ,-1.03,-0.84,-0.86,-0.76,1.81
S000003044,0.07 ,-0.42,-0.03,-0.79,-0.84,-1.69,-2.84
S000003046,-0.01,-0.25,0.32 ,-0.84,-0.84,-1.47,-2.47
S000003056,-0.51,-1.47,-0.42,-0.36,-0.58,0.03 ,0.42
S000003070,0.03 ,-0.1 ,0.16 ,0.0  ,-0.03,-1.4 ,-2.56
S000003071,0.21 ,0.19 ,0.06 ,-0.14,-0.3 ,-1.51,-2.12
S000003080,0.21 ,0.07 ,0.18 ,-0.14,-0.2 ,-0.43,-1.51
S000003089,0.0  ,0.25 ,0.26 ,0.24 ,0.53 ,1.39 ,1.11
S000003091,0.11 ,0.15 ,0.44 ,-0.1 ,-0.23,-1.51,-2.06
S000003103,0.21 ,0.4  ,0.71 ,0.1  ,-0.17,-1.29,-2.0
S000003115,0.41 ,0.46 ,0.62 ,0.08 ,-0.04,-1.09,-1.94
S000003121,-0.14,-0.07,0.21 ,-0.03,-0.34,1.08 ,1.57
S000003155,0.12 ,0.29 ,0.51 ,0.62 ,0.94 ,2.03 ,2.18
S000003157,0.15 ,0.12 ,0.34 ,-0.2 ,0.1  ,-0.64,-1.84
S000003159,0.04 ,-0.07,0.03 ,0.03 ,0.89 ,2.49 ,2.35
S000003166,-0.32,0.11 ,0.57 ,0.41 ,0.4  ,1.4  ,0.85
S000003167,0.06 ,-0.12,0.1  ,0.24 ,0.53 ,1.76 ,1.03
S000003193,0.19 ,0.36 ,0.78 ,0.11 ,-0.18,-1.15,-1.64
S000003207,0.1  ,0.16 ,0.14 ,-0.54,-0.45,-0.79,-1.56
S000003228,-0.14,-0.07,0.49 ,0.63 ,0.38 ,1.67 ,2.82
S000003233,-0.09,0.16 ,-0.17,0.21 ,-0.49,-0.79,-1.51
S000003240,-0.06,0.04 ,0.5  ,1.12 ,1.07 ,2.76 ,2.09
S000003251,-0.1 ,-0.15,0.23 ,0.29 ,0.29 ,1.33 ,1.28
S000003259,0.23 ,0.16 ,0.38 ,0.23 ,0.25 ,-1.09,-1.84
S000003266,-0.01,-0.23,-0.14,-0.69,-0.45,-1.64,-1.69
S000003275,-0.43,-0.74,-0.06,-0.1 ,-0.17,3.49 ,2.66
S000003276,0.07 ,0.15 ,0.26 ,0.34 ,0.4  ,1.46 ,0.88
S000003284,-0.62,-0.2 ,0.69 ,0.01 ,-0.17,1.48 ,1.3
S000003292,0.1  ,0.0  ,0.38 ,-0.43,-0.43,-1.4 ,-1.6
S000003293,0.12 ,0.15 ,0.04 ,-0.18,-0.14,-1.29,-1.4
S000003298,-0.32,-0.43,0.24 ,-0.3 ,-0.47,1.58 ,1.24
S000003299,0.04 ,-0.09,0.16 ,-0.34,-0.38,0.59 ,2.38
S000003302,-0.22,0.06 ,-0.18,0.07 ,0.44 ,1.78 ,2.07
S000003317,0.25 ,0.15 ,0.39 ,-0.04,-0.17,-0.92,-2.18
S000003320,0.15 ,0.06 ,0.21 ,0.73 ,0.96 ,3.62 ,2.96
S000003322,0.04 ,-0.06,0.28 ,-0.69,-0.4 ,-1.51,-0.06
S000003326,0.1  ,0.24 ,-0.01,-0.74,-0.47,-2.06,-0.3
S000003327,-0.01,-0.18,-0.29,-0.43,-0.62,-0.79,-1.43
S000003334,-0.23,-0.22,-0.06,-0.32,0.03 ,1.42 ,0.84
S000003335,0.15 ,-0.06,0.32 ,-0.92,-1.12,-1.64,-2.56
S000003342,0.16 ,0.07 ,0.5  ,-0.06,-0.38,1.08 ,2.12
S000003350,0.42 ,0.37 ,0.39 ,0.19 ,0.29 ,-1.09,-1.6
S000003355,-0.01,-0.17,-0.03,-0.81,-0.67,-1.06,-1.74
S000003356,0.5  ,0.66 ,0.56 ,-0.36,-0.51,-1.36,-1.64
S000003360,0.3  ,0.26 ,0.37 ,-0.81,-0.76,-0.89,-1.47
S000003362,0.19 ,0.15 ,0.25 ,0.3  ,0.1  ,1.49 ,1.06
S000003370,0.28 ,0.53 ,2.07 ,1.48 ,0.76 ,0.58 ,1.35
S000003374,-0.22,-0.07,0.15 ,0.15 ,0.34 ,1.39 ,2.0
S000003377,0.0  ,-0.23,0.25 ,-0.89,-1.09,-1.69,-2.18
S000003378,-0.01,0.12 ,-0.15,-0.84,-0.54,1.46 ,1.79
S000003380,0.2  ,0.11 ,0.06 ,-0.29,-0.27,-1.84,-2.64
S000003387,0.2  ,0.16 ,0.0  ,-0.62,-0.97,-1.15,-2.18
S000003391,0.2  ,0.07 ,0.12 ,-1.06,-1.09,-1.0 ,-2.0
S000003392,0.32 ,0.11 ,-0.25,-1.47,-1.47,-2.47,-3.18
S000003394,0.3  ,0.33 ,0.31 ,-0.45,-0.58,-1.03,-1.56
S000003406,-0.2 ,-0.18,0.11 ,0.32 ,0.45 ,2.2  ,1.81
S000003409,-0.04,0.48 ,0.19 ,-0.92,-1.12,0.03 ,-1.4
S000003417,0.33 ,-0.23,0.14 ,-0.58,-0.67,-0.58,-1.6
S000003419,0.2  ,-0.22,0.44 ,-0.74,-0.74,-0.22,-1.47
S000003426,-0.4 ,0.04 ,0.3  ,0.58 ,0.54 ,1.49 ,1.26
S000003433,-0.15,-0.34,0.85 ,0.16 ,-0.1 ,1.9  ,1.65
S000003446,0.26 ,0.15 ,0.44 ,-0.36,-0.29,-1.69,-2.47
S000003463,-0.01,0.03 ,0.58 ,0.03 ,-0.23,1.36 ,0.69
S000003468,-0.14,-0.18,-0.3 ,-0.49,-0.64,3.45 ,2.82
S000003475,-0.34,-0.29,-0.38,-0.2 ,-0.42,3.18 ,2.5
S000003476,0.04 ,0.28 ,0.77 ,0.96 ,1.48 ,2.38 ,2.06
S000003477,0.19 ,0.12 ,0.01 ,-1.03,-1.15,-1.51,-1.6
S000003480,-0.3 ,-0.4 ,0.44 ,0.68 ,1.41 ,4.08 ,2.45
S000003482,0.3  ,0.15 ,0.6  ,0.41 ,0.87 ,1.53 ,1.92
S000003488,0.23 ,0.16 ,0.34 ,-0.6 ,-0.07,1.74 ,1.43
S000003496,0.42 ,0.43 ,0.0  ,-0.71,-0.81,-2.56,-2.06
S000003497,0.11 ,0.06 ,-0.43,-0.79,-0.89,-0.56,-1.6
S000003512,0.24 ,0.08 ,-0.03,-1.09,-0.79,-1.0 ,-1.84
S000003517,0.01 ,-0.09,0.14 ,-0.69,-0.2 ,-1.29,-1.94
S000003521,-0.51,-0.38,-0.03,-0.51,-0.42,1.51 ,1.01
S000000993,0.21 ,-0.1 ,0.21 ,0.11 ,-0.2 ,-1.47,-1.94
S000001007,0.16 ,0.32 ,0.1  ,-0.07,-0.17,-1.79,-2.84
S000001013,-0.45,0.12 ,0.65 ,0.99 ,0.8  ,2.98 ,2.51
S000001016,-0.23,-0.03,0.42 ,0.12 ,0.11 ,1.05 ,1.45
S000001024,-0.15,-0.1 ,0.24 ,-0.2 ,-0.15,1.04 ,1.56
S000001025,0.34 ,0.23 ,0.19 ,-0.18,-0.51,-1.56,-2.47
S000001031,0.01 ,0.04 ,0.19 ,-0.86,-0.94,-0.58,-1.4
S000001052,0.55 ,0.4  ,0.61 ,0.01 ,0.01 ,-1.09,-1.94
S000001058,-0.06,0.16 ,0.15 ,0.19 ,0.79 ,1.63 ,0.81
S000001061,0.12 ,0.4  ,0.43 ,-0.2 ,-0.43,-1.25,-1.6
S000001091,0.08 ,0.03 ,-0.27,-0.4 ,-0.36,-1.56,-1.36
S000001093,0.2  ,0.04 ,0.19 ,0.41 ,0.76 ,2.18 ,2.5
S000001094,0.1  ,-0.12,-0.15,-0.86,-0.69,-1.47,-1.69
S000001106,0.37 ,0.37 ,0.11 ,-0.36,-0.58,-1.29,-1.79
S000001129,-0.42,-0.42,-0.1 ,0.1  ,0.9  ,2.97 ,0.96
S000001131,-0.2 ,-0.34,-0.14,-0.71,-0.47,-2.18,-2.64
S000001134,-0.04,0.3  ,0.73 ,1.2  ,1.19 ,1.79 ,0.94
S000001138,-0.12,-0.04,0.66 ,0.32 ,-0.32,1.42 ,3.03
S000001146,0.29 ,0.26 ,0.56 ,0.63 ,0.57 ,2.38 ,1.25
S000001170,0.24 ,0.08 ,0.23 ,-0.71,-0.67,-1.89,-2.32
S000001183,-0.03,-0.2 ,-0.22,-0.29,-0.36,-1.22,-2.06
S000001192,0.07 ,-0.03,-0.22,-0.71,-0.92,-0.79,-1.4
S000001238,-0.01,0.21 ,0.59 ,0.14 ,0.16 ,2.09 ,1.21
S000001239,0.21 ,0.18 ,0.18 ,-0.62,-0.64,-0.62,-1.43
S000001246,0.33 ,0.51 ,0.33 ,-0.3 ,-0.12,-1.56,-2.12
S000001249,0.07 ,-0.15,-0.71,-1.15,-1.18,-1.18,-1.56
S000001251,0.2  ,0.19 ,0.11 ,-0.71,-0.32,-1.0 ,-2.12
S000001252,-0.07,-0.04,0.46 ,-0.01,0.23 ,1.75 ,0.58
S000001258,0.48 ,0.55 ,0.28 ,-0.74,-0.94,-1.94,-1.36
S000001259,0.31 ,0.3  ,0.34 ,-0.45,-0.36,-1.84,-2.25
S000001280,0.3  ,0.08 ,0.26 ,-0.22,-0.17,-1.36,-2.32
S000001281,-0.17,-0.6 ,-0.23,-1.09,-1.56,-1.15,-1.56
S000001301,-0.12,-0.17,-0.34,-0.43,-0.32,-1.15,-1.56
S000001314,0.42 ,-0.09,0.28 ,-0.09,-0.34,-1.64,-2.25
S000001315,0.26 ,-0.01,-0.23,-0.94,-1.25,-2.32,-2.94
S000001319,-0.45,-0.34,0.34 ,-0.29,-0.67,0.4  ,1.49
S000001327,0.0  ,-0.23,-0.38,-0.86,-0.81,-1.12,-1.84
S000001328,0.12 ,-0.01,-0.04,-0.45,-0.69,-1.43,-1.64
S000001331,-0.06,-0.49,-0.42,-0.64,-0.71,-1.94,-2.47
S000001349,-0.34,-0.3 ,0.25 ,0.4  ,0.45 ,1.94 ,1.7
S000001353,0.04 ,-0.03,-0.09,-0.67,-0.69,-1.25,-1.47
S000001356,0.0  ,-0.23,-0.1 ,0.0  ,0.12 ,-1.0 ,-1.51
S000001358,-0.12,-0.49,0.12 ,-0.62,0.08 ,-1.0 ,-1.36
S000001359,-0.36,-0.01,-0.17,-0.25,-0.32,1.53 ,1.37
S000001360,-0.32,-0.62,0.43 ,0.21 ,-0.32,1.63 ,0.15
S000001363,-0.42,-0.51,0.08 ,0.28 ,-0.38,1.56 ,1.82
S000001369,-0.15,-0.09,-0.09,0.42 ,0.7  ,1.66 ,1.7
S000001373,-0.09,0.14 ,0.68 ,1.1  ,1.46 ,2.99 ,1.08
S000001375,-0.34,-0.36,-0.3 ,0.04 ,-0.07,2.36 ,1.3
S000001384,-0.45,-0.67,-0.36,-0.56,-0.25,1.51 ,0.82
S000001386,0.03 ,0.25 ,0.7  ,0.91 ,0.69 ,1.39 ,0.56
S000001387,0.24 ,0.57 ,0.38 ,0.12 ,0.5  ,1.42 ,2.99
S000001390,0.1  ,0.01 ,-0.1 ,-0.42,-0.14,-0.62,-1.43
S000001395,0.34 ,0.26 ,0.21 ,-0.38,-0.34,-1.6 ,-2.25
S000001398,-0.97,-0.27,0.21 ,-0.25,1.32 ,3.51 ,1.8
S000001410,-0.12,-0.22,-0.42,-0.51,-0.4 ,-1.15,-2.0
S000001422,-1.6 ,-0.74,-0.01,-0.79,-0.34,0.56 ,0.23
S000001424,0.06 ,0.38 ,0.77 ,0.37 ,0.04 ,2.77 ,1.36
S000001431,0.31 ,0.32 ,0.33 ,0.31 ,0.7  ,0.99 ,1.51
S000001451,0.31 ,0.44 ,0.51 ,-0.64,-0.64,-0.86,-1.43
S000001477,0.08 ,0.23 ,0.81 ,0.66 ,0.52 ,1.96 ,1.61
S000001478,-0.36,-0.69,0.62 ,0.99 ,0.52 ,1.94 ,1.97
S000003549,0.18 ,0.08 ,-0.29,-0.43,-0.6 ,-0.92,-1.47
S000003581,-0.34,-0.2 ,0.42 ,-0.07,-0.47,1.01 ,2.33
S000003586,-0.07,-0.12,-0.14,-0.84,-0.74,-1.18,-1.51
S000003603,-0.36,-0.12,-0.18,-0.12,0.12 ,1.9  ,1.75
S000003615,-0.25,0.36 ,0.96 ,0.78 ,1.19 ,1.51 ,1.09
S000003616,0.19 ,0.01 ,-0.23,-0.3 ,-0.4 ,-1.15,-1.84
S000003624,-0.32,-0.43,-0.4 ,-0.4 ,-0.51,-0.04,1.48
S000003625,-0.64,-0.34,-0.25,-0.18,-0.25,1.12 ,3.03
S000003634,-0.04,-0.4 ,-0.29,-0.09,-0.89,-1.74,0.15
S000003639,-0.38,0.03 ,-0.06,0.03 ,0.4  ,1.89 ,2.24
S000003645,-0.07,0.03 ,-0.12,-1.18,-1.09,-3.18,-2.0
S000003647,0.3  ,0.19 ,0.06 ,-0.32,-0.34,-1.56,-1.43
S000003658,-0.03,-0.17,0.01 ,-1.0 ,-0.92,-1.69,-2.25
S000003672,0.19 ,-0.09,0.34 ,-0.07,-0.47,-1.47,-2.4
S000003673,-0.04,0.08 ,0.26 ,0.07 ,-0.49,1.06 ,1.85
S000003674,0.29 ,0.19 ,0.44 ,-0.12,-0.47,-1.4 ,-1.89
S000003677,-0.4 ,0.11 ,0.07 ,-0.2 ,-0.07,1.65 ,1.04
S000003680,-0.4 ,-0.43,0.23 ,0.16 ,-0.1 ,2.15 ,1.12
S000003684,0.08 ,-0.2 ,0.16 ,-0.76,-0.69,-1.29,-2.4
S000003687,0.04 ,0.2  ,0.28 ,0.11 ,0.45 ,1.85 ,1.3
S000003691,-0.29,0.07 ,0.48 ,0.26 ,0.45 ,1.49 ,1.4
S000003693,-0.06,0.06 ,-0.06,-0.07,-0.01,-1.25,-1.51
S000003694,0.14 ,-0.14,0.19 ,0.08 ,-0.1 ,-0.74,-1.51
S000003697,0.01 ,-0.15,0.08 ,0.21 ,0.15 ,1.93 ,1.89
S000003699,0.06 ,0.01 ,0.12 ,0.23 ,0.07 ,1.04 ,1.75
S000003700,-0.47,-0.54,0.21 ,1.06 ,0.21 ,1.72 ,1.15
S000003702,-0.07,-0.27,0.19 ,0.38 ,0.43 ,1.73 ,0.95
S000003713,0.33 ,0.14 ,0.14 ,-0.42,-0.62,-1.94,-2.4
S000003719,0.31 ,0.21 ,0.18 ,-0.14,-0.25,-1.09,-1.56
S000003721,-0.17,-0.07,0.18 ,0.15 ,-0.17,0.71 ,1.45
S000003725,0.0  ,-0.56,-0.36,-0.58,-0.36,-1.64,-2.06
S000003726,0.11 ,-0.18,0.33 ,0.1  ,-0.09,-1.47,-2.32
S000003727,0.14 ,-0.07,0.34 ,-0.3 ,-0.25,-0.92,-1.84
S000003728,-0.01,-0.38,0.07 ,0.01 ,-0.12,-0.58,-1.43
S000003730,-0.18,-0.69,-1.18,-1.4 ,-1.32,-1.32,-1.89
S000003734,0.07 ,-0.03,-0.1 ,-0.84,-0.92,-1.0 ,-1.47
S000003763,-0.29,-0.18,-0.15,-0.67,-0.76,-1.56,-1.29
S000003767,0.43 ,0.3  ,0.1  ,-0.81,-0.81,-0.94,-1.56
S000003768,-0.76,-0.38,0.32 ,-0.1 ,-0.92,1.56 ,1.33
S000003777,0.34 ,0.46 ,0.15 ,-0.58,-0.54,-1.56,-1.32
S000003795,-0.06,0.07 ,0.25 ,0.25 ,0.52 ,1.77 ,0.83
S000003801,-0.01,0.15 ,0.0  ,-0.51,-0.2 ,-1.56,-0.76
S000003802,-0.03,-0.58,-0.29,-0.92,-0.97,-2.0 ,-2.0
S000003804,-0.12,-0.43,-0.15,-0.32,-0.32,-0.36,-1.43
S000003808,0.15 ,-0.03,-0.1 ,-0.47,-0.47,-0.81,-1.47
S000003809,-0.14,-0.22,-0.01,-0.09,0.31 ,1.18 ,1.75
S000003815,0.07 ,-0.12,-0.36,-0.49,-0.79,-1.09,-1.4
S000003824,0.03 ,-0.36,-0.12,-0.54,-0.84,-1.06,-2.06
S000003825,0.19 ,0.1  ,0.15 ,-0.12,-0.32,-0.64,-1.43
S000003830,-0.03,-0.34,-0.25,-0.3 ,-0.43,-0.84,-1.47
S000003831,0.19 ,0.25 ,0.38 ,-0.69,-0.06,-0.64,-1.36
S000003832,-0.06,-0.29,-0.43,-0.67,-0.74,-1.84,-2.25
S000003834,-0.1 ,0.04 ,0.72 ,0.99 ,1.31 ,2.21 ,1.7
S000003839,-1.43,-0.56,-0.47,-0.38,-0.45,0.49 ,0.77
S000003856,-0.6 ,-0.47,1.08 ,-0.14,-0.17,1.37 ,3.74
S000003857,-0.42,0.21 ,0.2  ,0.33 ,0.93 ,2.86 ,1.43
S000003865,0.14 ,0.01 ,0.39 ,0.51 ,0.26 ,1.58 ,0.6
S000003882,0.07 ,0.04 ,0.26 ,0.37 ,0.58 ,1.29 ,2.14
S000003884,0.11 ,0.08 ,0.18 ,-0.38,-0.42,-1.84,-2.47
S000003906,0.07 ,0.06 ,-0.25,-0.58,-0.42,-1.51,-2.64
S000003916,0.2  ,-0.01,-0.2 ,-0.38,-0.4 ,1.5  ,1.42
S000001489,0.16 ,0.07 ,0.15 ,-0.06,-0.27,-1.06,-2.12
S000001492,-0.15,-0.43,-0.1 ,-0.79,-1.09,-2.06,-2.56
S000001499,-0.25,-0.34,-0.25,-0.2 ,0.07 ,1.44 ,1.21
S000001509,-0.18,-0.15,0.03 ,0.26 ,0.55 ,3.59 ,2.73
S000001513,-0.56,-0.36,-0.18,-0.92,-0.47,-1.4 ,-0.69
S000001518,0.26 ,0.55 ,0.82 ,1.13 ,0.81 ,2.14 ,1.01
S000001519,-0.1 ,0.15 ,0.19 ,-0.09,0.39 ,1.68 ,0.9
S000001527,0.0  ,-0.3 ,-0.49,-0.43,-0.45,0.31 ,1.33
S000001539,0.1  ,0.07 ,0.32 ,0.04 ,-0.01,-1.0 ,-1.89
S000001540,-0.25,-0.27,-0.17,-0.36,-0.38,-1.4 ,-1.18
S000001548,-0.04,-0.22,0.0  ,0.36 ,0.76 ,1.9  ,0.53
S000001550,-0.06,-0.2 ,-0.1 ,0.37 ,0.58 ,2.11 ,0.93
S000001561,-0.04,-0.01,0.04 ,-1.12,-0.97,-0.71,-1.89
S000001564,0.08 ,-0.15,-0.01,-0.92,-0.71,-2.18,-2.47
S000001565,0.08 ,-0.15,-0.15,-1.09,-0.94,-1.69,-2.12
S000001568,0.04 ,0.01 ,0.3  ,0.92 ,1.36 ,2.87 ,2.58
S000001574,-0.3 ,-0.51,0.01 ,0.7  ,0.2  ,1.74 ,0.9
S000001576,-0.17,0.3  ,0.29 ,-0.09,-0.32,1.91 ,1.84
S000001577,0.06 ,0.04 ,0.16 ,0.18 ,0.04 ,1.34 ,0.76
S000001579,0.15 ,0.71 ,1.36 ,1.56 ,1.32 ,0.44 ,0.01
S000001586,-0.07,0.38 ,0.49 ,0.88 ,1.3  ,2.38 ,1.69
S000001589,0.08 ,-0.32,-0.6 ,-1.0 ,-1.36,-0.76,-1.51
S000001592,0.24 ,0.58 ,1.04 ,0.66 ,0.62 ,2.54 ,3.13
S000001600,0.14 ,-0.06,0.4  ,0.1  ,-0.12,1.79 ,0.04
S000001624,0.36 ,0.16 ,0.63 ,0.77 ,1.14 ,1.97 ,2.64
S000001625,-0.06,0.23 ,0.23 ,0.5  ,1.02 ,2.48 ,1.14
S000001631,-0.01,0.19 ,0.46 ,0.31 ,0.9  ,2.05 ,2.03
S000001634,-0.12,0.24 ,0.58 ,0.62 ,0.25 ,2.52 ,1.76
S000001635,0.1  ,0.43 ,0.24 ,0.11 ,0.1  ,-0.47,-1.74
S000001636,0.07 ,0.03 ,0.19 ,-0.06,0.07 ,-0.01,-1.43
S000001639,0.01 ,-0.06,-0.18,-0.29,-0.38,-1.12,-1.47
S000001655,0.12 ,0.21 ,0.3  ,-0.74,-0.56,-0.42,-1.4
S000001664,0.16 ,0.0  ,-0.06,-0.62,-0.86,-1.89,-1.94
S000001668,0.25 ,0.06 ,-0.38,-1.12,-0.92,-1.79,-0.47
S000001670,0.04 ,0.07 ,0.21 ,-0.15,-0.4 ,2.15 ,3.31
S000001672,0.03 ,-0.14,-0.27,-0.42,-0.04,1.34 ,0.56
S000001674,0.1  ,-0.12,-0.25,-1.22,-1.25,-2.25,-1.22
S000001676,-0.04,-0.14,-0.27,0.18 ,0.51 ,2.46 ,1.42
S000001700,-0.49,-0.07,0.04 ,-0.34,0.12 ,3.53 ,3.81
S000001709,0.18 ,-0.12,-0.15,-0.04,-0.17,-0.32,-1.4
S000001721,-0.04,-0.07,0.29 ,-0.14,-0.23,-1.4 ,-1.32
S000001722,-0.03,-0.27,-0.01,0.14 ,0.33 ,1.33 ,0.58
S000001724,-0.03,0.08 ,0.52 ,0.51 ,0.6  ,1.79 ,1.57
S000001733,-0.06,-0.36,-0.22,-0.54,-0.69,-1.18,-1.69
S000001734,0.36 ,0.29 ,0.01 ,-0.1 ,-0.3 ,-0.79,-1.56
S000001751,-0.1 ,-0.47,-0.38,-0.42,-0.6 ,-1.18,-1.89
S000001754,0.04 ,0.32 ,0.26 ,0.11 ,0.16 ,0.5  ,1.64
S000001757,-0.04,-0.22,-0.03,-0.12,-0.09,1.42 ,0.11
S000001764,0.32 ,0.08 ,0.08 ,-0.94,-0.81,-1.15,-1.74
S000001765,0.29 ,-0.12,0.2  ,-0.07,-0.38,-1.51,-2.18
S000001766,-0.03,0.0  ,0.32 ,0.41 ,0.21 ,1.92 ,1.67
S000001767,0.21 ,0.08 ,0.48 ,-0.27,-0.49,-1.43,-2.32
S000001784,-0.04,0.04 ,0.38 ,0.24 ,0.01 ,1.64 ,2.22
S000001789,0.21 ,0.16 ,0.11 ,-0.6 ,-0.62,-0.64,-1.4
S000001802,-0.07,-0.2 ,-0.12,-0.4 ,-0.36,-1.51,-1.84
S000001805,-0.12,-0.18,0.43 ,-0.09,-0.25,0.41 ,3.88
S000003931,0.11 ,0.14 ,-0.06,-1.25,-0.97,-1.84,-2.06
S000003935,0.06 ,-0.17,-0.69,-1.18,-1.03,-1.29,-1.79
S000003946,0.1  ,0.07 ,0.54 ,0.52 ,0.39 ,2.15 ,1.3
S000003949,0.01 ,0.01 ,-0.18,0.84 ,0.99 ,2.4  ,2.68
S000003964,-0.04,-0.1 ,0.5  ,1.07 ,1.42 ,2.53 ,2.6
S000003967,0.29 ,0.01 ,-0.17,-0.43,-0.71,-2.12,-2.56
S000003968,0.19 ,-0.17,-0.09,-0.1 ,-0.1 ,-1.94,-3.06
S000003970,0.01 ,-0.34,-0.34,-0.49,-0.67,-1.12,-1.94
S000003992,-0.06,-0.36,0.16 ,-0.74,-0.71,-0.97,-1.36
S000003993,0.24 ,0.28 ,0.43 ,-0.43,-0.67,-0.43,-1.4
S000003999,0.1  ,-0.29,-0.23,-0.76,-0.86,-1.79,-2.18
S000004007,0.24 ,0.2  ,0.16 ,-0.43,-0.69,-0.76,-1.36
S000004015,0.25 ,-0.06,0.1  ,-0.12,-0.12,1.39 ,0.66
S000004019,0.44 ,0.21 ,0.46 ,0.36 ,0.1  ,-1.29,-2.18
S000004028,0.0  ,-0.09,0.08 ,-0.12,0.56 ,1.06 ,1.33
S000004034,0.08 ,-0.15,-0.1 ,-0.2 ,-0.56,-1.22,-2.25
S000004038,0.32 ,0.23 ,0.45 ,-0.12,-0.34,-1.94,-2.56
S000004046,-0.18,-0.32,-0.07,-0.58,-0.64,-2.18,-1.84
S000004048,0.08 ,0.26 ,0.84 ,0.21 ,1.21 ,-0.94,-1.43
S000004050,-0.07,0.23 ,0.03 ,-0.43,-0.42,-1.12,-2.25
S000004051,0.44 ,0.11 ,0.24 ,-0.23,-0.15,-1.47,-1.84
S000004052,0.19 ,-0.06,0.06 ,-0.36,-0.1 ,-1.89,-2.84
S000004058,-0.15,-0.3 ,0.44 ,-0.69,-0.74,-1.25,-1.36
S000004063,0.0  ,-0.12,-0.09,-1.0 ,-0.81,-1.15,-1.47
S000004065,0.11 ,0.08 ,0.1  ,-0.18,-0.1 ,-0.94,-2.25
S000004066,0.21 ,-0.04,0.1  ,0.07 ,-0.32,-1.51,-2.32
S000004071,0.06 ,0.1  ,0.21 ,0.57 ,0.59 ,1.43 ,0.85
S000004073,0.21 ,0.11 ,0.41 ,0.04 ,-0.03,-1.47,-1.6
S000004083,0.21 ,0.01 ,0.1  ,0.19 ,0.38 ,1.75 ,0.96
S000004119,-0.34,-0.38,-0.29,-0.89,-0.86,-2.84,-2.12
S000004124,0.29 ,0.5  ,0.3  ,-0.15,-0.43,-1.18,-1.74
S000004132,-0.18,-0.47,-0.49,-0.27,-0.2 ,0.53 ,2.42
S000004139,-0.25,-0.12,-0.18,0.59 ,0.29 ,2.51 ,2.75
S000004140,0.39 ,-0.03,-0.04,-0.06,-0.3 ,-0.74,-2.25
S000004142,-0.17,-0.09,0.15 ,0.07 ,0.42 ,1.34 ,1.01
S000004157,0.12 ,0.03 ,0.26 ,0.21 ,0.08 ,-0.56,-1.6
S000004158,-0.06,0.36 ,0.37 ,0.16 ,-0.03,1.56 ,1.57
S000004163,0.1  ,0.07 ,0.5  ,-0.03,-0.23,0.8  ,1.43
S000004164,-0.12,-0.29,0.72 ,0.12 ,-0.14,1.3  ,3.27
S000004165,0.32 ,0.46 ,0.76 ,-0.32,-0.42,-1.32,-2.32
S000004168,-0.22,-0.22,-0.06,0.76 ,1.24 ,2.65 ,1.79
S000004169,-0.1 ,0.01 ,-0.34,-0.54,-0.58,-1.56,-1.79
S000004170,0.19 ,0.28 ,0.23 ,-0.92,-1.06,-2.56,-3.06
S000004175,0.33 ,0.12 ,0.16 ,-0.09,-0.17,-1.29,-1.84
S000004176,0.07 ,-0.04,-0.3 ,-1.0 ,-0.69,-1.4 ,-2.4
S000004183,0.01 ,-0.14,0.36 ,0.08 ,0.2  ,1.35 ,0.98
S000004186,0.25 ,0.08 ,0.28 ,-0.86,-0.92,-1.56,-2.74
S000004187,0.42 ,0.51 ,0.88 ,-0.07,-0.22,-0.89,-1.94
S000004188,0.31 ,0.01 ,0.45 ,-0.15,-0.23,-1.36,-2.47
S000004202,0.03 ,-0.23,0.1  ,-0.38,-0.64,-1.64,-2.06
S000004204,0.28 ,-0.18,-0.64,-1.36,-1.47,-1.29,-1.89
S000004206,0.36 ,0.24 ,0.28 ,0.28 ,0.14 ,2.11 ,1.26
S000004207,0.21 ,0.14 ,-0.2 ,-0.09,0.03 ,2.1  ,1.57
S000004209,-0.03,0.12 ,0.23 ,0.06 ,0.06 ,1.6  ,1.32
S000004212,0.16 ,0.21 ,0.32 ,-0.43,-0.58,-0.89,-1.47
S000004213,0.08 ,-0.27,-0.47,-0.47,-0.69,-1.15,-1.43
S000004214,-0.1 ,-0.23,-0.56,-0.62,-0.71,-0.6 ,-1.64
S000004229,0.1  ,-0.04,0.12 ,-0.1 ,-0.04,1.43 ,0.4
S000004234,0.24 ,-0.15,-0.25,-0.47,-0.6 ,-1.12,-1.51
S000004239,0.07 ,0.03 ,0.11 ,-0.76,-0.06,-1.47,-2.74
S000004241,-0.22,-0.03,0.0  ,0.31 ,0.73 ,2.09 ,1.0
S000004242,-0.12,-0.12,0.0  ,0.73 ,0.72 ,1.97 ,0.64
S000004244,-0.38,-0.27,-0.14,-0.14,-0.1 ,1.33 ,0.0
S000004247,0.04 ,0.07 ,0.18 ,0.33 ,0.92 ,1.6  ,0.63
S000004248,0.1  ,0.43 ,0.46 ,1.9  ,1.99 ,3.38 ,2.54
S000004249,0.29 ,0.19 ,-0.34,0.16 ,0.23 ,1.13 ,1.65
S000004254,0.14 ,-0.04,0.58 ,0.25 ,-0.23,-1.29,-2.0
S000004257,-0.12,0.12 ,0.28 ,-0.1 ,-0.47,1.66 ,2.69
S000004258,0.03 ,-0.29,-0.32,-0.43,-0.56,-0.23,-1.36
S000004260,0.1  ,-0.03,0.23 ,0.61 ,0.38 ,3.03 ,1.52
S000004261,-0.12,0.11 ,0.07 ,0.23 ,0.16 ,1.37 ,1.14
S000004262,-0.14,-0.17,-0.22,-0.22,-0.23,-0.79,-1.4
S000004266,0.03 ,0.12 ,0.32 ,-0.62,-0.86,-0.67,-1.64
S000004273,-0.15,-0.22,0.2  ,0.01 ,0.49 ,1.37 ,0.72
S000004277,0.08 ,-0.06,0.58 ,-0.25,-0.18,-1.56,-0.51
S000004281,-0.06,-0.23,0.01 ,0.3  ,0.5  ,1.5  ,0.37
S000004284,0.4  ,0.0  ,-0.12,-0.74,-0.76,-1.06,-1.74
S000004285,-0.04,-0.34,-0.04,0.07 ,0.29 ,1.37 ,1.06
S000004286,-0.01,-0.18,-0.3 ,0.08 ,0.07 ,1.5  ,1.36
S000004288,-0.32,0.67 ,0.63 ,0.6  ,0.53 ,1.75 ,1.44
S000004290,-0.14,0.08 ,-0.15,0.19 ,0.87 ,1.64 ,1.87
S000004291,0.06 ,0.5  ,1.04 ,0.37 ,0.44 ,-0.81,-1.74
S000004292,0.25 ,0.1  ,0.08 ,0.06 ,0.18 ,-0.58,-1.43
S000004294,0.21 ,0.23 ,0.44 ,-0.01,-0.64,-0.4 ,-1.51
S000004295,0.19 ,0.56 ,0.5  ,1.04 ,1.21 ,1.93 ,2.63
S000004302,-0.3 ,-0.27,-0.09,0.07 ,-0.17,1.03 ,1.95
S000004303,-0.62,-0.67,0.0  ,0.18 ,-0.29,1.26 ,2.35
S000004317,0.04 ,0.01 ,0.12 ,0.03 ,-0.3 ,-1.56,-2.56
S000004319,-0.18,-0.34,0.08 ,0.91 ,1.08 ,3.38 ,2.63
S000004325,0.12 ,0.1  ,0.23 ,0.11 ,0.24 ,-0.89,-1.84
S000004328,-0.01,-0.1 ,0.34 ,-0.56,-0.94,-0.43,-1.4
S000004331,0.32 ,0.46 ,0.3  ,-0.2 ,-0.67,-1.79,-2.56
S000004332,0.21 ,0.32 ,0.48 ,-0.09,-0.43,-1.79,-2.74
S000004336,-0.09,-0.17,-0.36,-0.71,-0.51,-1.56,-2.4
S000004337,-0.12,0.19 ,0.25 ,0.73 ,0.75 ,1.99 ,1.99
S000004346,0.15 ,0.32 ,0.23 ,-0.25,0.1  ,-0.97,-1.64
S000004347,0.36 ,0.06 ,-0.45,-1.25,-1.22,-2.4 ,-2.12
S000004359,0.41 ,0.36 ,0.38 ,0.07 ,-0.09,-1.32,-2.18
S000004364,0.1  ,0.34 ,0.63 ,-0.07,0.07 ,-1.22,-2.12
S000004369,-0.22,-0.03,0.24 ,-0.17,-0.12,0.49 ,3.84
S000004372,0.18 ,-0.22,-0.4 ,-1.0 ,-1.03,-0.76,-1.6
S000004376,-0.01,-0.15,-0.15,-0.34,-0.62,-1.74,-1.36
S000004380,0.33 ,-0.1 ,0.52 ,0.1  ,-0.17,-1.29,-1.84
S000004387,0.08 ,0.03 ,0.42 ,0.33 ,0.86 ,1.32 ,1.66
S000004401,0.2  ,0.38 ,0.28 ,-1.0 ,-1.03,-2.0 ,-2.0
S000004405,0.21 ,0.36 ,0.53 ,-0.64,-0.67,-2.4 ,-2.84
S000004407,-0.25,-0.3 ,-0.03,-0.54,-0.01,-0.47,1.4
S000004415,-0.43,-0.06,0.58 ,0.18 ,0.68 ,1.66 ,1.32
S000004424,0.36 ,0.26 ,0.39 ,-0.29,-0.34,-1.84,-2.18
S000004427,-0.06,-0.03,0.25 ,-0.92,-0.23,-1.47,-1.15
S000004433,0.08 ,0.06 ,0.15 ,-0.25,0.01 ,-0.64,-2.18
S000004440,0.33 ,0.03 ,-0.22,-0.62,-0.71,-1.89,-2.32
S000004441,-0.03,-0.03,0.14 ,-1.18,-0.97,-2.64,-2.18
S000004444,0.18 ,0.23 ,-0.15,-0.76,-0.81,-0.86,-1.64
S000004463,0.14 ,0.55 ,0.29 ,0.2  ,0.42 ,1.78 ,1.09
S000004467,0.33 ,0.3  ,0.0  ,-0.51,-0.42,-0.62,-1.74
S000004484,0.15 ,0.39 ,0.7  ,0.07 ,-0.34,-1.0 ,-1.69
S000004506,-0.54,-0.3 ,0.3  ,-0.36,-0.64,1.59 ,2.12
S000004507,0.12 ,0.11 ,-0.06,-0.69,-0.58,-0.09,-1.47
S000004518,-0.58,-0.09,0.43 ,-0.12,-0.04,2.31 ,2.89
S000004524,-0.25,-0.3 ,-0.04,-0.34,-0.69,-1.43,-1.12
S000004528,0.21 ,0.21 ,0.39 ,0.01 ,-0.03,-1.6 ,-2.47
S000004555,-0.06,-0.12,-0.34,-0.17,0.28 ,0.66 ,1.63
S000004556,-0.12,-0.36,-0.64,-0.12,0.43 ,0.98 ,1.4
S000004558,0.08 ,0.0  ,0.18 ,-0.71,-0.49,-1.0 ,-1.56
S000004566,0.03 ,0.23 ,0.07 ,1.04 ,1.01 ,1.67 ,1.93
S000004589,-0.22,-0.58,-0.23,0.15 ,0.44 ,1.76 ,1.97
S000004592,0.51 ,0.5  ,0.55 ,-0.56,-0.67,-2.25,-1.69
S000004597,-0.12,0.19 ,0.98 ,1.56 ,1.35 ,4.24 ,3.45
S000004600,-0.25,-0.18,0.38 ,0.0  ,-0.23,1.72 ,0.9
S000004603,0.04 ,-0.03,-0.27,-0.27,-0.32,-0.76,-1.56
S000004613,0.24 ,0.44 ,0.54 ,-0.3 ,-0.84,-1.22,-1.36
S000004616,0.01 ,-0.3 ,-0.25,-0.97,-0.94,-1.6 ,-1.69
S000004632,-0.54,-0.54,-0.14,-0.18,-0.18,1.63 ,1.02
S000004633,-0.1 ,0.03 ,0.37 ,0.39 ,0.82 ,1.1  ,1.9
S000004640,-0.14,-0.51,-0.97,-1.12,-1.22,-1.89,-1.74
S000004652,0.07 ,-0.29,-0.2 ,-0.92,-1.03,-1.64,-2.06
S000004660,-0.2 ,-0.2 ,0.28 ,0.28 ,0.7  ,1.29 ,2.21
S000004662,0.16 ,-0.17,-0.18,-0.79,-0.86,-1.56,-1.94
S000004685,-0.04,-0.03,-0.47,-0.49,-0.79,-1.32,-1.4
S000004686,0.03 ,-0.07,0.73 ,0.21 ,0.74 ,2.07 ,2.24
S000004696,-0.18,0.08 ,0.58 ,0.31 ,0.98 ,2.35 ,1.02
S000004699,0.07 ,0.0  ,-0.45,-1.29,-1.32,-1.84,-2.47
S000004711,0.14 ,0.53 ,0.71 ,1.74 ,1.46 ,3.19 ,2.66
S000004713,-0.42,-0.27,-0.2 ,-0.3 ,-0.1 ,2.35 ,2.34
S000004714,0.25 ,0.06 ,-0.3 ,-1.0 ,-1.09,-1.64,-1.15
S000004716,0.04 ,0.21 ,0.28 ,0.32 ,0.76 ,2.12 ,1.86
S000004724,-0.14,-0.06,-0.15,-0.38,-0.34,0.94 ,1.55
S000004728,0.34 ,-0.04,0.34 ,0.31 ,-0.1 ,-1.36,-2.47
S000004730,-0.15,-0.54,-0.12,-0.32,-0.6 ,-0.74,-1.4
S000004735,-0.18,-0.07,-0.17,-0.92,-0.71,-1.12,-1.51
S000004736,0.03 ,-0.1 ,-0.49,-0.49,-0.79,-1.47,-1.32
S000004738,0.21 ,0.11 ,0.32 ,-0.42,-0.84,-1.32,-2.56
S000004740,-0.45,-0.07,0.16 ,0.15 ,0.5  ,1.34 ,1.16
S000004756,0.01 ,0.0  ,0.4  ,0.33 ,0.11 ,1.33 ,0.93
S000004780,0.18 ,0.24 ,0.2  ,0.42 ,0.71 ,3.63 ,2.25
S000004784,0.21 ,0.03 ,0.07 ,0.23 ,0.1  ,1.58 ,0.58
S000004793,-0.01,-0.06,0.65 ,0.58 ,0.11 ,1.55 ,1.61
S000004800,-0.14,0.04 ,0.5  ,0.04 ,0.89 ,1.9  ,0.78
S000004803,-0.01,0.16 ,0.58 ,0.52 ,0.38 ,1.84 ,2.31
S000004808,-0.17,0.19 ,0.21 ,0.26 ,0.84 ,1.8  ,1.01
S000004809,-0.18,-0.14,-0.06,0.79 ,0.78 ,1.77 ,1.28
S000004810,-0.07,-0.03,0.5  ,0.03 ,0.66 ,1.48 ,0.86
S000004812,-0.27,-0.06,-0.47,-0.62,-0.14,-1.94,-1.09
S000004815,0.36 ,0.03 ,0.36 ,-0.15,0.03 ,-1.51,-1.64
S000004818,0.18 ,0.16 ,0.43 ,-0.04,-0.03,-1.0 ,-1.36
S000004819,-0.49,-0.43,-0.18,-0.17,-0.49,1.23 ,1.84
S000004823,0.07 ,-0.32,0.48 ,0.23 ,-0.06,1.44 ,0.71
S000004830,0.15 ,0.11 ,0.19 ,-1.09,-1.29,-1.6 ,-2.74
S000004842,0.04 ,0.03 ,0.11 ,-0.69,-0.89,-1.69,-1.89
S000004848,0.07 ,0.2  ,0.5  ,0.0  ,-0.07,-0.2 ,-1.36
S000004852,0.07 ,-0.23,0.07 ,-0.81,-0.94,-1.79,-1.84
S000004854,0.04 ,-0.09,-0.27,-0.67,-0.64,-1.29,-1.51
S000004855,0.3  ,0.24 ,0.33 ,-0.14,-0.22,-1.47,-2.0
S000004860,0.28 ,0.49 ,0.5  ,-0.58,-0.79,-1.29,-1.43
S000004862,-0.07,0.46 ,1.02 ,1.81 ,2.11 ,3.03 ,3.16
S000004872,0.04 ,0.06 ,-0.2 ,-0.62,-0.97,-1.09,-1.51
S000004882,-0.2 ,-0.36,-0.07,-0.94,-0.89,-1.0 ,-1.84
S000004884,-0.32,-0.36,0.2  ,-0.25,0.03 ,1.54 ,1.28
S000004891,-0.25,0.24 ,0.34 ,0.25 ,0.44 ,1.71 ,0.25
S000004903,0.12 ,-0.22,-0.23,-1.15,-1.4 ,-2.64,-3.06
S000004912,0.2  ,0.75 ,1.1  ,1.23 ,1.41 ,1.71 ,1.97
S000004915,-0.1 ,-0.04,0.26 ,0.15 ,0.62 ,-1.18,-2.0
S000004921,-0.09,-0.22,0.15 ,-0.18,0.0  ,-1.43,-1.69
S000004925,0.25 ,0.01 ,0.11 ,-0.45,-0.69,-1.47,-1.94
S000004926,0.33 ,0.29 ,-0.22,-0.76,-0.86,-1.36,-1.64
S000004927,0.18 ,-0.49,-0.38,-1.22,-1.15,-0.6 ,-1.94
S000004928,-0.03,-0.25,0.04 ,0.03 ,-0.01,2.2  ,1.37
S000004937,0.04 ,-0.04,-0.12,-0.43,-0.49,-1.47,-2.12
S000004940,-0.04,-0.15,-0.22,-0.47,-0.38,-1.36,-1.74
S000004941,-0.67,-0.6 ,-0.42,-0.34,-0.84,1.32 ,1.52
S000004947,-0.09,-0.38,-0.25,-1.18,-0.89,-2.84,-2.4
S000004952,0.04 ,-0.54,0.08 ,-0.03,0.06 ,1.36 ,0.74
S000004954,-0.06,-0.58,0.01 ,-0.14,-0.17,1.32 ,2.2
S000004958,0.14 ,0.06 ,0.25 ,-0.42,-0.69,-2.06,-1.47
S000004960,-0.07,-0.32,0.52 ,0.82 ,0.91 ,3.02 ,2.28
S000004981,-0.06,-1.29,-2.25,-2.18,-2.25,1.24 ,1.06
S000004982,-0.03,0.16 ,0.06 ,0.28 ,0.2  ,1.65 ,1.7
S000004988,-0.09,-0.34,0.01 ,-0.06,-0.09,-0.84,-1.36
S000004990,0.11 ,0.29 ,0.58 ,0.37 ,0.58 ,1.51 ,1.12
S000004997,-0.23,-0.23,-0.09,0.08 ,0.64 ,1.8  ,2.3
S000005000,-0.03,-0.23,0.19 ,0.36 ,0.3  ,1.37 ,1.07
S000005005,-0.01,-0.49,-0.42,-1.25,-1.36,-2.25,0.03
S000005009,0.0  ,0.29 ,-0.22,-1.0 ,-0.22,-2.18,-2.4
S000005010,0.11 ,0.33 ,0.77 ,0.14 ,0.03 ,-0.64,-1.51
S000005011,0.04 ,-0.36,-0.14,-0.4 ,-0.22,-0.71,-2.4
S000005013,-0.09,-0.04,0.3  ,-0.2 ,-0.09,-1.12,-2.74
S000005019,-0.14,-0.32,-0.22,-0.74,-0.94,-1.94,-1.89
S000005031,0.08 ,-0.09,0.01 ,-0.32,-0.17,-1.32,-1.43
S000005037,-0.51,0.69 ,0.08 ,0.08 ,-0.23,1.66 ,1.28
S000005040,0.12 ,-0.03,-0.32,-0.49,-0.4 ,-2.18,-2.84
S000005044,-0.3 ,-0.34,-0.12,0.32 ,0.53 ,1.42 ,1.29
S000005053,-0.09,-0.09,-0.58,-0.6 ,-0.84,-0.4 ,-1.4
S000005054,-0.01,-0.17,0.01 ,-0.92,-0.97,-1.89,-2.25
S000005055,-0.09,-0.47,-0.4 ,-0.76,-0.76,-1.79,-2.12
S000005056,0.1  ,0.1  ,0.25 ,-0.62,-0.79,-1.09,-1.74
S000005058,-0.03,-0.42,-0.14,-0.62,-0.67,-0.2 ,-1.94
S000005059,-0.38,0.06 ,0.29 ,-0.17,0.51 ,1.64 ,1.2
S000005061,-0.3 ,-0.04,0.7  ,-0.3 ,-0.27,0.76 ,3.22
S000005063,0.12 ,-0.03,0.31 ,-0.22,-0.2 ,-1.15,-2.84
S000005064,-0.14,-0.17,-0.29,-0.69,-0.74,-1.6 ,-1.29
S000005067,-0.04,-0.25,-0.56,-0.81,-0.92,-1.56,-1.79
S000005068,-0.01,-0.22,-0.43,-1.0 ,-0.89,-1.22,-1.36
S000005076,0.1  ,0.08 ,0.03 ,-0.92,-1.03,-1.94,-2.25
S000005078,0.14 ,0.08 ,0.07 ,0.11 ,0.28 ,2.33 ,2.05
S000005085,-0.17,-0.04,-0.07,-1.25,-1.18,-2.84,-3.18
S000005088,-0.4 ,-0.45,-0.14,0.19 ,0.68 ,1.96 ,1.95
S000005104,0.24 ,0.34 ,1.11 ,1.49 ,1.74 ,3.08 ,2.84
S000005106,-0.34,-0.38,-0.36,-0.56,-0.32,-1.29,-2.0
S000005107,-0.03,0.15 ,0.0  ,-0.43,-0.86,-0.64,-1.36
S000005117,-0.07,-0.25,0.11 ,0.86 ,0.8  ,2.63 ,1.68
S000005118,0.06 ,-0.2 ,0.01 ,-0.97,-0.89,-2.4 ,-1.18
S000005119,0.19 ,-0.18,0.12 ,-0.64,-0.89,-1.69,-2.64
S000005122,0.0  ,-0.06,0.04 ,-0.22,-0.09,-0.84,-2.18
S000005126,0.08 ,-0.06,0.16 ,-1.03,-0.97,-1.89,-1.94
S000005138,-0.29,0.03 ,0.14 ,-0.17,0.31 ,3.9  ,3.38
S000005139,-0.32,-0.23,-0.1 ,-0.15,0.03 ,0.77 ,2.3
S000005144,-0.22,-0.03,0.36 ,1.26 ,1.53 ,3.76 ,2.52
S000005151,-0.09,-0.12,-0.29,-0.92,-0.97,-1.74,-1.47
S000005153,0.04 ,0.08 ,0.11 ,-0.04,-0.06,-0.94,-1.89
S000005160,-0.29,-0.27,-0.51,-0.81,-0.71,-2.12,-1.03
S000005180,-0.2 ,-0.29,-0.51,-0.54,-0.51,-0.92,-1.4
S000005182,-0.01,0.19 ,-0.27,-0.45,-0.43,-0.09,-1.36
S000005188,-0.12,-0.22,-0.15,-0.34,-0.49,-0.92,-1.51
S000005191,0.0  ,-0.15,-0.22,-0.42,-0.58,-1.51,-2.18
S000005192,0.19 ,0.04 ,0.37 ,-0.64,-0.76,-0.71,-1.74
S000005199,0.2  ,-0.18,0.0  ,-0.49,-0.58,-0.6 ,-1.47
S000005200,0.06 ,-0.29,0.01 ,-0.76,-0.97,-1.79,-1.69
S000005218,0.01 ,0.06 ,0.36 ,0.64 ,0.5  ,2.76 ,1.68
S000005236,-0.04,-0.2 ,-0.03,-0.29,-0.42,-0.97,-1.43
S000005245,0.21 ,-0.14,0.25 ,-0.3 ,-0.56,-1.89,-2.47
S000005246,0.66 ,0.32 ,0.37 ,0.04 ,0.11 ,-1.15,-2.25
S000005247,-0.4 ,-0.76,-0.34,-0.6 ,-1.12,-2.56,-2.47
S000005249,-0.12,0.1  ,0.49 ,0.12 ,0.88 ,2.39 ,1.12
S000005257,0.03 ,-0.29,-0.56,-0.97,-1.15,-1.64,-2.06
S000005271,0.11 ,-0.1 ,-0.07,-0.62,-0.92,-2.0 ,-2.12
S000005284,0.19 ,0.45 ,0.65 ,0.72 ,1.23 ,2.68 ,3.23
S000005290,-0.2 ,-0.23,-0.1 ,0.07 ,-0.1 ,2.19 ,1.66
S000005292,-0.01,-0.6 ,-0.58,-0.69,-0.6 ,-1.51,-1.43
S000005297,-0.38,-0.29,-0.2 ,-0.54,-0.2 ,1.5  ,0.2
S000005309,-0.45,-0.71,-0.4 ,-0.54,-0.67,-0.71,-1.47
S000005317,-0.17,-0.36,-0.43,-0.4 ,-0.47,1.5  ,0.23
S000005321,-0.17,-0.4 ,-0.71,-1.18,-1.36,-1.51,-1.84
S000005326,0.12 ,-0.07,-0.06,-0.62,-0.74,-1.15,-1.64
S000005329,-0.2 ,-0.74,-0.67,-1.09,-1.12,-1.51,-1.51
S000005333,-0.12,-0.25,-0.64,-0.89,-0.54,-1.18,-2.0
S000005334,0.19 ,0.07 ,0.2  ,-0.07,-0.29,-1.15,-1.56
S000005336,0.19 ,0.41 ,0.29 ,-0.49,-0.6 ,-1.74,-2.4
S000005337,-0.15,-0.4 ,-0.36,-0.86,-1.03,-1.56,-1.74
S000005350,-0.23,-0.2 ,-0.36,-0.54,-0.84,-1.94,-1.64
S000005354,-0.6 ,-0.36,-0.23,-0.09,-0.32,1.95 ,0.57
S000005356,-0.42,-0.42,-0.2 ,-0.34,-0.29,2.19 ,1.01
S000005358,0.04 ,0.16 ,-0.03,-0.47,-0.67,-1.09,-1.4
S000005370,-0.06,-0.36,-0.49,-0.81,-0.84,-1.74,-2.12
S000005374,-0.14,-0.01,0.48 ,-0.49,-0.42,-1.12,-1.56
S000005379,0.1  ,0.28 ,-0.3 ,-1.06,-1.03,-0.89,-1.51
S000005381,-0.14,-0.25,-0.42,-0.79,-0.76,-1.36,-1.51
S000005390,0.39 ,0.38 ,0.75 ,0.54 ,0.72 ,1.49 ,0.03
S000005392,-0.06,-0.03,0.29 ,0.18 ,0.1  ,2.56 ,1.71
S000005399,0.08 ,-0.03,0.1  ,0.0  ,0.0  ,-0.17,-2.32
S000005400,0.11 ,0.06 ,-0.14,-0.42,-0.56,-1.51,-2.64
S000005408,-0.09,0.06 ,0.26 ,0.32 ,0.26 ,1.59 ,1.38
S000005422,-0.12,0.0  ,0.1  ,-0.58,-0.38,-1.47,-1.6
S000005425,-0.2 ,-0.25,-0.43,-0.49,-0.54,-0.84,-1.47
S000005432,-0.03,-0.06,0.42 ,0.31 ,0.23 ,1.78 ,1.36
S000005437,0.26 ,0.03 ,0.08 ,-0.79,-0.42,-1.43,-2.25
S000005443,-0.15,0.1  ,0.4  ,0.25 ,0.61 ,1.2  ,1.46
S000005457,0.32 ,0.3  ,0.33 ,-0.34,-0.43,-1.0 ,-1.56
S000005461,0.14 ,0.19 ,0.2  ,-0.76,-0.92,-1.12,-1.4
S000005480,0.26 ,-0.09,0.4  ,-0.17,-0.6 ,-1.79,-2.4
S000005481,0.42 ,0.01 ,0.14 ,-0.12,0.01 ,-1.47,-2.25
S000005484,0.07 ,-0.17,0.41 ,-0.86,-0.89,-0.22,-1.94
S000005486,0.0  ,-0.1 ,-0.04,-0.43,0.14 ,1.08 ,1.38
S000005487,0.19 ,-0.23,0.14 ,-0.2 ,-0.12,-1.47,-2.0
S000005499,0.23 ,0.14 ,0.06 ,-0.3 ,-0.03,-0.97,-1.51
S000005503,-0.01,-0.07,0.12 ,0.1  ,0.62 ,1.4  ,0.48
S000005513,-0.18,0.1  ,0.51 ,0.07 ,0.53 ,1.2  ,1.74
S000005530,0.04 ,-0.2 ,0.31 ,-0.71,-0.74,-0.2 ,-1.4
S000005545,-0.32,0.11 ,0.71 ,-0.32,0.08 ,1.67 ,2.15
S000005553,0.2  ,0.07 ,-0.3 ,-0.47,-0.17,1.21 ,1.5
S000005554,-0.38,-0.3 ,-0.3 ,-0.2 ,-0.32,1.38 ,-0.12
S000005557,0.03 ,-0.17,-0.17,-0.17,-0.01,2.05 ,1.37
S000005561,-0.3 ,0.26 ,0.2  ,-0.07,0.38 ,1.06 ,1.33
S000005567,-0.06,-0.06,-0.29,-0.29,0.01 ,1.82 ,0.99
S000005575,-0.38,-0.43,0.58 ,0.23 ,0.65 ,1.85 ,1.68
S000005577,0.24 ,0.18 ,0.8  ,-0.15,-0.04,-0.23,-1.56
S000005578,0.06 ,0.23 ,0.42 ,0.38 ,0.23 ,2.16 ,1.12
S000005589,0.14 ,0.07 ,0.28 ,-0.25,-0.29,-1.69,-2.25
S000005591,0.18 ,0.1  ,0.32 ,0.29 ,0.95 ,1.71 ,2.41
S000005604,0.03 ,-0.32,-0.06,-0.74,-0.81,-0.84,-1.43
S000005615,0.06 ,0.07 ,0.07 ,-0.34,0.25 ,1.73 ,0.72
S000005621,-0.04,-0.06,0.16 ,-0.81,-0.79,-2.12,-0.2
S000005622,0.41 ,0.04 ,0.32 ,-0.03,-0.15,-1.25,-1.43
S000005623,-0.25,0.18 ,0.19 ,0.03 ,-0.29,1.52 ,0.94
S000005626,-0.81,-0.45,0.19 ,-0.04,-0.18,1.08 ,2.11
S000005627,0.14 ,-0.06,0.12 ,-0.69,-0.58,-1.36,-0.81
S000005642,-0.36,-0.29,-0.64,-0.84,-1.12,-1.94,-1.64
S000005646,-0.43,-0.38,-0.07,-0.14,-0.17,1.79 ,0.62
S000005659,0.08 ,0.06 ,0.41 ,0.08 ,-0.01,-1.32,-1.79
S000005662,0.06 ,0.3  ,0.55 ,0.52 ,0.78 ,1.43 ,1.21
S000005672,-0.01,-0.32,-0.27,-0.79,-0.97,-1.12,-1.84
S000005679,0.19 ,0.1  ,0.14 ,-0.36,-0.74,-1.89,-1.94
S000005687,-0.04,0.19 ,0.45 ,0.86 ,0.66 ,2.2  ,1.28
S000005693,0.14 ,-0.03,0.58 ,0.11 ,-0.1 ,-1.12,-1.64
S000005694,0.23 ,0.19 ,0.46 ,-0.07,-0.3 ,-0.32,-1.36
S000005704,-0.2 ,-0.07,0.49 ,0.28 ,0.14 ,2.35 ,2.07
S000005708,-0.17,-0.49,-0.22,-0.17,-0.38,-1.25,-1.89
S000005732,0.06 ,0.1  ,0.42 ,-0.56,-0.81,-1.15,-1.94
S000005741,0.08 ,0.0  ,0.38 ,0.78 ,0.94 ,3.4  ,2.86
S000005746,0.06 ,-0.15,0.48 ,0.42 ,0.19 ,1.91 ,1.49
S000005750,0.15 ,-0.18,-0.01,-0.45,-0.56,-1.12,-2.12
S000005760,0.08 ,0.08 ,-0.12,-0.36,-0.49,-1.69,-2.32
S000005774,0.15 ,-0.17,0.21 ,0.08 ,-0.03,-0.74,-1.64
S000005780,-0.01,0.0  ,-0.22,-0.18,-0.23,-1.22,-1.69
S000005786,0.29 ,0.32 ,-0.09,-0.76,-0.94,-0.84,-1.47
S000005787,0.26 ,0.01 ,0.4  ,-0.15,0.15 ,1.41 ,0.86
S000005797,0.31 ,-0.01,0.1  ,-1.06,-1.09,-0.32,-1.56
S000005798,-0.04,-0.15,-0.04,-1.06,-1.06,-0.79,-1.51
S000005799,-0.09,-0.01,0.39 ,0.76 ,0.64 ,1.48 ,1.59
S000005802,0.07 ,-0.12,0.04 ,-0.4 ,-0.43,-0.92,-1.6
S000005815,-0.09,-0.17,0.57 ,0.43 ,0.21 ,1.74 ,1.6
S000005819,0.33 ,-0.14,0.07 ,-0.3 ,-0.36,-1.32,-1.89
S000005820,-0.04,-0.06,0.2  ,-0.94,-1.03,-0.92,-1.64
S000005836,0.2  ,0.03 ,0.24 ,-0.64,-0.38,-2.12,-2.94
S000005837,0.16 ,-0.01,0.33 ,-0.6 ,-0.64,-1.84,-3.06
S000005839,0.24 ,-0.01,0.26 ,-0.42,-0.45,-1.51,-2.56
S000005853,-0.23,-0.09,-0.06,-0.17,-0.01,-1.36,-1.47
S000005862,0.44 ,0.46 ,0.06 ,-0.69,-0.71,-1.74,-1.6
S000005867,0.07 ,-0.15,0.07 ,-0.81,-0.74,-1.0 ,-1.4
S000005874,-0.15,0.32 ,0.55 ,0.69 ,0.91 ,1.39 ,1.04
S000005882,0.29 ,0.36 ,0.24 ,-0.62,-0.56,-1.36,-1.15
S000005884,-0.14,-0.09,0.06 ,-0.17,0.04 ,-0.97,-1.79
S000005885,-1.51,-1.36,-0.32,-0.81,-0.47,0.14 ,-0.22
S000005888,0.37 ,-0.03,-0.32,-0.89,-0.92,-1.64,-1.74
S000005896,0.1  ,0.07 ,0.24 ,0.15 ,-0.1 ,-0.64,-2.06
S000005897,-0.03,-0.06,-0.22,-0.29,-0.42,-0.71,-1.43
S000005901,0.0  ,0.5  ,0.34 ,1.01 ,1.32 ,2.48 ,2.48
S000005913,-0.58,-0.27,0.41 ,0.14 ,-0.51,1.64 ,1.14
S000005918,-0.38,-0.45,0.11 ,-0.25,-0.56,1.2  ,1.7
S000005925,0.21 ,0.46 ,0.24 ,0.53 ,0.82 ,1.85 ,1.28
S000005933,0.08 ,-0.29,-0.15,-1.18,-1.6 ,-2.94,-3.06
S000005935,-0.01,0.0  ,1.49 ,0.62 ,-0.06,0.78 ,-0.2
S000005940,0.37 ,0.24 ,0.4  ,-0.54,-0.45,-1.36,-1.12
S000005951,-0.18,-0.32,-0.17,-0.79,-0.94,-1.29,-1.56
S000005953,0.16 ,-0.23,0.03 ,-0.69,-0.58,-1.03,-1.6
S000005958,0.23 ,-0.12,0.07 ,-0.17,-0.12,-0.18,-1.43
S000005964,0.23 ,0.11 ,0.4  ,-1.09,-1.03,-1.06,-1.89
S000005975,-0.47,-0.45,0.0  ,-0.32,-0.34,0.6  ,1.82
S000005999,0.07 ,0.06 ,0.29 ,0.21 ,1.02 ,1.24 ,1.4
S000006000,0.0  ,-0.03,0.58 ,-0.32,-0.1 ,-1.09,-1.84
S000006001,-0.62,-0.56,0.19 ,-0.58,-0.54,-1.12,-1.74
S000006002,-0.2 ,-0.43,-0.22,-0.38,-0.2 ,-1.51,-2.18
S000006008,0.15 ,0.26 ,1.23 ,1.13 ,0.9  ,2.13 ,2.0
S000006011,0.23 ,0.15 ,0.55 ,0.15 ,0.04 ,-1.29,-1.56
S000006014,0.03 ,-0.22,-0.3 ,-0.89,-1.29,-1.84,-2.18
S000006030,-0.23,0.0  ,0.44 ,-0.06,-0.76,0.81 ,1.42
S000006040,-0.4 ,-0.3 ,0.1  ,-0.36,-0.54,0.86 ,1.69
S000006044,-0.32,-0.03,0.38 ,0.58 ,1.36 ,2.11 ,1.7
S000006047,0.1  ,0.14 ,-0.15,-0.89,-1.25,-1.47,-2.18
S000006052,0.06 ,0.08 ,0.15 ,-0.84,-0.23,-1.64,-2.56
S000006056,0.06 ,0.06 ,-0.04,-0.27,-0.2 ,1.46 ,1.81
S000006063,0.07 ,-0.36,0.12 ,-0.12,-0.42,-1.64,-2.25
S000006064,0.16 ,-0.14,0.38 ,-0.36,-0.3 ,-1.51,-1.36
S000006075,0.24 ,0.65 ,1.23 ,1.28 ,1.54 ,1.97 ,1.54
S000006081,-0.06,0.0  ,-0.34,-0.38,-0.62,-1.84,-2.0
S000006084,0.24 ,0.07 ,0.07 ,-0.32,-0.42,-1.84,-1.0
S000006086,-0.17,0.11 ,0.28 ,0.19 ,0.33 ,1.37 ,1.47
S000006104,-0.18,-0.17,-0.38,-0.69,-0.79,-2.18,-1.32
S000006106,-0.49,-0.47,-0.23,0.07 ,-0.42,1.6  ,1.36
S000006107,-0.01,-0.14,0.4  ,0.16 ,0.08 ,1.66 ,1.66
S000006117,-0.12,-0.14,0.28 ,0.19 ,0.24 ,1.7  ,0.74
S000006119,0.11 ,-0.2 ,0.01 ,-0.6 ,-0.64,-1.79,-2.18
S000006131,-0.09,-0.32,0.06 ,-0.34,-0.56,-0.84,-1.84
S000006132,0.18 ,0.07 ,0.12 ,-0.54,-0.62,-1.32,-1.64
S000006139,-0.2 ,-0.38,0.26 ,0.21 ,0.11 ,-0.6 ,-1.36
S000006141,0.04 ,-0.01,0.39 ,-0.36,-0.04,-1.6 ,-2.74
S000006144,-0.17,-0.3 ,0.0  ,0.1  ,0.04 ,1.59 ,1.93
S000006147,0.04 ,0.08 ,-0.1 ,-0.84,-1.18,-1.89,-2.47
S000006151,-0.29,-0.15,-0.27,0.42 ,0.16 ,1.42 ,1.38
S000006159,0.0  ,-0.09,-0.01,-0.22,-0.06,-0.74,-1.47
S000006164,-0.25,-0.09,-0.2 ,-0.45,-0.42,-1.15,-1.47
S000006165,-0.42,-0.29,-0.09,-0.71,-0.58,-1.32,-1.79
S000006166,-0.36,-0.38,-0.36,-0.69,-0.6 ,-1.56,-1.74
S000006167,-0.36,-0.15,0.06 ,-0.34,-0.15,-0.79,-1.47
S000006177,-0.01,-0.1 ,-0.45,-0.81,-1.09,-0.51,-2.12
S000006183,0.01 ,-0.06,-0.04,-0.17,-0.09,1.02 ,1.89
S000006186,-0.06,-0.09,-0.62,-0.54,-0.92,-0.09,1.33
S000006187,-0.27,-0.3 ,-0.04,-0.6 ,-0.58,-1.36,-1.4
S000006206,-0.25,-0.18,-0.17,-0.17,-0.58,-0.03,1.53
S000006213,-0.29,-0.17,-0.45,-0.74,-0.74,-1.36,-1.6
S000006224,-0.1 ,-0.17,0.14 ,0.14 ,0.41 ,1.76 ,1.88
S000006230,-0.06,-0.04,0.11 ,0.2  ,0.2  ,0.6  ,1.54
S000006234,-0.42,-0.18,-0.17,-0.51,-0.34,1.16 ,1.94
S000006237,-0.1 ,-0.01,-0.38,-0.69,-0.64,-1.32,-1.79
S000006247,0.14 ,-0.07,-0.04,-0.1 ,-0.3 ,-0.36,-1.79
S000006248,-0.36,-0.47,-0.22,-0.49,-0.54,-1.56,-1.74
S000006278,0.49 ,0.45 ,0.51 ,0.1  ,0.18 ,-1.29,-1.64
S000006302,0.25 ,0.28 ,0.7  ,0.57 ,0.61 ,1.02 ,1.45
S000006306,0.26 ,0.01 ,0.2  ,0.03 ,0.04 ,-1.32,-2.18
S000006314,0.3  ,0.31 ,0.14 ,-0.69,-0.67,-1.29,-1.56
S000006316,-0.15,-0.23,-0.17,-0.54,-0.64,-1.12,-1.51
S000006329,0.01 ,-0.04,-0.3 ,-0.45,-0.51,-1.06,-1.56
S000006336,0.1  ,0.01 ,0.42 ,0.14 ,0.1  ,-1.0 ,-2.0
S000006340,0.04 ,-0.25,-0.62,-0.84,-0.6 ,-2.0 ,-1.15
S000006341,0.07 ,-0.17,-0.2 ,-0.89,-0.92,-1.69,-2.94
S000006348,0.1  ,0.14 ,-0.04,-1.18,-1.12,-1.69,-2.12
S000006349,0.2  ,-0.14,-0.12,-0.43,-0.56,-1.64,-1.47
S000006353,0.16 ,0.11 ,0.39 ,0.81 ,0.92 ,2.03 ,2.29
S000006354,-0.38,-0.56,-0.27,-0.2 ,-0.15,1.46 ,1.23
S000006360,0.03 ,0.5  ,1.65 ,1.2  ,1.23 ,0.81 ,1.62
S000006367,0.29 ,0.31 ,0.67 ,-0.1 ,-0.25,-0.76,-1.64
S000006376,0.28 ,0.03 ,-0.07,-0.27,-0.2 ,1.42 ,0.9
S000006388,-0.23,-0.09,-0.27,0.2  ,0.56 ,1.51 ,2.6
S000006391,0.21 ,-0.1 ,0.11 ,-0.04,-0.36,-0.6 ,-1.64
