gene_id,0,15,30,60,120,240,480
S000000029,-0.69,1.0,0.77,-0.92,-0.32,-0.42,-1.47
S000002134,-0.74,0.29,-0.76,-0.45,0.31,1.41,-0.09
S000000041,-0.15,0.07,0.14,-0.22,-0.06,-0.22,1.29
S000000055,0.66,0.93,0.18,-0.74,-1.32,-1.22,-0.18
S000000057,-0.51,-0.47,-0.56,-0.27,0.16,1.23,-0.32
S000000092,-0.1,0.14,-0.3,-1.22,-0.81,0.0,0.11
S000000094,1.1,1.62,1.19,-1.64,-1.79,-1.56,0.19
S000002145,0.68,0.56,0.73,0.69,0.12,-1.29,-0.15
S000000098,1.13,1.24,1.23,-0.03,-0.76,-1.22,0.51
S000000099,1.23,1.12,0.9,0.21,-0.94,-1.25,0.19
S000000111,-0.38,-0.17,-0.07,0.24,0.42,1.32,-0.03
S000000120,0.51,0.62,0.43,-0.32,-0.64,-1.43,-0.14
S000000123,1.2,0.96,0.75,0.75,-0.71,-2.06,-0.07
S000000124,1.15,1.09,0.44,-0.79,-1.56,-1.84,0.03
S000000135,1.24,1.26,0.28,-0.79,-1.89,-1.79,0.3
S000000144,-0.92,-0.86,-1.09,-0.36,-0.12,1.33,0.3
S000000145,-1.0,-1.03,-1.25,-1.03,-0.34,1.72,0.04
S000000150,0.43,0.2,0.06,-1.15,-1.25,-0.76,0.6
S000000160,-1.4,-1.47,-0.49,1.01,0.64,1.84,0.73
S000000168,1.16,1.02,1.1,0.39,-0.56,-2.12,0.08
S000000169,-1.0,-0.56,-1.29,-0.47,-0.06,-0.04,-0.45
S000000172,-1.29,-1.94,-1.12,-0.1,1.05,1.48,-0.03
S000000183,1.18,1.16,0.78,0.16,-0.89,-1.74,0.16
S000000184,-1.06,-0.25,-0.85,-1.91,0.05,1.39,0.4
S000000188,0.86,1.06,1.06,0.25,-0.49,-1.84,0.1
S000002148,-1.79,-1.43,-0.67,-0.38,0.33,-0.01,-1.18
S000000205,-0.42,-0.4,-0.51,1.35,0.26,0.62,-0.17
S000000209,-1.69,-1.29,0.69,1.42,0.97,1.14,-0.25
S000000210,-1.51,-1.03,-0.97,-0.47,0.46,2.48,-0.36
S000000213,1.07,0.79,0.93,0.25,-0.86,-1.29,-0.3
S000000222,-2.84,-0.3,-0.34,-0.27,0.08,0.16,-0.36
S000000229,0.78,0.76,0.45,0.59,-0.62,-1.89,-0.27
S000000239,-0.14,-1.36,0.15,0.7,0.7,0.6,0.03
S000000244,-1.0,-1.51,-1.6,-0.45,1.15,1.08,-0.4
S000000249,-1.22,-1.15,0.0,-0.54,-0.12,-1.6,-0.1
S000000251,-1.36,-0.4,0.1,-0.1,-0.25,-0.71,-0.07
S000000252,0.98,0.97,0.58,0.49,-0.76,-1.86,0.15
S000000257,-0.89,-0.92,-0.43,0.38,1.33,1.06,-0.12
S000000258,-0.09,0.01,-0.27,-0.81,-0.79,1.88,1.23
S000000260,-1.36,-1.4,-0.89,0.45,1.35,1.58,-0.29
S000000269,-0.4,-0.92,-0.45,0.45,1.29,1.07,-0.32
S000000271,1.55,0.97,0.82,-0.69,-1.43,-1.94,-0.09
S000000276,-1.12,-0.47,-0.71,-0.71,-0.3,1.66,1.42
S000000283,0.11,0.31,0.55,-0.36,-0.76,1.35,-0.14
S000000297,0.68,1.02,0.45,-1.4,-1.64,-1.29,0.85
S000000320,-0.69,-0.71,-0.81,-0.43,-0.36,1.41,0.43
S000000330,-1.12,-1.4,-0.71,0.67,1.34,1.25,-0.34
S000000336,-0.94,-0.34,-0.81,-0.1,0.79,1.23,0.03
S000000343,-0.64,-0.86,-0.23,0.36,1.04,1.21,0.16
S000000346,0.68,0.61,0.18,-0.43,-1.18,-1.32,-0.15
S000000351,-0.62,-1.32,-0.81,-0.23,-0.04,0.65,0.08
S000000358,0.77,0.76,0.41,-0.1,-0.71,-1.4,0.04
S000000373,-1.51,-1.43,-0.92,-0.12,0.76,1.88,-0.04
S000000385,1.22,1.08,0.69,0.07,-0.92,-2.18,0.04
S000000387,-0.15,-0.15,-0.45,-0.2,0.67,1.24,0.25
S000000393,1.24,1.39,0.92,0.25,-1.15,-2.4,0.08
S000000395,1.24,1.33,0.8,0.23,-0.86,-2.06,-0.03
S000000428,-1.33,-0.04,-0.3,-0.26,0.17,-0.09,-0.51
S000000434,-0.71,-0.89,-0.67,0.4,0.86,1.34,0.2
S000000444,-0.18,-1.25,0.23,-1.25,-1.4,0.85,0.61
S000000445,-0.49,-1.09,-0.86,-0.3,0.57,1.62,0.28
S000000448,-1.03,-1.09,0.97,1.58,-0.6,-1.15,-0.56
S000000451,0.94,1.06,0.54,-0.6,-1.32,-1.22,0.26
S000000454,-1.32,-0.15,-0.86,0.44,-0.3,1.25,-0.04
S000000470,0.68,1.05,0.36,-0.97,-1.4,-1.18,0.23
S000000471,0.94,0.93,0.1,-0.81,-1.22,-1.51,0.14
S000000473,-0.27,0.08,-0.15,0.12,0.71,1.21,0.43
S000000484,-1.36,-1.06,-0.76,-0.3,0.91,1.2,-0.54
S000000500,-1.74,-1.69,-0.76,-0.07,0.29,0.68,1.81
S000000506,-0.29,-0.45,-0.12,0.61,0.96,1.37,0.07
S000000518,-1.22,-0.58,-1.06,-2.56,1.1,-0.64,1.17
S000000524,-1.29,-1.25,0.04,0.58,0.87,0.21,-1.09
S000000525,-1.51,-1.25,-0.76,0.18,0.38,0.01,-1.22
S000000540,-0.42,-0.4,-0.17,0.45,1.28,0.96,-0.01
S000000542,0.6,0.23,0.23,-0.69,-1.12,-1.69,0.23
S000000543,-0.51,-0.32,-0.04,-0.04,0.73,1.32,0.81
S000000545,-2.0,-1.64,-0.84,0.48,1.5,1.5,-0.18
S000000547,-1.84,-1.64,-1.12,0.19,1.07,1.3,-0.17
S000000554,-0.92,-1.47,-0.86,-0.29,0.66,1.58,0.99
S000000559,0.65,0.69,0.14,-1.0,-1.4,-1.15,0.25
S000000564,0.75,0.91,0.86,-0.94,-1.18,-1.56,-0.22
S000000569,1.43,1.14,0.39,-1.79,-2.47,-1.51,1.29
S000000579,-1.79,-1.06,-0.86,-0.58,-0.54,-0.14,-0.09
S000000581,-1.22,-0.58,-0.58,-0.71,-0.62,-1.36,0.0
S000000598,-0.6,0.52,-0.32,0.18,1.3,0.98,0.15
S000000600,-1.18,-1.15,-0.89,0.32,0.93,1.55,0.26
S000000627,1.04,0.63,0.41,0.5,-0.79,-1.47,0.3
S000000636,-0.81,-1.29,-0.79,-0.58,-0.74,-0.92,-0.04
S000000653,0.32,0.36,0.12,-0.6,-1.47,-1.43,0.21
S000000657,-0.36,-0.51,-0.15,0.04,1.0,1.29,0.0
S000000658,-0.1,0.12,-0.17,0.08,0.77,1.26,0.14
S000000667,-0.25,0.06,-0.03,0.23,0.5,1.21,0.01
S000000668,0.92,1.16,0.29,-0.79,-1.06,-1.29,0.39
S000000683,1.08,0.95,0.89,-0.69,-1.06,-1.36,-0.18
S000000695,-0.92,-0.49,-0.3,-0.54,0.25,1.24,0.4
S000002172,1.05,0.93,0.46,-0.38,-1.36,-1.6,0.4
S000002179,-1.6,-2.06,-1.36,-0.06,1.25,1.08,0.44
S000002180,-1.43,-1.32,-0.69,0.99,1.79,0.86,-0.67
S000002181,-1.32,-1.6,-0.58,1.12,1.88,0.7,-0.62
S000002182,-1.74,-2.18,-1.89,-0.62,0.64,1.78,0.1
S000002195,1.58,0.23,0.08,-1.36,0.0,1.32,-1.0
S000002209,0.79,0.64,0.28,-0.29,-0.58,-1.32,-0.15
S000002219,1.08,0.91,0.63,-0.07,-0.76,-1.4,0.33
S000002220,0.96,0.77,0.3,-0.56,-1.12,-1.25,0.33
S000002230,-0.56,-0.74,-0.25,0.45,1.25,1.33,0.04
S000002233,0.57,0.76,0.04,0.37,-0.62,-2.25,-0.09
S000002239,0.63,0.78,0.25,0.69,-0.36,-1.6,0.48
S000002240,1.01,1.06,0.45,0.19,-1.18,-2.06,-0.06
S000002241,0.8,0.81,0.66,0.18,-0.86,-2.25,0.19
S000002247,-1.25,-0.81,-0.06,0.41,0.58,0.29,-0.23
S000002249,-1.6,0.18,0.25,1.27,0.48,0.38,-0.12
S000002268,-0.93,-1.0,-0.85,0.19,0.78,1.32,-0.05
S000002277,2.0,-0.18,-0.42,0.0,0.5,0.24,-0.71
S000002282,-2.06,-0.94,0.12,1.07,1.63,1.66,-1.0
S000002295,1.0,1.12,0.69,0.31,-0.6,-1.64,0.06
S000002307,0.91,0.66,0.38,-1.0,-1.6,-1.64,-0.54
S000002310,0.48,0.1,-0.27,-0.45,-0.97,-1.29,-0.56
S000002312,0.58,0.49,-0.01,-0.89,-1.36,-1.84,-0.56
S000002326,0.64,0.59,0.16,-1.0,-1.12,-1.22,0.07
S000002328,-1.56,-1.51,-1.47,-0.43,0.45,1.01,-0.09
S000002340,-1.32,-1.43,-0.81,-0.14,0.84,1.8,0.58
S000002343,0.64,0.52,0.55,0.27,0.01,-1.4,0.09
S000002346,-1.12,-0.36,-0.32,-1.25,-0.06,-0.47,-0.22
S000002350,1.14,0.63,0.49,0.5,-0.56,-1.74,-0.14
S000002355,-0.22,0.08,-1.36,-0.6,-0.76,-0.71,0.07
S000002358,-0.86,-0.97,-0.22,0.08,0.63,1.39,0.18
S000002360,0.7,0.82,0.7,-0.43,-0.84,-1.43,-0.1
S000002363,-0.86,-1.47,-1.03,-0.84,0.07,1.99,0.39
S000002374,-1.74,-1.58,-0.47,-0.27,0.0,0.75,0.43
S000002381,-1.47,-1.47,-1.79,-0.58,0.89,2.37,-0.22
S000002382,0.0,0.0,0.19,-0.56,0.14,1.55,0.06
S000002393,-0.97,-0.12,-0.49,0.58,1.23,0.8,-0.04
S000002403,-0.74,-1.0,-1.29,-0.67,-0.23,1.48,0.82
S000002404,-0.79,-0.89,-0.51,-0.6,-0.17,0.26,1.7
S000002408,-1.0,-0.97,-1.25,0.28,1.15,1.08,-0.18
S000002416,-0.32,-0.94,-0.54,-1.51,-0.4,0.38,0.72
S000002425,-1.89,-0.07,-0.74,-0.17,0.5,0.83,0.82
S000002430,0.44,0.2,0.29,0.12,-0.15,-1.51,-0.18
S000002432,0.9,0.65,0.31,0.42,-0.76,-2.25,0.08
S000002434,-1.6,-0.58,-0.1,1.0,0.38,0.56,-0.76
S000002439,-0.1,-0.23,-0.38,0.39,0.77,1.5,0.42
S000002442,0.56,-1.25,0.43,0.53,0.3,0.06,-0.45
S000002449,-1.64,0.29,-0.32,0.0,0.19,-1.15,0.44
S000002462,-1.18,-1.22,-1.51,-0.67,-0.23,2.1,1.33
S000002466,-1.0,-1.15,-0.69,0.19,0.51,1.77,0.62
S000002471,1.01,0.81,0.5,0.1,-0.79,-1.69,0.34
S000002477,-1.25,-1.18,-1.15,-0.75,-0.03,0.92,0.51
S000002481,-1.36,-0.97,-0.86,0.36,1.28,1.38,-0.29
S000002484,-1.03,-1.64,-1.0,-0.15,1.23,2.03,1.71
S000002490,0.78,0.88,0.18,-0.6,-1.09,-1.25,-0.03
S000002492,-1.15,-1.25,-1.47,-0.18,1.03,1.06,0.3
S000002508,0.94,1.27,0.06,-0.56,-1.36,-1.29,0.4
S000002527,0.81,0.81,0.21,-0.58,-1.36,-1.4,0.11
S000002572,1.03,1.39,0.76,-0.51,-0.89,-1.12,0.11
S000002578,-2.47,-1.94,-0.92,0.07,0.76,1.79,-0.36
S000002585,-0.54,-0.43,-0.47,0.03,0.91,1.96,0.5
S000002628,-1.29,-0.81,-1.18,-0.94,-0.47,-0.34,-0.54
S000002633,0.86,0.58,0.52,0.4,-0.84,-1.47,0.06
S000002655,-0.1,-0.45,-0.18,-0.45,0.57,1.41,0.29
S000002699,-0.34,-0.25,-0.07,1.6,-0.12,-0.6,-0.38
S000002732,0.56,0.72,0.37,-0.42,-1.18,-1.4,0.03
S000002750,0.79,0.73,-0.32,-0.54,-0.45,0.63,1.41
S000002751,0.63,0.29,-0.14,-0.94,-0.61,0.55,1.28
S000002753,0.71,0.29,-0.23,-0.58,-0.43,0.58,1.67
S000002761,-0.64,-0.67,0.23,1.7,-0.07,-0.2,-0.07
S000002769,0.75,0.8,0.77,-0.58,-0.81,-1.51,-0.2
S000002773,0.48,0.41,0.41,-0.58,-0.79,-1.32,-0.67
S000002788,-0.25,-0.74,-0.54,-0.47,1.07,1.58,-0.36
S000002790,1.28,1.01,0.77,0.08,-0.62,-1.25,0.51
S000002792,1.26,1.04,0.29,-1.29,-1.09,-1.51,-0.15
S000002799,-1.25,-1.22,-0.36,0.58,1.37,0.69,-0.36
S000002806,0.73,0.89,-0.06,-0.74,-1.09,-1.22,0.03
S000002807,1.11,0.62,0.08,-0.79,-1.84,-1.4,0.59
S000002820,0.23,0.69,0.52,-0.58,-0.94,-1.25,-0.45
S000002821,-0.27,0.54,0.11,-0.18,-0.71,-1.32,-0.29
S000002825,1.2,0.63,0.82,0.16,-0.56,-1.6,0.39
S000002826,1.11,0.84,0.71,0.75,-0.62,-1.74,0.21
S000002837,0.6,0.6,0.63,-0.14,-0.64,-1.6,-0.27
S000002843,-1.29,-0.79,-0.64,0.36,0.82,1.01,0.0
S000002849,0.31,0.04,-0.06,-0.56,-0.27,0.75,1.21
S000002855,0.94,0.67,0.7,0.42,-1.06,-2.25,0.01
S000002857,0.2,0.52,0.32,-0.56,-1.43,-1.74,0.03
S000002858,1.21,0.95,0.9,0.77,-0.79,-1.74,0.11
S000002861,-1.43,-1.15,-0.67,0.14,0.62,1.84,0.38
S000002873,0.71,0.72,0.23,-0.79,-1.36,-1.6,0.07
S000002879,1.01,0.99,0.57,-0.03,-0.94,-1.94,0.08
S000002883,-1.74,-2.56,-0.32,-0.38,0.0,0.1,-0.51
S000002904,0.92,0.68,0.36,-0.99,-1.57,-1.68,-0.29
S000002908,1.0,1.21,0.49,0.46,-0.74,-1.47,0.31
S000002921,-0.4,-0.51,0.81,1.28,0.59,0.49,0.0
S000002924,-1.15,-0.74,-0.84,0.8,1.34,1.06,-0.12
S000002927,-0.62,-0.43,0.25,0.63,0.77,1.33,-0.14
S000002931,-1.25,-0.62,-0.27,-0.43,-0.62,0.41,0.07
S000002933,-1.29,-1.4,-1.15,-0.45,-0.54,-0.49,-0.12
S000002943,-1.89,-0.58,-0.23,0.1,-0.34,0.65,-0.18
S000002944,-0.69,-0.47,-0.69,-0.32,-0.27,0.31,1.37
S000000737,-0.58,-0.17,-0.25,0.48,0.42,1.82,0.4
S000000750,0.12,-0.58,-0.54,-0.27,0.33,1.26,0.14
S000000752,1.36,1.19,0.83,-0.25,-1.06,-1.25,0.31
S000000765,-0.22,-0.07,-1.22,0.63,0.06,0.34,0.49
S000000767,1.25,-0.62,0.18,-0.43,0.46,-0.27,0.4
S000000780,1.38,1.16,0.49,0.29,-1.18,-1.69,0.19
S000000786,-1.94,-2.25,-1.36,0.56,0.95,1.51,0.12
S000000791,0.44,0.71,0.42,-0.32,-1.36,-2.12,1.04
S000000804,-0.13,-1.21,0.1,0.25,-0.31,0.55,0.39
S000000839,-0.97,-1.0,-0.97,-0.69,0.93,1.51,0.4
S000001954,0.0,-1.32,-1.18,-0.14,-0.32,0.19,0.28
S000000855,-0.86,-0.94,-0.58,-0.07,0.84,1.6,0.21
S000000857,0.94,0.73,0.56,0.66,-0.22,-1.22,-0.29
S000000858,1.12,1.04,0.34,-0.4,-1.25,-1.4,0.45
S000002135,1.34,0.63,1.07,0.52,-0.92,-2.06,-0.07
S000000864,-1.22,-1.12,-1.03,0.4,1.74,1.42,-0.36
S000000872,0.97,0.63,0.06,-0.58,-1.25,-0.45,0.9
S000000876,0.94,0.65,0.74,0.26,-1.03,-2.0,0.06
S000000881,-0.94,-0.54,-0.3,0.26,0.67,1.4,-0.3
S000000883,-0.6,-0.84,-0.3,0.01,1.3,0.65,-0.29
S000000893,0.06,-0.79,-1.89,1.12,0.2,1.38,-0.1
S000000904,1.01,0.74,0.65,0.23,-0.71,-2.12,0.1
S000000908,-1.74,-0.92,-1.69,-0.74,-0.56,-0.32,-0.18
S000000919,1.18,0.98,0.57,-0.03,-0.84,-1.56,0.4
S000000921,-0.29,0.5,-0.23,0.2,0.72,1.4,0.31
S000000926,0.76,0.58,0.08,0.29,-0.38,-1.4,0.03
S000000928,0.81,0.86,0.21,-0.42,-1.09,-1.47,0.18
S000000933,1.01,1.43,0.82,0.19,-1.12,-2.4,0.11
S000000946,0.05,-0.53,-0.23,1.29,-0.15,0.21,0.12
S000000947,1.26,0.95,0.19,-0.76,-1.22,-1.69,0.41
S000000948,0.24,0.2,-0.15,0.06,-0.62,-1.25,0.03
S000000980,0.34,-0.27,0.4,1.18,0.41,0.25,1.32
S000000986,-0.89,-1.29,-0.49,0.28,0.83,0.46,-0.25
S000000987,-1.32,-1.22,-0.84,0.53,1.1,0.95,-0.07
S000001883,-1.32,-1.18,0.0,1.5,-0.64,0.56,0.06
S000001880,-4.06,-4.32,-4.06,-3.06,-0.81,2.81,0.06
S000001864,-1.09,-0.71,-0.47,-0.54,0.4,1.56,0.77
S000001863,0.46,-0.94,-1.25,-0.42,0.31,0.79,1.32
S000001843,-1.6,-0.81,-1.84,-1.09,-0.51,0.08,0.0
S000001839,-0.6,-1.22,-1.22,-0.25,0.14,0.75,0.19
S000001836,-1.25,-1.18,-1.56,-0.71,-0.2,1.63,1.08
S000001832,-0.09,-0.03,-0.23,0.66,0.82,1.5,0.7
S000001897,0.66,0.87,0.1,-0.14,-0.76,-1.56,0.11
S000001911,-0.79,-1.4,-0.89,0.32,0.46,1.24,-0.2
S000001913,-1.18,-1.84,-0.79,-0.49,0.56,1.42,-0.15
S000001918,-0.86,-1.06,-1.03,-0.22,0.49,2.02,-0.17
S000001922,-2.12,-2.18,-1.84,-0.12,1.55,2.13,-0.64
S000002104,1.02,0.42,0.95,0.67,-0.62,-1.94,0.7
S000001943,0.11,0.28,0.38,-0.12,0.51,1.32,0.19
S000001949,-1.32,-1.47,-1.32,0.24,1.36,2.07,0.29
S000002996,0.99,0.55,0.23,0.14,-0.69,-1.25,0.59
S000002997,0.68,0.83,0.37,-0.79,-1.43,-2.64,-0.25
S000002998,1.16,0.9,0.48,-0.01,-0.89,-1.94,0.36
S000002999,0.98,0.78,0.49,0.04,-1.03,-2.74,-0.29
S000003005,-1.56,-1.6,-0.49,0.76,1.5,1.45,-0.49
S000003023,0.66,-0.89,-1.74,-0.36,0.86,1.02,0.62
S000003030,-1.31,-0.72,-0.6,-0.04,0.43,1.54,-0.35
S000003044,1.12,0.94,0.64,0.41,-0.86,-2.25,0.28
S000003046,0.74,0.97,0.23,-0.74,-1.36,-1.79,0.12
S000003067,0.58,0.52,0.12,-0.74,-1.06,-1.56,-0.04
S000003069,0.79,0.7,0.34,-0.2,-0.69,-1.43,0.24
S000003070,1.17,0.96,0.59,0.42,-0.79,-1.89,0.33
S000003071,1.06,0.72,0.56,0.08,-0.79,-2.12,0.23
S000003088,0.67,0.8,0.51,-0.01,-0.67,-1.36,-0.23
S000003089,-0.84,-1.29,-1.47,-1.09,-0.4,2.06,0.54
S000003091,1.02,0.84,0.52,0.11,-0.64,-2.0,0.25
S000003103,1.07,1.16,0.58,0.57,-0.6,-1.56,0.34
S000003106,-1.74,-1.29,-1.0,-0.51,-0.25,-0.84,-0.2
S000003115,1.18,0.7,1.06,0.69,-1.18,-2.25,-0.06
S000003124,-4.06,-3.84,-3.06,-0.49,1.35,2.06,-0.43
S000003125,-0.97,-0.81,-0.47,0.53,1.6,1.16,-0.69
S000003139,0.26,0.6,-0.15,-1.18,-1.47,-1.6,-0.04
S000003147,-1.29,-0.3,0.41,0.58,0.61,0.75,-0.54
S000003152,-1.56,-2.0,-1.18,1.06,0.0,1.14,-0.25
S000003157,1.11,0.82,0.76,0.24,-0.56,-2.18,0.26
S000003196,-1.25,-0.62,-0.54,-0.14,0.53,0.59,-0.18
S000003217,-1.03,-1.06,-0.64,0.03,0.86,1.74,0.16
S000003228,-0.71,-1.29,-0.94,-0.47,0.65,1.28,0.39
S000003229,-1.36,-0.71,-0.74,-0.22,0.19,0.0,0.01
S000003230,-1.43,-1.64,-0.38,0.53,0.81,0.86,0.04
S000003231,-1.22,-1.4,-1.22,-0.29,-0.43,-0.45,0.03
S000003240,-1.32,-1.74,-0.69,0.72,1.33,1.51,-0.49
S000003251,-0.86,-0.94,-0.74,0.03,1.1,1.37,0.3
S000003259,1.14,1.48,1.13,0.23,-0.29,-1.64,0.25
S000003260,-1.22,-0.3,-0.22,0.37,0.97,0.79,-0.03
S000003264,-2.35,-1.45,-2.48,-0.12,1.06,1.5,0.27
S000003266,0.89,0.84,0.23,0.51,-0.79,-2.32,0.11
S000003267,0.65,0.33,0.01,-0.45,-0.4,-1.22,-0.06
S000003275,-2.47,-3.18,-2.94,-1.56,1.12,2.63,-0.27
S000003284,-1.43,-1.69,-1.47,-0.38,0.63,1.24,-0.2
S000003298,-0.3,-1.15,-0.62,-1.29,-0.42,1.95,-0.22
S000003299,-0.67,-0.84,-1.15,-1.22,-0.49,-0.09,0.2
S000003317,1.23,0.77,0.77,0.26,-0.76,-1.89,0.06
S000003320,-1.74,-2.4,-1.79,-1.03,0.84,2.24,0.06
S000003322,0.45,-0.03,0.24,-0.04,-0.94,-1.6,0.16
S000003335,0.76,0.83,0.21,-1.06,-1.89,-2.25,0.07
S000003342,-0.69,-0.32,-0.71,-0.38,0.43,1.58,0.32
S000003350,1.03,1.16,1.12,0.08,-0.56,-1.69,0.0
S000003353,-0.94,-1.0,-0.58,0.48,0.69,1.25,0.06
S000003355,0.99,0.85,0.56,-0.47,-1.29,-1.56,0.07
S000003363,-0.42,-1.29,-0.71,-0.18,0.71,0.73,-0.17
S000003370,0.03,-0.18,-0.54,-0.54,0.0,1.44,0.77
S000003376,-0.49,-0.34,-0.17,-0.15,0.21,1.39,0.5
S000003377,0.86,1.1,0.57,-0.49,-1.47,-1.51,0.03
S000003380,0.92,0.72,0.77,0.41,-1.03,-2.56,-0.32
S000003392,1.04,1.1,0.49,-1.25,-2.32,-2.32,0.37
S000003393,-1.6,-0.92,-0.15,0.15,0.95,0.99,0.01
S000003400,-1.32,0.0,-0.12,-0.07,0.77,0.71,0.33
S000003421,-0.84,-1.36,-0.47,0.37,1.04,1.4,0.92
S000003429,-0.43,-0.6,-0.71,-0.23,0.38,1.6,0.32
S000003433,-0.54,-0.69,-0.34,-0.51,0.4,2.17,0.3
S000003441,-0.47,-0.36,0.76,1.59,0.67,0.9,0.08
S000003443,1.04,0.96,0.76,-0.15,-1.4,-0.51,-0.17
S000003444,-1.64,-1.56,-1.09,0.44,0.86,1.14,-0.23
S000003445,-3.84,-3.47,-1.25,1.19,1.65,1.44,-0.23
S000003446,1.08,0.83,0.49,0.33,-0.86,-2.06,0.11
S000003458,-0.86,-1.51,-0.81,-0.4,-0.27,0.63,-0.07
S000003466,1.35,1.01,0.55,-0.43,-1.79,-2.47,-1.15
S000003477,0.79,0.97,0.29,-1.15,-1.84,-2.0,0.1
S000003488,-1.0,-1.22,-1.15,-0.45,0.23,1.9,1.06
S000003496,0.67,0.34,0.77,0.46,-0.58,-1.64,-0.22
S000003497,0.25,0.52,0.29,0.06,-0.56,-1.36,-0.14
S000003500,-1.15,-1.32,-0.3,0.51,0.96,0.88,-0.25
S000003505,-1.29,-0.84,-1.09,-0.36,-0.74,-0.58,-0.25
S000003511,0.7,0.19,0.3,0.14,0.2,0.5,1.47
S000003512,0.55,0.54,0.11,-1.51,-1.94,-2.06,-0.01
S000003514,-0.23,-0.14,0.04,0.12,0.7,0.85,1.39
S000003522,-1.36,-0.76,-1.0,-0.25,-0.47,-0.14,0.16
S000003523,-1.32,-1.29,-1.15,-0.15,-0.3,0.0,0.06
S000003527,-0.17,-0.23,-0.18,0.53,0.74,1.34,0.77
S000000993,1.32,1.24,0.82,0.2,-0.81,-1.43,0.21
S000001003,0.99,1.27,0.65,0.21,-0.22,-0.29,0.26
S000001013,-1.94,-1.6,-0.71,0.76,1.55,1.82,-0.22
S000001014,0.0,-0.58,0.74,1.7,0.29,1.58,-1.4
S000001025,1.17,0.91,0.63,0.03,-0.81,-1.74,-0.04
S000001032,0.32,0.4,0.19,-0.18,-0.41,-0.42,1.34
S000001037,-0.51,-1.29,-0.4,-0.58,0.0,-0.1,-0.47
S000001039,-0.2,0.3,0.57,0.04,-0.58,-0.76,1.37
S000001052,1.1,0.86,0.77,0.48,-0.67,-2.06,0.24
S000001057,-0.75,-0.2,-1.71,-0.27,-0.22,-0.76,0.34
S000001061,0.57,0.4,0.38,0.31,-0.15,-1.32,0.08
S000001062,0.67,0.48,0.37,-0.06,-1.18,-1.64,0.04
S000001063,0.7,0.78,0.46,0.34,-0.74,-1.6,0.23
S000001072,-1.29,-1.62,-0.61,0.56,1.13,0.85,0.07
S000001076,-1.53,0.45,0.17,-0.61,0.18,-0.43,-0.29
S000001081,0.09,-0.11,0.2,1.55,-0.31,-0.32,0.49
S000003532,-1.0,0.3,-0.07,0.26,-1.36,-0.86,-0.3
S000001094,1.15,1.02,0.68,-0.49,-1.15,-1.4,-0.04
S000001107,0.57,0.52,0.7,-0.58,-1.12,-1.47,-0.07
S000001108,0.77,0.99,0.45,-0.84,-1.15,-1.47,0.21
S000001110,0.5,0.98,0.66,0.28,0.04,-1.25,-0.04
S000001129,-3.47,-3.47,-2.94,0.06,2.13,1.86,-0.58
S000001131,0.66,0.93,0.33,-0.22,-1.22,-1.64,0.14
S000001134,-0.75,-0.1,0.04,-1.69,-0.4,-0.07,0.14
S000001138,-1.74,-2.06,-2.25,-0.92,1.01,2.18,0.92
S000001139,-1.64,-2.25,-1.29,0.31,1.16,1.24,-0.51
S000001146,-1.43,-1.0,-0.79,0.77,1.21,1.4,-0.32
S000001166,-1.32,-0.42,-0.09,-0.67,-0.04,0.81,0.19
S000001168,-1.32,-1.0,-0.92,-0.56,-0.58,-0.45,-0.07
S000001170,0.98,0.79,0.77,-0.25,-1.22,-1.94,0.21
S000001180,-1.56,-2.0,-1.15,0.63,1.29,1.46,0.03
S000001181,-1.36,-0.92,-1.09,-0.74,-0.04,1.39,0.25
S000001182,-1.29,-0.81,-0.64,0.07,0.1,0.56,-0.12
S000001183,1.34,1.1,1.14,0.11,-1.0,-2.0,0.01
S000001186,1.06,1.0,0.21,-0.12,-0.76,-1.94,0.78
S000001213,1.14,0.83,0.32,-0.69,-1.6,-1.4,0.07
S000001222,-0.04,0.23,0.67,0.81,0.54,-1.25,-0.64
S000001227,-1.22,-0.43,-0.76,-0.47,-0.04,-0.42,-0.51
S000001228,-1.25,-0.45,-1.69,-0.86,-0.51,0.24,-0.43
S000001239,0.41,0.77,0.42,-0.69,-1.43,-1.36,-0.14
S000001240,0.69,0.82,0.41,-0.64,-1.4,-1.47,0.26
S000001246,0.7,0.77,0.58,0.7,-0.62,-1.94,0.21
S000001252,-1.4,-1.64,-1.32,-0.45,1.1,1.71,0.63
S000001253,-1.43,-0.22,-0.58,-0.18,-0.1,0.23,-0.18
S000001258,0.95,1.06,0.64,-1.47,-1.64,-1.94,0.12
S000001274,-0.22,-1.89,-0.32,-0.36,-0.12,0.46,0.3
S000001275,-0.87,-0.65,-0.73,-0.99,-1.24,-0.23,-0.05
S000001277,0.15,-0.47,-0.54,0.77,1.24,0.23,-0.17
S000001280,0.99,1.03,0.93,0.04,-0.79,-2.12,0.49
S000001281,1.05,0.92,0.26,-1.4,-1.4,-1.51,-0.18
S000001294,-0.36,-0.6,-1.25,-1.09,-0.49,0.0,0.3
S000001304,-0.97,-0.3,-0.84,-0.18,0.63,1.36,0.19
S000001314,0.96,0.8,0.36,0.18,-0.84,-2.18,-0.2
S000001322,-0.6,-0.67,-0.62,0.21,0.24,-0.27,-1.36
S000001340,0.34,0.25,0.48,0.4,0.0,-1.29,-0.36
S000001348,-1.3,-0.34,-0.25,-0.64,-0.48,-0.17,0.45
S000001351,-1.36,-0.92,-0.47,-0.4,0.0,0.58,0.4
S000001361,-0.49,-1.6,-0.56,-0.15,0.41,1.28,0.19
S000001363,-1.43,-2.74,-1.74,0.07,0.77,1.85,0.48
S000001367,-1.12,-2.32,-0.26,-0.18,0.98,0.52,-0.66
S000001369,-0.69,-1.09,-0.97,0.16,0.76,1.29,0.1
S000001379,-1.38,-1.56,-0.67,0.6,1.3,1.21,0.52
S000001389,0.98,0.9,0.59,-1.06,-1.15,-1.6,-0.32
S000001395,1.12,0.82,0.97,0.06,-1.18,-2.4,0.48
S000001398,-1.0,-1.22,-1.03,-0.29,0.3,0.85,0.25
S000001410,1.13,0.74,0.56,0.01,-0.76,-1.89,-0.07
S000001427,-1.25,-0.27,-0.51,0.14,0.32,0.08,-0.1
S000001429,-1.69,-0.47,-0.38,-0.67,0.06,0.25,0.04
S000001430,-1.32,-1.09,0.24,0.06,-0.23,-0.45,-0.07
S000001437,-1.4,-1.15,-0.1,0.44,0.64,0.78,-0.12
S000001456,-1.79,-1.29,-1.25,0.59,0.5,1.32,-0.04
S000001458,-1.66,-1.2,-0.46,0.13,0.14,-0.05,-0.17
S000001465,0.72,0.97,0.6,-0.49,-1.18,-1.32,0.2
S000001466,-0.89,-0.54,-1.47,-0.51,-0.45,0.14,0.29
S000001467,-0.92,-2.18,-0.54,0.63,-0.22,1.05,0.63
S000001477,-0.67,-0.74,-0.47,0.01,1.3,1.6,-0.07
S000001478,-1.15,-0.67,-0.94,-0.23,0.81,1.75,0.53
S000001482,-0.23,-0.06,-0.09,0.18,0.86,1.4,0.68
S000003552,-0.67,-0.71,-0.71,0.08,0.77,1.32,-0.15
S000003553,-0.76,-0.27,-1.18,-1.18,0.68,1.25,-0.17
S000003554,-0.38,-0.89,-0.64,-0.14,0.83,1.41,-0.22
S000003565,-1.32,-0.64,-0.64,-2.32,-0.97,-0.69,-0.34
S000003571,-1.47,-0.34,0.39,0.48,0.88,0.86,-0.97
S000003581,-0.49,-0.86,-0.69,-0.29,-0.09,1.21,0.37
S000003584,-0.86,-1.0,-0.56,-0.54,0.26,1.71,0.37
S000003586,0.6,0.35,0.05,-0.56,-1.13,-1.22,-0.23
S000003593,-1.0,-0.81,-0.18,0.4,0.82,1.24,-0.29
S000003596,-0.53,-0.27,-0.43,1.4,0.61,0.89,-0.19
S000003612,-0.23,-0.47,-1.25,-0.56,-0.54,-0.58,-0.07
S000003615,-0.18,-0.84,-0.4,0.06,0.0,0.86,1.62
S000003623,-0.3,0.66,0.26,0.07,-0.58,-1.36,0.1
S000003624,-0.3,-0.79,-0.86,-0.67,-0.45,1.38,0.16
S000003625,-0.69,-0.56,-1.29,-0.84,-0.71,0.32,0.46
S000003643,-1.94,-2.12,-1.32,-0.1,1.28,1.35,0.07
S000003644,-1.43,-1.74,-1.09,-0.01,1.28,1.57,0.2
S000003645,0.27,0.31,-0.11,-0.79,-1.07,-1.3,-0.12
S000003650,-1.43,-1.51,-1.74,-0.64,-0.09,0.4,-0.38
S000003652,-1.89,-1.89,-2.18,-1.69,-0.84,2.56,0.36
S000003658,1.37,0.56,0.68,-0.34,-1.29,-1.12,0.58
S000003672,1.22,1.08,0.7,0.09,-1.07,-1.85,0.02
S000003680,-1.79,-1.43,-0.12,-0.38,0.67,1.7,-0.36
S000003684,0.53,0.71,0.21,-0.36,-1.36,-1.64,0.04
S000003689,-1.64,-1.64,-1.4,0.01,0.79,1.27,0.67
S000003691,-1.64,0.38,-0.6,0.23,0.58,0.51,-0.29
S000003694,0.11,0.03,0.0,0.28,0.54,1.06,1.27
S000003695,0.07,-0.38,-0.38,0.07,0.33,1.5,1.2
S000003697,1.81,-1.18,-1.25,0.0,0.49,1.88,0.77
S000003700,-1.29,-0.97,-0.56,0.54,0.76,1.74,-0.56
S000003702,0.32,0.3,0.0,0.36,0.58,1.37,0.38
S000003706,-0.03,-0.86,-0.71,-0.22,0.93,1.3,-0.03
S000003708,-0.76,-1.0,-0.84,0.31,0.93,1.33,0.4
S000003713,1.06,0.65,0.59,0.34,-0.69,-2.18,0.14
S000003724,1.19,0.99,0.9,0.28,-0.92,-1.94,0.07
S000003725,1.14,1.15,0.64,-0.18,-1.12,-2.0,0.0
S000003726,1.31,0.96,0.91,0.41,-1.03,-2.12,0.29
S000003727,1.01,1.03,0.53,-0.14,-0.94,-1.6,0.33
S000003736,1.1,1.18,0.23,-0.6,-1.12,-1.47,0.08
S000003748,1.43,0.79,0.34,0.03,-0.76,-0.81,-0.62
S000003771,-0.51,-0.86,-0.38,1.49,0.9,0.46,-0.34
S000003777,0.67,0.63,0.49,-0.04,-0.34,-1.25,-0.27
S000003799,-1.25,-1.0,-0.62,-0.69,-0.49,0.07,-0.47
S000003827,-0.6,-1.14,-0.53,-0.64,0.23,1.23,-0.27
S000003831,0.99,0.93,0.75,-0.67,-1.09,-2.0,-0.12
S000003832,0.96,1.06,0.3,-0.56,-1.15,-1.89,0.29
S000003834,-1.6,-0.79,-0.92,-0.32,1.38,1.52,0.58
S000003839,-1.89,-1.94,-1.79,-0.74,0.28,1.86,0.63
S000003855,1.04,0.73,0.33,0.21,-1.18,-1.84,0.34
S000003857,-0.47,-0.74,-0.49,0.18,0.81,1.51,0.34
S000003865,0.11,0.29,0.63,1.42,-0.23,-0.06,0.28
S000003884,1.02,0.7,0.93,0.56,-0.84,-2.06,0.28
S000003906,1.01,0.58,0.4,0.48,-0.86,-1.89,0.24
S000003917,-0.86,-1.4,-1.4,-0.94,-0.38,1.67,1.21
S000003920,-0.62,-1.0,-0.74,-0.22,0.36,1.37,0.45
S000003922,-0.23,-0.47,0.08,0.18,0.68,1.5,0.59
S000001489,1.24,1.3,1.14,0.65,-0.97,-2.18,0.28
S000001492,1.15,1.0,0.38,-0.81,-1.56,-1.79,0.01
S000001509,-0.51,-0.2,-0.56,-0.43,0.15,1.41,0.21
S000001512,0.76,0.97,0.0,-1.36,-1.43,-1.32,0.5
S000001513,0.54,0.53,-0.1,-1.36,-1.15,-0.89,0.52
S000001539,0.72,0.66,0.82,0.2,-0.6,-1.47,0.39
S000001548,-0.56,-0.69,-0.56,0.54,1.16,1.36,0.38
S000001561,1.04,0.64,-0.23,-1.47,-1.36,-1.89,0.11
S000001564,0.9,0.87,0.44,0.24,-0.64,-1.6,0.4
S000001565,0.16,-0.09,-0.09,-0.89,-1.25,-1.74,-0.54
S000001569,-0.09,-0.34,0.28,-1.46,-0.22,-0.51,0.12
S000001580,-0.86,-1.4,0.74,-0.54,-0.34,-0.14,-0.56
S000001582,0.7,0.98,0.36,-0.97,-1.51,-1.32,-0.17
S000001586,-1.79,-1.56,-1.09,1.01,1.36,1.3,-0.36
S000001587,-0.81,-0.69,-0.49,0.46,1.32,1.0,0.18
S000001616,-1.51,-0.69,-0.49,0.03,0.58,1.08,0.44
S000001626,0.31,0.62,0.37,-0.42,-1.94,-1.51,-0.17
S000001631,-0.79,-1.15,-0.97,0.24,0.76,1.43,-0.03
S000001633,-0.81,-0.92,-0.81,0.11,0.78,1.83,0.15
S000001634,-1.32,-1.22,-1.03,-0.34,0.78,1.71,0.03
S000001639,1.27,0.94,0.6,-0.18,-1.15,-1.69,0.12
S000001644,-1.29,-2.0,-1.18,-0.15,0.93,0.99,0.77
S000001646,-0.22,-1.06,-0.89,-1.15,-0.86,1.94,1.75
S000001648,-1.47,-0.53,0.23,0.6,0.84,0.63,-0.63
S000001655,0.79,0.66,0.03,0.58,-1.18,-1.4,-0.18
S000001663,1.4,0.83,1.06,0.19,-0.67,-1.64,0.15
S000001672,-0.79,-0.92,-0.76,-0.15,1.28,0.88,-0.32
S000001684,-1.25,-0.09,0.1,-0.47,0.28,0.46,-0.14
S000001696,-0.51,-0.27,0.08,1.25,0.63,-0.18,0.29
S000001719,-1.43,-0.79,-0.51,0.53,1.32,0.85,-0.64
S000001721,-0.69,-1.0,-0.84,0.77,1.34,0.78,0.81
S000001741,-1.22,-0.32,-1.0,0.25,-0.23,0.0,1.08
S000001754,-0.45,-0.67,-0.45,-0.38,0.51,2.19,0.88
S000001757,-0.47,-0.54,-0.32,-0.36,0.23,1.28,0.07
S000001761,-0.97,-1.22,-0.76,-0.07,1.32,1.59,0.56
S000001765,1.23,1.17,1.04,0.41,-1.0,-2.0,-0.01
S000001768,0.7,1.02,0.51,-0.79,-0.92,-1.32,-0.06
S000001769,-1.4,-1.09,-0.43,0.62,0.86,0.96,0.3
S000001784,-1.4,-1.47,-1.0,0.12,0.59,1.63,0.16
S000001789,0.94,0.82,0.29,-0.54,-1.25,-1.64,-0.2
S000001799,-1.94,-2.47,-1.12,0.1,1.49,1.44,0.58
S000001800,0.9,0.44,0.5,-0.49,-1.64,-1.69,0.39
S000001802,1.06,0.71,0.52,-0.01,-0.84,-2.12,0.14
S000001803,0.08,-0.97,-1.48,0.53,-0.6,0.63,-0.13
S000001810,-1.51,-0.49,-0.09,0.11,0.11,1.0,0.68
S000003931,0.58,0.41,0.04,-0.92,-1.69,-1.69,-0.04
S000003934,0.21,0.6,0.29,-0.36,-0.84,-1.32,0.0
S000003943,-1.25,-1.43,-0.51,-0.4,0.44,0.7,0.41
S000003946,0.24,0.23,0.44,0.45,0.62,1.33,0.49
S000003949,-0.97,-1.74,-0.23,0.43,0.48,0.9,-1.09
S000003953,-2.0,0.0,-0.89,-0.15,-0.94,0.0,-0.07
S000003957,0.48,0.04,0.17,-0.52,-1.39,-1.09,-0.06
S000003962,-1.45,-1.65,-1.14,0.26,1.47,1.45,-0.07
S000003964,-0.29,-0.32,-0.12,0.37,0.69,1.43,-0.01
S000003967,1.06,0.99,0.83,-0.04,-1.15,-2.18,-0.03
S000003968,1.36,0.87,0.86,0.3,-0.86,-1.94,0.1
S000003969,0.07,0.41,0.52,-0.43,-0.81,-1.47,0.06
S000003970,0.43,0.3,0.12,-0.12,-0.69,-1.47,-0.18
S000003993,0.58,0.37,-0.15,-0.27,-1.15,-1.43,-0.09
S000003999,0.9,0.67,0.36,-0.89,-1.94,-1.56,0.26
S000004003,-1.4,-0.51,-1.89,-0.34,-1.0,0.41,0.71
S000004004,-0.27,0.52,-0.92,2.81,-0.17,-0.86,-0.15
S000004019,0.77,0.79,0.3,0.48,-0.62,-1.94,-0.01
S000004027,-0.69,-1.25,-0.54,-0.3,0.59,1.05,0.41
S000004032,-0.76,-0.79,-0.69,-0.4,1.03,1.47,0.38
S000004038,1.01,0.93,0.48,0.3,-1.0,-1.94,0.33
S000004041,-0.17,0.45,-0.18,-0.51,-0.71,-1.4,0.04
S000004044,-1.64,-1.15,-1.22,-0.74,-0.29,0.65,0.33
S000004046,0.58,0.12,-0.56,-0.76,0.4,0.52,1.41
S000004051,1.07,0.45,0.65,0.37,-0.69,-1.94,0.32
S000004052,1.12,0.83,0.54,0.36,-0.94,-2.25,0.36
S000004058,0.85,0.62,0.42,-0.86,-1.09,-1.29,-0.42
S000004064,1.13,0.91,0.57,-1.03,-1.51,-0.86,0.19
S000004065,1.14,0.69,0.63,0.3,-0.62,-1.64,0.01
S000004066,1.12,0.81,1.07,0.3,-0.62,-1.51,0.34
S000004089,-1.36,-0.97,-0.36,0.55,0.86,0.7,0.01
S000004109,-1.36,-0.79,-0.01,0.08,0.46,0.42,-0.36
S000004110,-1.51,-1.29,-0.07,0.28,1.12,1.58,-0.32
S000004111,-1.49,-1.89,-0.97,0.03,1.19,1.58,0.66
S000004114,-1.4,-0.38,-0.3,-0.56,-0.29,0.46,0.0
S000004119,0.43,0.45,0.07,-0.49,-1.09,-1.32,-0.15
S000004132,-1.94,-2.25,-2.56,-1.51,0.14,2.98,0.83
S000004139,-1.84,-2.56,-2.0,-0.45,1.0,1.57,-0.06
S000004140,1.07,1.15,0.82,0.42,-0.79,-1.56,-0.01
S000004148,0.12,-0.38,-0.1,0.16,0.66,1.21,0.73
S000004150,0.06,-0.32,-0.1,0.06,0.7,1.23,0.73
S000004157,1.13,1.36,0.93,0.16,-0.89,-2.18,-0.06
S000004158,0.1,0.43,-0.1,-0.38,1.28,0.34,-0.14
S000004164,-0.54,-0.32,-0.81,-0.84,-0.12,1.48,0.37
S000004165,0.9,0.95,0.31,-0.81,-1.36,-1.56,0.08
S000004168,-2.0,-2.4,-2.0,-0.1,1.11,2.28,0.29
S000004170,1.24,1.07,-0.1,0.38,-0.92,-0.12,-0.29
S000004175,1.24,0.82,0.71,-0.2,-0.94,-2.25,0.57
S000004176,0.95,1.21,0.55,-0.25,-1.22,-1.51,0.11
S000004184,-2.84,-3.18,-1.32,0.24,1.53,1.96,0.08
S000004186,0.77,0.53,0.15,-1.12,-1.32,-1.12,-0.1
S000004187,0.75,0.75,0.58,0.01,-1.0,-1.84,0.18
S000004188,0.79,0.51,0.34,-0.43,-1.03,-1.64,-0.03
S000004195,-1.03,-1.51,-1.89,-0.67,0.14,0.75,1.1
S000004211,-0.51,0.72,0.18,-0.49,-0.69,-1.56,-0.42
S000004212,0.49,0.83,0.41,-0.4,-1.4,-1.32,-0.09
S000004239,0.7,0.56,0.53,-0.22,-1.15,-1.4,0.4
S000004241,-1.09,-1.12,-0.67,0.29,1.12,1.52,0.18
S000004248,-0.76,-1.0,-1.12,-0.04,0.76,1.21,0.76
S000004254,1.27,0.91,1.04,0.14,-0.94,-1.69,0.03
S000004257,-0.79,-0.92,-0.79,-0.14,1.09,1.27,0.23
S000004260,-0.47,-0.51,-0.15,0.4,1.2,1.28,-0.36
S000004266,0.75,0.84,0.25,-0.49,-1.32,-1.36,-0.07
S000004276,1.04,0.5,0.59,0.65,-0.45,-1.43,0.56
S000004278,0.9,0.95,0.93,0.58,-0.32,-1.15,-1.29
S000004284,0.64,0.86,0.59,0.79,0.07,-1.22,0.28
S000004287,-0.92,-0.81,-1.69,0.69,-0.18,-1.09,-0.38
S000004290,-0.94,-1.22,-0.92,-0.07,0.5,1.08,0.66
S000004291,0.57,0.38,-0.25,0.14,0.01,0.28,1.29
S000004293,-0.92,-1.4,-1.32,0.23,-0.1,1.03,-0.29
S000004294,-0.97,-1.29,-1.56,1.23,0.95,1.57,-0.54
S000004295,0.23,0.16,0.18,-0.09,1.42,-0.14,-0.97
S000004296,-0.64,-0.84,-1.43,-0.7,-0.53,-0.87,0.03
S000004298,-0.84,-0.71,-0.92,-1.0,-0.86,1.49,0.03
S000004302,-1.18,-0.58,-0.51,-0.79,-0.2,1.43,0.31
S000004303,-1.74,-1.47,-1.84,-0.69,-0.49,1.74,0.23
S000004317,1.01,0.66,0.8,0.5,-0.92,-2.32,0.19
S000004319,-0.62,-2.12,-1.18,0.33,0.56,1.77,-0.1
S000004325,1.17,0.78,0.96,0.14,-0.4,-1.56,0.28
S000004331,0.94,0.58,0.76,0.21,-0.74,-1.74,0.49
S000004332,1.21,1.05,0.82,0.38,-0.74,-1.64,0.48
S000004336,1.05,0.93,0.51,0.19,-0.76,-1.69,0.62
S000004337,-0.79,-1.43,-0.47,0.45,0.93,1.02,-0.49
S000004342,-0.84,-0.62,-0.29,0.69,1.31,1.03,0.3
S000004348,-0.64,-0.76,-0.29,-0.18,0.69,1.61,0.26
S000004359,1.04,0.68,0.66,0.21,-0.74,-1.74,0.07
S000004380,1.3,0.99,0.82,0.39,-0.92,-1.94,0.23
S000004392,-0.09,0.56,-0.06,-0.17,-0.97,-1.4,-0.14
S000004393,0.5,0.53,0.28,-0.67,-1.79,-2.12,0.03
S000004401,0.55,0.45,0.34,-0.84,-1.47,-1.56,0.06
S000004405,1.08,0.25,-0.07,-0.58,-0.84,-1.56,0.5
S000004406,-1.0,-1.25,-0.6,0.21,1.21,1.14,0.04
S000004415,-1.47,-0.56,-0.51,0.25,0.59,0.7,-0.34
S000004416,-1.32,-0.38,-0.45,0.16,0.64,0.55,-0.3
S000004420,-0.04,-0.12,0.29,0.11,-0.69,-1.22,-0.3
S000004427,0.0,0.42,-0.14,-0.47,-0.74,-1.6,0.16
S000004440,1.0,0.69,0.32,0.11,-0.86,-2.0,0.37
S000004479,-0.29,-0.84,-1.63,-0.58,0.53,-0.81,0.0
S000004484,0.86,0.74,0.4,0.07,-0.89,-1.47,0.31
S000004490,-0.27,-0.51,0.68,1.33,1.08,0.93,-0.01
S000004500,0.15,0.1,-0.29,-1.84,0.57,-0.67,0.04
S000004506,-1.25,-0.25,-0.4,-0.42,0.29,1.0,-0.6
S000004510,-1.12,-1.22,-1.15,-0.86,0.41,-0.3,-0.18
S000004520,1.06,1.04,0.5,0.2,-0.89,-1.25,0.0
S000004528,0.96,1.04,0.73,0.59,-0.69,-2.12,-0.15
S000004535,-0.23,-0.6,-0.62,0.33,0.95,1.46,-0.2
S000004538,1.37,0.65,0.84,0.4,-0.89,-2.0,0.45
S000004558,0.65,0.42,0.01,-0.94,-1.15,-1.69,-0.29
S000004559,0.55,0.56,0.58,0.51,-0.09,-1.25,-0.43
S000004566,-2.18,-2.64,-1.47,0.01,1.2,2.25,0.21
S000004589,-0.29,-0.47,-0.34,-0.09,0.67,1.48,0.32
S000004597,-2.84,-2.84,-1.84,-0.86,0.58,2.65,-0.4
S000004599,-1.95,-0.02,0.42,0.59,0.96,0.66,-1.29
S000004601,-0.47,-0.62,-0.18,0.43,0.95,1.26,0.45
S000004602,-0.4,-0.69,-0.03,-1.32,-0.43,0.0,0.23
S000004605,0.43,0.32,-0.3,1.93,-0.36,-0.29,0.58
S000004608,1.4,0.62,0.37,-0.62,-0.74,-1.0,0.0
S000004609,-1.94,-2.4,-1.51,0.38,0.95,1.58,0.39
S000004610,-1.67,-2.11,-0.92,0.73,1.28,1.14,0.71
S000004614,-0.06,0.18,0.15,0.45,-0.16,-1.94,-0.11
S000004616,-0.09,0.53,0.19,-1.0,-1.36,-1.29,-0.42
S000004635,0.63,0.44,-0.06,-0.59,-1.24,-0.73,0.12
S000004643,-2.64,-2.0,-0.81,0.39,1.54,1.41,-0.56
S000004652,0.54,0.77,0.45,-0.79,-1.51,-1.6,0.29
S000004673,-0.07,-0.43,-0.3,-0.62,-0.67,1.25,-0.12
S000004687,-0.69,-0.86,-0.86,-0.14,-0.67,-2.84,-0.29
S000004689,0.5,-1.4,-1.22,0.11,0.57,0.95,0.33
S000004690,-1.25,-1.12,-0.47,0.46,0.87,0.58,0.1
S000004696,-1.94,-1.4,-1.09,0.67,0.9,1.74,-0.1
S000004697,0.28,0.23,0.29,-0.23,-0.09,-1.29,-0.47
S000004699,0.77,0.62,0.34,-0.71,-1.29,-1.89,0.37
S000004702,-1.32,-1.51,-1.56,-1.09,-0.67,2.75,-0.25
S000004709,-0.59,-0.91,-0.72,-0.03,0.37,1.29,0.53
S000004710,-1.18,-1.25,-0.86,-0.18,0.25,1.23,0.28
S000004711,-2.18,-2.06,-1.84,-0.45,1.41,1.98,-0.01
S000004713,-1.25,-1.6,-2.06,-1.69,-0.45,2.24,-0.23
S000004722,0.72,0.66,0.84,0.32,-0.92,-1.64,0.58
S000004728,0.98,0.97,0.53,0.63,-0.49,-1.43,0.2
S000004735,0.01,0.26,0.12,-0.8,-1.31,-1.44,-0.21
S000004738,0.79,0.78,0.65,-0.67,-1.36,-1.69,-0.14
S000004740,-1.32,-0.81,-0.92,-0.42,-0.09,1.46,0.07
S000004744,-1.22,-1.03,-0.81,-0.22,0.07,1.9,0.53
S000004750,0.66,0.99,0.18,0.03,-0.79,-2.06,-0.09
S000004751,0.83,0.57,0.7,0.15,-0.76,-2.12,0.24
S000004753,0.32,-0.51,-1.6,-1.12,-0.51,1.26,1.23
S000004768,-1.0,-1.89,0.0,0.12,-0.17,-0.42,-0.18
S000004779,-1.22,-1.29,-0.42,-1.03,-0.18,0.95,-0.1
S000004784,-1.64,-1.64,-0.57,1.09,1.75,1.89,-0.6
S000004785,-1.51,-1.69,-0.64,0.87,1.5,1.43,-0.43
S000004786,-0.68,-1.34,-0.31,0.09,0.73,1.36,0.05
S000004787,-0.96,-0.87,-0.93,-0.32,-0.03,1.87,0.81
S000004793,-0.36,-0.81,-0.81,-0.23,0.41,1.84,0.7
S000004796,-1.4,-0.12,0.07,0.39,0.96,0.91,-0.58
S000004802,-0.41,-0.16,-0.16,-1.83,-0.16,-0.11,-0.37
S000004803,-0.86,-0.27,0.06,0.6,0.65,1.28,0.6
S000004805,0.08,0.8,-0.04,-0.18,-0.6,-1.4,-0.2
S000004807,0.88,0.6,0.95,0.2,-1.06,-1.79,0.14
S000004809,-1.06,-0.97,-0.81,-0.36,0.58,1.61,0.12
S000004819,-0.56,-1.29,-1.06,-1.03,-0.06,0.97,0.14
S000004830,0.96,1.1,0.5,-0.29,-1.36,-1.79,0.58
S000004842,0.04,-0.01,0.24,-1.37,-2.06,-2.04,-0.21
S000004843,0.72,0.71,0.83,0.14,-0.69,-2.12,-0.01
S000004852,-0.15,0.69,0.19,-0.49,-0.92,-1.43,0.0
S000004855,1.0,0.77,1.08,0.25,-0.89,-2.25,-0.01
S000004860,0.75,-0.03,0.37,0.0,-0.45,-1.6,-0.23
S000004862,-1.69,-2.64,-1.56,0.12,1.33,1.82,-0.47
S000004863,-1.8,-2.56,-1.08,0.23,1.08,1.38,0.41
S000004864,-1.84,-2.18,-1.12,0.77,1.45,1.31,0.04
S000004865,-1.29,-0.51,-0.14,-0.29,0.2,0.5,-0.1
S000004873,0.84,0.58,0.78,-0.09,-0.6,-1.6,-0.34
S000004903,0.93,1.23,0.36,-0.62,-1.69,-1.84,0.15
S000004904,1.0,0.0,-0.69,-1.0,-1.0,1.58,0.0
S000004905,-0.76,-0.54,-0.2,0.14,0.87,1.37,0.07
S000004912,-0.38,-0.62,-0.17,0.21,0.86,1.43,0.57
S000004921,-0.36,-0.69,-0.27,0.44,1.23,1.17,0.93
S000004926,0.51,0.65,0.57,-0.3,-0.74,-1.29,0.29
S000004927,1.0,0.94,0.31,-0.64,-1.32,-0.94,-0.15
S000004932,-1.43,-1.29,-0.89,0.82,1.88,1.33,-0.15
S000004933,-2.0,-2.25,0.0,0.44,1.03,0.85,-0.84
S000004934,-1.22,-1.4,-0.4,-0.54,-0.42,-0.17,0.04
S000004935,-2.18,-2.25,-0.06,0.54,1.06,0.81,-0.54
S000004938,0.13,0.58,0.69,-0.11,-0.16,-1.87,-0.42
S000004940,0.75,0.62,0.71,0.12,-0.69,-2.06,-0.6
S000004942,-1.44,-0.49,-0.86,-0.59,-0.69,-0.3,0.07
S000004947,0.99,0.92,0.38,-0.94,-1.36,-1.43,0.11
S000004954,-1.47,-0.51,-0.42,-0.64,-0.17,0.34,0.93
S000004960,-1.06,-0.86,-0.51,0.31,1.25,1.73,0.06
S000004962,-1.36,-1.12,-0.97,-0.27,-0.49,-0.04,-0.22
S000004963,-1.51,-0.25,-0.81,-0.51,-0.34,0.99,-0.51
S000004975,1.05,0.86,0.63,-0.03,-0.89,-1.56,0.04
S000004981,-1.79,-0.18,-0.79,-0.32,0.67,2.27,0.86
S000004988,-0.49,-0.43,-0.34,0.54,1.26,0.85,0.21
S000004989,-0.51,-0.4,-0.06,1.03,1.34,0.92,-0.07
S000004990,-0.18,-0.04,-0.03,0.24,0.48,1.4,-0.12
S000005000,0.12,-0.32,-0.43,0.03,1.06,1.69,0.06
S000005005,0.91,0.83,0.1,-0.94,-1.51,-1.22,-0.01
S000005009,0.75,0.06,-0.38,-0.79,-0.34,-0.76,1.4
S000005010,1.3,0.91,0.16,-0.58,-1.4,-2.25,0.34
S000005011,1.37,0.89,0.65,0.1,-0.94,-1.74,0.15
S000005013,1.19,0.82,0.7,0.39,-0.79,-1.84,0.63
S000005036,-1.29,-1.32,-0.4,0.59,0.8,0.99,-0.38
S000005037,-1.18,-1.6,-1.51,0.0,0.57,1.25,-0.27
S000005040,0.9,0.75,0.45,0.14,-1.18,-2.47,-0.1
S000005049,-1.36,-0.42,-0.42,-0.3,-0.14,-0.14,-0.17
S000005054,-0.06,0.51,0.0,-0.89,-1.22,-2.0,-0.18
S000005056,0.85,0.91,0.41,-1.06,-2.32,-2.94,0.53
S000005057,0.31,1.22,0.77,-0.03,-0.92,-1.36,0.04
S000005058,0.46,0.6,0.44,-0.18,-0.76,-1.25,-0.12
S000005059,-1.06,-0.92,-0.74,-0.1,0.64,1.6,0.11
S000005063,0.87,0.65,0.56,0.3,-0.89,-1.6,0.34
S000005068,-0.04,0.51,-0.04,-0.67,-1.22,-1.25,0.11
S000005076,0.7,0.62,0.44,-1.15,-1.47,-1.94,0.08
S000005078,-1.18,-1.15,0.67,1.58,0.44,0.37,-1.0
S000005085,1.18,0.84,0.45,-1.4,-1.4,-1.36,0.74
S000005089,1.31,0.73,0.24,-0.29,-0.14,-0.89,0.48
S000005104,-1.32,-1.25,-1.36,-0.32,-0.07,2.16,1.55
S000005106,1.12,1.01,0.43,0.43,-1.0,-2.32,0.16
S000005118,0.87,0.99,0.04,-0.81,-1.89,-2.32,0.1
S000005119,1.16,1.08,0.61,-0.76,-2.18,-2.18,-0.23
S000005122,0.86,0.6,0.79,0.1,-0.67,-2.25,0.16
S000005126,0.83,0.93,0.29,-0.54,-1.22,-1.56,0.58
S000005136,-1.18,-1.69,-0.79,0.28,0.95,0.9,-0.18
S000005144,-1.43,-1.32,-0.69,-0.04,0.8,1.62,-0.1
S000005152,-1.32,-1.94,-1.32,0.5,1.66,1.56,0.31
S000005153,0.84,0.79,0.68,0.41,-0.69,-1.51,0.61
S000005188,0.36,-0.15,0.1,0.81,-0.03,-1.32,-0.32
S000005192,1.01,0.9,0.21,-0.67,-1.51,-1.94,0.07
S000005218,-1.06,-1.56,-1.22,-0.64,0.88,1.54,0.34
S000005223,-0.6,-1.12,-1.09,-0.06,1.26,0.68,0.06
S000005229,-0.42,-0.27,-0.45,-1.32,0.0,0.0,-0.54
S000005233,-0.58,-0.14,-0.08,0.56,-0.64,-0.38,1.5
S000005240,-1.29,-0.84,-0.79,-0.18,-0.3,-0.49,-0.17
S000005245,0.98,0.89,0.52,0.43,-0.94,-1.89,0.53
S000005246,-0.03,0.26,0.14,0.19,-0.42,-1.29,0.11
S000005247,-0.04,0.41,-0.06,-0.6,-0.97,-1.6,0.06
S000005248,-1.36,0.12,-0.12,0.16,-0.09,-0.12,-0.03
S000005254,-1.22,0.14,0.25,0.1,-0.07,-0.07,-0.34
S000005271,1.04,0.24,0.5,-0.14,-1.6,-1.4,0.46
S000005298,0.04,0.36,0.43,0.72,-1.28,-0.93,0.23
S000005321,0.21,0.15,0.03,-0.34,0.29,-0.21,1.42
S000005323,-0.62,0.03,-0.48,-1.24,-0.49,0.15,-0.54
S000005324,-0.06,-1.44,-0.03,0.16,0.03,0.62,0.03
S000005325,0.64,-0.37,-0.18,1.56,0.09,0.05,0.0
S000005336,-0.73,0.01,0.06,-0.97,-0.89,-1.82,0.77
S000005342,-0.37,-1.69,-1.05,0.65,0.71,0.29,0.27
S000005353,-1.21,-0.37,0.18,0.32,-0.03,-0.07,-0.19
S000005365,1.14,0.85,0.37,-0.74,-1.52,-0.75,0.49
S000005375,-1.14,-1.22,-1.1,-0.19,-0.24,0.21,-0.16
S000005376,-2.45,-2.31,-0.42,0.49,0.81,0.83,-0.49
S000005395,0.59,0.2,-0.04,-1.21,-0.15,0.07,-0.32
S000005399,0.92,0.45,-0.25,-0.37,-1.82,-1.29,1.28
S000005400,0.96,0.76,0.69,0.03,-0.34,-2.0,0.37
S000005401,0.84,0.54,-0.17,-0.61,-0.65,-1.52,0.07
S000005402,-1.82,0.33,0.13,-0.06,0.03,0.07,0.34
S000005404,-0.32,-0.91,-0.61,-0.15,-0.69,0.11,1.28
S000005406,-0.62,0.54,-0.52,1.26,-0.12,-0.54,-0.29
S000005407,-1.9,-1.96,-1.31,-0.67,0.33,1.15,-0.12
S000005408,-1.31,-0.25,-1.08,-0.01,-0.76,-0.64,-0.25
S000005410,-0.45,-0.06,-0.29,-0.04,-1.25,-1.45,-0.27
S000005418,0.49,0.18,-1.47,0.96,0.52,-0.55,-0.06
S000005423,-1.42,0.33,0.4,0.67,0.28,0.36,0.12
S000005424,0.5,-0.68,-0.94,0.59,-1.28,-0.09,0.14
S000005433,-0.05,-0.61,-1.21,-0.29,0.16,0.08,-1.21
S000005434,-1.43,-1.07,0.16,0.37,0.58,0.78,0.03
S000005435,-0.62,-1.24,0.23,-0.14,0.03,0.23,0.55
S000005437,-0.03,0.5,0.68,-0.6,-1.69,-2.12,-0.49
S000005439,-0.86,-0.72,-1.4,-0.99,-0.43,-0.56,-0.17
S000005440,0.34,-0.16,-1.47,-1.25,0.0,-0.86,0.06
S000005441,-0.27,-0.09,-0.23,-0.65,-1.24,0.85,-0.7
S000005442,-1.26,0.18,-0.6,0.75,0.9,0.52,-0.07
S000005444,-0.49,-3.18,-0.89,-0.62,-0.27,1.95,-0.7
S000005445,-0.62,-0.92,-1.47,-0.36,-0.1,1.39,-0.56
S000005464,-0.02,-1.46,-0.25,-0.17,0.44,-0.34,0.41
S000005468,0.38,0.0,-0.23,-1.32,-0.39,0.63,0.04
S000005476,-1.24,0.06,-0.81,-0.01,-0.19,0.34,-0.54
S000005480,1.33,0.63,0.49,0.28,-1.99,-0.84,0.82
S000005481,-0.82,-0.33,0.89,0.14,-0.68,-1.92,0.01
S000005483,-0.54,-0.96,-0.12,0.16,0.17,-1.31,-0.34
S000005484,0.87,0.21,-0.27,-0.69,-1.15,-1.8,-0.09
S000005485,-0.07,-0.87,0.24,0.0,-1.55,-0.3,0.71
S000005486,-0.29,-1.26,-0.48,-0.17,0.55,0.24,0.03
S000005487,0.19,1.09,-1.25,0.19,-0.76,-0.37,-0.3
S000005488,0.42,0.23,-1.21,0.46,-0.32,-1.28,-0.97
S000005491,-0.17,-2.56,-0.86,-0.4,-1.29,0.65,0.39
S000005506,-0.09,0.14,-1.67,-0.1,-0.8,-0.35,-0.23
S000005507,-0.51,0.62,-0.45,-1.97,0.2,0.82,0.32
S000005511,-1.39,-0.89,-0.45,-0.21,0.48,0.75,-0.92
S000005515,-0.82,-0.23,-0.69,-0.74,-1.29,0.62,1.42
S000005516,-0.44,0.0,-1.2,0.08,0.62,0.82,-1.48
S000005517,-0.84,-0.23,-1.13,0.5,-1.31,0.38,1.63
S000005518,0.64,-0.6,-0.56,0.63,-0.06,-1.25,0.9
S000005519,-0.64,-0.78,-0.14,0.06,0.76,1.46,0.76
S000005522,0.23,-1.29,-0.39,-0.3,0.07,0.88,-0.26
S000005523,-0.59,-1.36,-0.76,-0.71,0.67,1.3,2.15
S000005524,-0.33,-0.18,-1.32,-0.38,0.1,0.88,0.91
S000005526,0.18,-0.06,-1.4,0.18,-0.45,0.0,1.58
S000005530,0.44,1.22,0.16,-1.15,-0.68,-1.92,0.03
S000005531,-1.63,-0.67,-0.36,0.46,-0.88,0.28,0.28
S000006431,0.57,-0.37,-0.62,-0.34,-0.62,-1.27,-0.13
S000005535,-1.3,-0.18,-0.58,-0.34,-0.18,0.98,0.03
S000005536,-0.12,-0.88,-0.22,-0.29,0.16,-1.22,0.3
S000005541,-1.28,-0.51,-0.37,-0.08,0.27,-0.35,-0.25
S000005542,-0.31,-0.06,0.22,0.63,0.2,0.49,1.9
S000005545,-0.43,-1.47,-0.6,0.1,0.83,1.38,0.23
S000005559,-0.58,-1.46,-0.62,-0.99,-0.14,-0.42,1.66
S000005568,-0.44,-1.0,-0.72,-0.23,-1.4,-2.32,-0.45
S000005575,-0.52,-0.43,-0.23,-0.36,-0.98,0.46,1.58
S000005577,0.71,0.18,0.24,0.25,-0.38,-1.25,0.82
S000005578,-0.45,-1.55,0.48,0.0,1.06,-0.74,-0.51
S000005582,0.73,-0.04,-0.03,-1.47,-0.92,-0.41,-0.23
S000005587,0.08,0.18,0.15,-0.04,-0.36,-1.56,-0.15
S000005591,-0.29,-1.18,-1.65,-0.48,-1.09,0.64,0.91
S000005594,-1.4,-0.27,-0.93,0.19,-0.37,-1.01,-0.31
S000005599,0.15,-0.53,-0.12,-1.41,-1.54,-0.74,-0.1
S000005604,0.26,0.14,0.87,-0.15,-0.51,-1.43,-0.32
S000005618,-0.22,-0.61,-0.28,0.19,1.23,0.09,0.33
S000005619,-0.53,0.14,-0.11,-0.11,-1.51,0.02,-0.84
S000005621,0.05,-0.68,-1.05,-1.53,-2.06,-2.56,0.15
S000005622,0.96,-0.23,0.25,-0.18,-0.75,-2.56,-0.21
S000005624,0.25,0.58,-1.4,0.03,-0.54,-0.49,0.06
S000005627,0.67,-0.75,-1.13,0.2,-1.4,-1.13,0.38
S000005628,0.35,-0.57,-1.45,1.22,-0.79,0.14,0.03
S000005629,-1.24,-0.76,0.18,0.48,0.49,0.07,-0.27
S000005631,-1.41,-1.09,-0.22,-0.14,0.24,0.28,-0.03
S000005645,-0.93,-0.22,0.42,-1.81,-1.74,-0.41,0.57
S000005646,-0.62,-0.89,-0.69,-0.26,0.73,1.65,0.52
S000005647,-1.21,0.09,-0.47,-0.61,0.72,0.37,0.24
S000005651,-0.64,-0.93,-1.75,0.16,0.15,-0.12,-0.23
S000005656,-0.64,-0.58,-1.0,0.0,-2.56,1.0,0.12
S000005660,-1.7,-3.06,-3.06,-1.6,0.36,1.59,0.01
S000005663,-1.46,-0.37,0.23,0.09,0.32,0.89,-0.86
S000005665,0.65,1.52,-0.23,-0.1,-0.43,-0.49,-0.58
S000005667,-0.12,-1.16,-0.14,-0.18,-0.84,-0.29,-1.43
S000005671,1.26,0.91,0.13,-0.57,-1.29,-1.13,0.51
S000005672,1.03,0.92,0.43,-0.67,-1.35,-0.71,0.6
S000005678,-0.85,-1.24,-0.66,0.04,0.83,1.69,0.4
S000005693,0.76,0.8,0.62,0.48,-0.46,-1.47,0.12
S000005695,0.34,0.54,0.34,-1.53,-0.56,-1.34,-0.2
S000005699,-0.8,-0.4,-0.53,0.53,0.12,1.45,0.32
S000005708,1.31,0.59,0.98,0.55,-0.86,-1.79,0.27
S000005709,-0.67,-0.27,-0.52,-1.24,-0.28,-0.45,0.45
S000005711,-1.0,-1.39,-0.85,0.36,1.12,1.7,-0.08
S000005716,-1.33,-0.36,-0.18,-0.43,0.01,0.81,0.48
S000005732,0.57,0.92,0.34,-0.61,-1.74,-1.68,0.24
S000005736,0.39,0.94,0.75,0.11,-0.6,-1.38,-0.15
S000005740,-0.49,-1.38,-1.27,-0.26,-0.57,0.08,0.24
S000005746,-1.89,-2.01,-0.2,0.95,1.43,1.22,-0.51
S000005750,1.23,0.89,0.62,-0.28,-0.9,-1.11,0.4
S000005760,1.18,1.01,0.48,-0.26,-0.99,-1.79,0.36
S000005761,-0.05,-1.22,-0.69,-0.84,-0.09,0.58,-0.1
S000005763,-1.43,-1.86,-1.14,-0.36,1.03,0.43,-0.2
S000005778,0.83,0.74,0.38,-0.64,-0.88,-1.29,-0.05
S000005789,0.34,0.26,0.26,-0.38,-0.73,-1.26,0.01
S000005798,1.04,0.98,0.33,-0.49,-1.3,-1.14,0.28
S000005799,-1.36,-0.92,-0.3,0.46,1.23,1.2,0.03
S000005813,-0.43,0.36,0.1,-0.72,-1.25,-2.06,0.0
S000005815,-1.62,-2.29,-1.42,0.39,1.6,1.67,-0.01
S000005819,0.85,0.64,0.78,0.16,-1.09,-2.6,-0.32
S000005820,0.22,1.16,0.07,-0.64,-1.38,-1.36,-0.02
S000005828,-0.79,-0.52,-0.74,-0.68,-0.92,1.94,0.63
S000005829,-0.98,-0.93,-0.95,-1.54,-0.82,2.82,0.25
S000005836,0.37,0.38,0.29,-0.44,-1.44,-1.97,0.1
S000005837,1.28,1.06,0.51,-0.75,-1.64,-1.79,0.3
S000005839,1.42,1.15,0.73,0.16,-1.02,-2.16,0.19
S000005843,0.5,0.54,0.26,-0.29,-0.46,0.36,1.25
S000005844,-0.15,-0.23,-0.33,-0.49,0.26,1.28,0.33
S000005867,0.84,0.59,0.27,-0.23,-1.29,-0.83,0.62
S000005886,0.04,-0.07,0.33,-0.39,-0.76,-0.42,1.24
S000005896,1.05,0.75,0.43,0.36,-0.76,-2.19,0.4
S000005901,-0.04,-0.34,-0.32,0.59,0.57,1.45,0.59
S000005902,0.14,-0.2,0.43,0.5,0.44,-1.14,2.06
S000005903,-0.5,0.03,-0.59,1.32,-0.19,-0.3,-0.25
S000005909,0.18,0.71,0.05,-0.72,-2.22,-1.81,2.4
S000005910,-0.03,0.06,0.16,-0.49,-1.01,-1.08,2.1
S000005912,-2.2,-1.86,0.24,0.72,1.15,0.51,-0.51
S000005913,-1.47,-0.41,-0.86,0.4,0.12,-0.12,-0.4
S000005914,-1.27,-0.82,-0.24,0.17,0.12,0.32,0.14
S000005918,-1.22,-2.42,0.58,-0.16,0.79,0.33,1.21
S000005919,-1.64,-0.66,-2.05,0.45,-0.61,-0.34,-0.19
S000005926,-1.66,-0.69,-1.16,-0.19,-0.33,-0.15,-0.06
S000005933,-0.03,0.36,-0.62,-1.08,-1.32,-1.04,0.04
S000005935,-0.22,-0.52,-0.18,-0.59,0.37,1.46,0.34
S000005942,-1.26,-0.75,-0.82,-0.96,0.03,-0.65,-0.38
S000005948,-0.5,-1.29,-1.0,-0.76,0.32,0.08,0.28
S000005954,-1.26,0.59,-1.84,-1.0,-0.8,0.08,0.0
S000005964,0.56,0.58,0.0,-0.8,-1.51,-1.62,-0.23
S000005965,0.67,0.75,0.36,-0.84,-1.56,-1.84,-0.14
S000005975,-1.07,-1.95,-0.77,-0.12,0.22,1.11,1.41
S000006000,1.0,0.56,0.91,0.57,-0.86,-2.13,0.23
S000006002,1.0,0.36,0.75,0.39,-0.71,-1.54,0.2
S000006003,0.01,-0.4,-0.19,-1.22,-0.73,-0.39,-0.07
S000006006,-1.52,-0.85,0.5,-1.07,-0.02,-0.24,-0.07
S000006007,0.61,0.99,0.23,-0.13,-0.97,-1.29,-0.18
S000006008,-1.23,-1.25,-0.58,0.66,1.25,1.16,-0.07
S000006009,-1.25,-1.39,-0.68,0.05,1.27,0.81,0.38
S000006011,1.16,0.91,0.8,0.38,-1.12,-2.19,-0.07
S000006021,-0.16,-1.27,-0.61,0.54,-0.73,0.02,-0.27
S000006028,-1.43,0.64,-0.42,-0.43,-0.12,-0.53,-0.23
S000006042,-1.35,-1.58,-1.16,-0.92,-0.84,-0.19,-0.94
S000006044,-0.59,-2.91,-1.51,0.29,0.54,1.47,-0.45
S000006047,0.85,0.8,0.08,-1.08,-1.21,-1.54,0.24
S000006051,-0.93,-1.17,-1.66,-0.38,-1.01,-0.32,0.48
S000006056,-0.47,-0.02,-0.44,-0.14,0.19,1.52,0.56
S000006063,1.16,0.74,0.7,0.17,-0.77,-1.79,0.23
S000006064,0.98,1.11,0.83,0.29,-0.81,-1.98,0.06
S000006067,0.52,0.38,0.02,-0.55,-1.23,-1.52,-0.31
S000006075,-0.66,-0.93,-0.75,0.46,1.18,1.65,0.25
S000006079,0.64,0.5,0.26,-0.58,-1.5,-0.96,-0.02
S000006084,-0.73,-1.11,-0.82,0.24,1.41,1.1,0.63
S000006104,-0.32,0.49,0.3,-0.35,-1.22,-1.27,0.39
S000006108,-1.7,0.08,-0.63,-0.46,-0.12,-0.37,-0.14
S000006112,-1.31,-0.66,-0.43,0.18,0.57,0.34,0.02
S000006119,1.06,1.09,0.97,-0.15,-1.0,-2.0,0.37
S000006122,-2.16,-0.69,-0.36,0.47,-0.61,-0.03,0.04
S000006132,1.19,1.02,0.61,-0.75,-1.58,-1.89,0.34
S000006138,0.16,0.03,-0.12,-0.66,-1.74,-0.94,-0.06
S000006141,1.33,1.17,0.7,0.37,-0.73,-1.45,0.57
S000006144,-2.04,-2.4,-1.59,-1.69,0.18,1.78,0.98
S000006147,0.79,0.76,0.29,-0.52,-1.19,-1.6,0.14
S000006151,-0.47,-0.85,-0.65,-0.75,-0.04,1.7,0.13
S000006187,1.08,1.13,0.89,-0.47,-1.25,-1.49,-0.06
S000006192,-0.14,-0.4,-0.12,-0.09,0.62,1.3,0.58
S000006193,-1.25,-1.67,-0.9,0.06,1.05,1.8,0.22
S000006194,0.75,0.78,0.68,0.24,-0.62,-1.95,-0.18
S000006196,-0.15,-0.03,-1.54,-0.49,-0.49,0.0,0.0
S000006197,-1.23,-0.3,-0.39,-0.15,-0.64,-0.28,-0.06
S000006201,-0.94,-1.09,-1.32,-0.99,-0.51,0.82,0.66
S000006202,-1.33,-1.66,-0.75,-0.92,-0.54,-0.54,0.12
S000006205,-1.18,-0.81,-0.72,-0.21,0.19,1.43,0.12
S000006206,-1.34,-0.52,-0.63,-0.62,0.32,1.02,0.54
S000006211,-0.82,-0.91,-0.66,-1.25,-1.16,-0.21,0.0
S000006214,0.69,0.41,0.23,-0.73,-1.5,-1.5,0.34
S000006230,-1.08,-1.54,-0.85,-0.4,0.41,1.31,-0.21
S000006234,-1.45,-1.13,-0.78,-1.52,-0.09,1.38,0.52
S000006247,0.92,0.93,0.87,0.47,-0.89,-1.97,0.11
S000006248,1.04,0.92,0.95,0.53,-0.69,-1.77,0.41
S000006272,-1.51,-0.58,-0.37,-0.45,-0.4,-0.06,-0.23
S000006282,-1.3,-1.58,-0.98,-0.93,0.3,2.22,0.21
S000006302,-0.37,-0.62,-0.38,0.17,0.75,1.24,0.56
S000006306,0.79,0.57,0.7,0.64,-0.53,-2.15,0.08
S000006309,-0.34,0.01,0.48,1.34,0.04,-0.38,0.25
S000006314,0.76,0.49,0.63,-0.01,-0.77,-1.34,0.23
S000006316,0.47,0.16,0.02,-1.18,-1.71,-1.44,-0.1
S000006336,0.98,0.66,0.82,0.24,-0.63,-1.84,-0.22
S000006340,0.06,0.14,0.02,-0.67,-1.07,-1.47,-0.5
S000006341,0.81,0.8,0.45,-0.84,-1.09,-1.52,-0.2
S000006342,0.57,0.25,-0.66,0.19,-0.35,0.03,1.28
S000006346,0.33,0.58,0.13,-0.34,-1.2,-1.5,-0.06
S000006348,0.85,0.88,0.21,-0.15,-1.14,-1.29,0.53
S000006349,0.86,0.34,0.5,0.38,-0.12,-1.24,-0.04
S000006358,-0.82,-1.0,-0.27,0.66,1.27,1.21,-0.03
S000006359,-0.04,-0.07,0.04,2.05,0.44,0.65,0.58
S000006372,-0.65,-0.29,-0.66,1.26,0.12,-0.38,-0.07
S000006388,-1.63,-1.41,-1.19,-0.28,0.17,1.76,0.17
S000006391,1.28,0.99,0.49,0.21,-0.75,-1.52,-0.12
S000006398,-0.96,-0.34,-0.18,-0.07,-0.09,0.01,1.53
S000006402,-0.62,-0.67,-0.16,0.74,1.22,1.21,0.29
