gene_id   ,5    ,10   ,15   ,20   ,30   ,40   ,60   ,80
S000000023,-1.89,-2.18,-3.47,-3.64,-1.18,-1.56,-0.76,-0.34
S000000034,-0.74,-2.0 ,-2.06,-2.0 ,-1.89,-0.94,-0.18,-0.15
S000000055,-1.69,-2.32,-0.89,-1.6 ,-1.74,-1.94,-1.0 ,-1.06
S000000056,1.66 ,2.45 ,2.93 ,3.01 ,2.68 ,2.39 ,1.83 ,1.57
S000000057,3.34 ,3.1  ,2.34 ,3.64 ,2.54 ,1.91 ,0.41 ,0.2
S000000094,-0.47,-1.51,-2.0 ,-2.18,-2.06,-0.81,-0.34,-0.09
S000000095,-0.32,-1.43,-1.29,-1.6 ,-1.94,-1.18,-0.56,-0.54
S000002145,-0.2 ,-0.89,-1.89,-1.03,-2.4 ,-1.47,-1.0 ,-0.94
S000000098,0.4  ,0.43 ,-0.49,-1.09,-1.79,-1.79,0.59 ,0.53
S000000099,-0.03,-0.4 ,-1.12,-1.4 ,-2.06,-2.25,0.18 ,0.16
S000000101,0.01 ,-2.18,-0.25,0.24 ,-0.09,-0.15,0.31 ,0.6
S000000110,-1.25,-0.71,-1.0 ,-1.74,0.42 ,-0.45,-0.23,-0.42
S000000111,1.06 ,1.82 ,2.36 ,1.86 ,1.29 ,1.09 ,0.43 ,0.01
S000000113,1.08 ,-1.1 ,-0.06,0.09 ,-0.45,-0.4 ,-0.69,-2.6
S000000120,-1.15,-2.56,-2.32,-2.25,-1.94,-1.47,-0.86,-0.86
S000000123,-0.34,-1.64,-2.56,-2.0 ,-1.79,-2.06,-0.71,-0.09
S000000124,-1.06,-2.56,-3.18,-4.32,-2.94,-2.18,-0.81,-0.38
S000000135,-1.12,-5.06,-5.06,-4.06,-4.64,-2.4 ,-1.12,-0.94
S000000138,-2.18,-3.84,-3.64,-3.64,-2.64,-0.49,-0.38,-1.09
S000000141,0.33 ,0.97 ,1.65 ,1.6  ,1.29 ,0.96 ,0.59 ,0.59
S000000160,2.05 ,2.92 ,3.57 ,3.76 ,3.74 ,2.15 ,1.27 ,1.5
S000000163,-0.4 ,-1.79,-0.69,-0.43,-0.54,-0.12,-0.32,-0.51
S000000164,-0.92,-2.47,-2.18,-2.12,-1.4 ,-1.09,-0.58,-0.4
S000000165,-0.97,-2.06,-0.89,-0.58,-0.27,-0.14,0.14 ,0.08
S000000168,-0.15,-1.12,-2.0 ,-2.18,-1.84,-1.74,-0.84,-0.42
S000000171,1.92 ,2.93 ,4.28 ,3.84 ,3.67 ,2.16 ,1.53 ,1.41
S000000172,-0.34,-1.74,-1.22,-1.51,-1.29,-0.81,-0.62,-0.6
S000000174,1.47 ,2.42 ,2.41 ,2.31 ,2.77 ,1.55 ,0.57 ,0.78
S000000177,-1.09,-1.89,-1.06,-0.92,-1.47,-0.54,-0.69,-0.49
S000000178,-1.22,-1.74,-2.25,-2.56,-1.94,-0.89,-0.79,-0.84
S000000179,-0.94,-1.89,-2.47,-2.0 ,-2.25,-0.92,-0.67,-0.47
S000000183,-0.45,-1.32,-2.0 ,-2.12,-2.0 ,-1.79,-0.74,-0.56
S000000188,0.0  ,-0.45,-1.47,-1.79,-1.4 ,-1.84,-0.74,-0.43
S000002148,-0.62,-2.84,-0.4 ,-0.27,-0.17,0.29 ,0.24 ,0.46
S000000205,1.45 ,1.75 ,2.17 ,2.5  ,2.12 ,1.66 ,1.45 ,1.19
S000000210,0.78 ,1.91 ,3.07 ,2.99 ,2.65 ,2.29 ,1.17 ,1.14
S000000213,0.41 ,0.38 ,-0.69,-1.36,-1.43,-2.0 ,0.4  ,0.28
S000002154,-0.14,-1.69,-0.01,-0.22,0.0  ,0.38 ,0.33 ,0.29
S000000225,-1.25,-2.25,-1.89,-1.89,-0.89,0.58 ,-0.03,-0.29
S000000230,0.78 ,1.18 ,2.13 ,2.52 ,2.42 ,1.64 ,1.04 ,1.0
S000000234,-1.03,-1.84,-1.84,-1.29,-1.43,-1.47,-0.64,-0.27
S000000235,-0.3 ,-0.84,-1.25,-2.18,-1.89,-0.92,-0.94,-1.06
S000000238,-3.18,-4.32,-3.32,-3.06,-2.74,-2.32,-1.64,-1.15
S000000245,-0.1 ,0.79 ,0.14 ,-0.54,-0.36,-0.22,-0.84,-2.74
S000000252,-0.39,-1.0 ,-1.54,-1.99,-2.15,-1.76,-1.15,-1.23
S000000256,0.93 ,1.5  ,2.19 ,2.66 ,2.58 ,1.7  ,1.2  ,1.24
S000000257,1.21 ,2.19 ,2.75 ,2.75 ,2.79 ,2.11 ,1.43 ,1.11
S000000258,1.2  ,1.5  ,1.84 ,1.04 ,1.6  ,1.1  ,0.82 ,1.58
S000000260,1.5  ,2.12 ,2.74 ,2.87 ,2.75 ,1.56 ,1.09 ,1.12
S000000265,-1.47,-1.4 ,-2.12,-2.0 ,-1.25,-0.97,-0.51,-0.45
S000000270,1.69 ,0.39 ,0.44 ,0.71 ,0.89 ,0.15 ,0.73 ,1.0
S000000273,-1.03,-1.94,-2.0 ,-2.06,-2.06,-0.94,-0.81,-0.43
S000000276,2.73 ,3.43 ,3.69 ,3.84 ,3.1  ,2.61 ,1.85 ,1.56
S000000278,-0.25,-1.89,-0.23,-0.06,-0.56,-0.42,0.1  ,0.2
S000000283,-0.64,-2.06,-1.6 ,-2.18,-0.56,-0.58,-0.58,-0.79
S000002156,-0.15,-1.29,-2.06,-1.64,-1.6 ,-1.64,-0.6 ,-0.01
S000000288,-1.06,-2.32,-2.84,-3.18,-2.74,-1.29,-0.62,-0.54
S000000292,-1.51,-1.56,-2.25,-3.06,-1.84,-0.71,-0.18,-0.92
S000000293,-1.43,-2.25,-2.47,-2.06,-2.12,-1.15,-0.23,-0.51
S000000296,-0.71,-1.64,-2.18,-2.12,-2.0 ,-1.0 ,-0.6 ,0.38
S000000297,-0.54,-1.43,-1.64,-1.89,-1.74,-0.71,-0.18,0.34
S000000301,1.0  ,0.18 ,2.98 ,-0.64,-0.34,-0.2 ,0.27 ,-0.27
S000000303,2.46 ,0.65 ,1.69 ,-0.01,-0.22,-0.29,0.16 ,0.01
S000000305,3.34 ,2.68 ,1.34 ,0.73 ,0.9  ,0.69 ,0.83 ,0.61
S000000309,0.86 ,1.34 ,1.97 ,1.49 ,1.77 ,1.52 ,0.58 ,0.21
S000000318,1.13 ,0.77 ,1.59 ,1.67 ,1.1  ,0.89 ,0.82 ,0.56
S000000320,-0.09,2.96 ,4.82 ,4.59 ,4.51 ,2.82 ,-0.04,-0.38
S000000321,0.06 ,2.05 ,4.15 ,3.27 ,3.98 ,2.03 ,-0.4 ,-0.3
S000000325,-0.23,-0.97,-1.32,-1.79,-1.69,-1.22,-0.81,-0.27
S000000330,2.06 ,3.46 ,3.69 ,3.44 ,3.1  ,1.81 ,1.06 ,0.91
S000000336,1.58 ,1.74 ,3.07 ,2.84 ,2.34 ,1.59 ,0.77 ,0.52
S000000341,0.57 ,1.29 ,1.42 ,1.36 ,1.66 ,0.32 ,0.45 ,0.61
S000000343,1.13 ,1.91 ,2.78 ,2.6  ,2.29 ,2.0  ,0.82 ,1.36
S000000346,-1.25,-3.18,-3.64,-2.32,-2.4 ,-1.4 ,-0.74,-0.34
S000000347,-0.71,-1.89,-1.94,-1.74,-1.43,-1.29,-0.76,-0.43
S000000351,0.86 ,1.7  ,2.49 ,2.12 ,1.82 ,2.76 ,0.61 ,0.4
S000000353,0.44 ,1.52 ,1.99 ,2.0  ,2.18 ,1.66 ,0.42 ,0.23
S000000358,-0.67,-1.89,-1.94,-1.0 ,-0.6 ,-0.92,-0.12,0.39
S000000359,-1.15,-2.12,-2.56,-2.06,-1.09,-0.76,-0.27,-0.25
S000000366,-0.67,-1.25,-1.4 ,-1.6 ,-2.4 ,-1.29,-0.67,-1.09
S000000373,2.76 ,3.32 ,4.22 ,3.88 ,3.75 ,2.98 ,2.38 ,1.87
S000000376,-1.69,-1.74,-1.09,-0.97,-0.81,-0.17,-0.18,-0.43
S000000385,-0.27,-1.6 ,-2.32,-2.18,-1.94,-2.0 ,-0.84,-0.18
S000000393,-0.49,-2.0 ,-2.74,-2.12,-2.0 ,-1.64,-0.94,-0.47
S000000395,-0.36,-1.43,-2.25,-2.0 ,-1.94,-1.64,-0.84,-0.58
S000000406,-0.67,-1.12,-1.15,-1.79,-1.51,-0.67,-1.06,-0.71
S000000407,1.49 ,1.53 ,2.42 ,1.95 ,1.12 ,0.28 ,-0.18,0.15
S000000434,1.88 ,3.36 ,3.32 ,3.1  ,2.99 ,2.21 ,1.03 ,1.06
S000000442,-1.15,-3.18,-3.18,-3.06,-2.94,-1.6 ,-1.51,-1.56
S000000445,0.62 ,1.2  ,2.89 ,2.69 ,2.66 ,2.77 ,1.43 ,0.97
S000000446,-0.76,-1.22,-1.6 ,-1.64,-1.25,-0.86,-0.47,-0.27
S000000448,-0.56,-1.06,-1.56,-1.64,-1.25,-1.4 ,-1.36,-1.56
S000000451,-1.94,-4.64,-4.32,-3.18,-2.4 ,-1.56,-0.69,-0.32
S000000453,-0.04,-1.03,-1.69,-2.06,-2.32,-1.79,-0.74,-0.43
S000000456,-0.97,-1.09,-1.64,-1.69,-1.25,-0.97,-0.27,-0.15
S000000470,-3.64,-3.32,-4.06,-3.84,-2.94,-1.79,-1.18,-0.79
S000000471,-3.06,-3.32,-3.18,-3.32,-2.94,-2.47,-1.15,-0.74
S000000473,0.83 ,1.43 ,2.1  ,1.7  ,1.42 ,0.99 ,0.63 ,0.6
S000000475,-1.47,-2.56,-2.06,-2.25,-2.18,-1.69,-0.86,-0.38
S000000491,0.62 ,0.94 ,1.69 ,1.55 ,0.85 ,0.99 ,0.28 ,0.1
S000000520,-0.86,-1.69,-1.09,-1.22,-1.18,-0.47,-0.32,-0.29
S000000525,-0.36,-3.06,-0.62,0.14 ,-0.25,-0.34,0.25 ,0.66
S000000540,0.76 ,1.89 ,1.75 ,2.4  ,2.59 ,1.56 ,1.41 ,1.45
S000000541,-1.64,-2.4 ,-2.25,-1.64,-1.56,-1.03,-0.09,0.11
S000000542,-0.92,-3.47,-3.47,-2.94,-2.25,-1.18,-0.67,-0.67
S000000547,2.66 ,3.46 ,4.58 ,4.3  ,3.98 ,3.0  ,1.74 ,1.65
S000000551,-0.4 ,-1.79,-0.34,0.84 ,-0.69,-0.38,-0.64,-0.4
S000000559,-2.47,-3.84,-3.84,-2.94,-2.18,-1.79,-0.58,-0.42
S000000564,-0.29,-1.79,-3.64,-4.32,-3.32,-2.32,-0.56,0.06
S000000568,-0.86,-0.81,-0.89,-1.64,-0.89,-1.03,-0.64,-0.4
S000000609,-0.94,-2.25,-2.84,-2.12,-2.0 ,-1.51,-0.89,0.0
S000000627,-0.74,-0.76,-1.22,-1.84,-1.64,-1.0 ,-1.06,-1.18
S000000630,-0.76,-2.12,-1.89,-1.79,-1.69,-0.89,-0.62,-0.74
S000000643,-1.43,-1.32,-1.94,-1.84,-1.29,-0.84,-0.62,-0.86
S000000647,-1.0 ,-1.36,-1.6 ,-1.79,-1.43,-0.56,-0.76,-0.84
S000000653,-2.18,-2.56,-3.32,-3.47,-2.4 ,-1.15,-1.0 ,-1.03
S000000657,1.11 ,1.62 ,2.57 ,2.21 ,1.88 ,2.1  ,1.42 ,1.2
S000000658,1.1  ,1.67 ,2.42 ,2.34 ,1.52 ,1.28 ,1.55 ,1.3
S000000668,-2.56,-2.64,-4.32,-3.64,-2.94,-2.0 ,-0.81,-0.74
S000000683,-0.64,-1.64,-2.4 ,-1.94,-2.47,-1.89,-0.97,-0.47
S000000687,1.32 ,1.54 ,2.77 ,2.5  ,1.85 ,0.91 ,0.57 ,0.77
S000000703,-0.92,-2.18,-1.06,-0.86,-1.06,-0.56,-0.32,-0.71
S000002161,-0.62,-1.12,-1.84,-1.43,-1.4 ,-0.67,0.65 ,0.39
S000002172,-0.69,-3.47,-3.64,-2.4 ,-3.06,-1.94,-1.09,-1.03
S000002179,1.28 ,2.02 ,3.23 ,3.29 ,2.92 ,2.83 ,2.74 ,2.67
S000002180,2.75 ,3.19 ,3.07 ,2.75 ,2.28 ,1.94 ,1.77 ,1.68
S000002181,2.47 ,2.88 ,3.12 ,2.57 ,2.17 ,2.02 ,1.61 ,1.43
S000002189,-0.92,-2.63,-3.06,-2.4 ,-2.04,-1.33,-0.59,-0.4
S000002209,-0.4 ,-1.29,-2.56,-2.84,-2.4 ,-2.12,-0.58,-0.25
S000002218,-1.36,-2.56,-2.64,-1.51,-2.74,-1.89,-0.89,-0.86
S000002219,-0.15,-0.47,-1.51,-2.4 ,-1.6 ,-1.64,-1.18,-1.09
S000002220,-1.6 ,-2.56,-3.47,-2.74,-3.64,-1.51,-1.25,-0.6
S000002221,-1.15,-1.4 ,-3.32,-3.06,-3.32,-2.47,-0.97,-1.0
S000002230,0.38 ,1.47 ,1.7  ,1.48 ,1.14 ,1.01 ,0.3  ,0.03
S000002231,-0.43,-0.37,-1.14,-1.82,-0.91,-0.43,-1.05,-0.76
S000002233,-0.03,-0.64,-2.06,-1.84,-1.25,-1.74,-0.86,-0.49
S000002239,-0.17,-0.43,-1.51,-2.4 ,-2.56,-2.4 ,-1.56,-1.47
S000002240,-0.32,-1.64,-2.18,-1.84,-1.56,-1.56,-0.76,-0.76
S000002241,-0.45,-0.86,-0.84,-2.47,-1.79,-1.74,-1.12,-0.92
S000002254,-0.45,-2.32,-0.67,-0.56,-0.76,-0.2 ,0.04 ,-0.1
S000002268,1.59 ,2.84 ,2.95 ,3.04 ,2.99 ,1.09 ,0.98 ,0.61
S000002280,-0.79,-2.25,-1.4 ,-1.03,-0.92,-0.32,-0.43,-0.43
S000002282,1.63 ,2.44 ,3.2  ,3.34 ,3.01 ,2.45 ,1.74 ,1.43
S000002287,-0.84,-1.79,-1.79,-1.84,-2.0 ,-1.56,-1.47,-0.76
S000002307,-0.94,-3.84,-4.32,-3.32,-2.56,-1.47,-0.6 ,-0.42
S000002309,-1.64,-3.64,-2.94,-2.06,-1.51,-1.06,-0.67,-0.6
S000002311,-0.97,-2.06,-3.47,-2.84,-2.74,-1.6 ,-1.03,-0.43
S000002326,-2.12,-2.84,-3.18,-3.32,-2.25,-1.06,-0.67,-0.67
S000002333,-0.01,0.5  ,0.62 ,0.87 ,1.98 ,0.9  ,0.26 ,-0.56
S000002340,0.99 ,2.66 ,3.27 ,3.03 ,2.91 ,2.02 ,1.48 ,1.36
S000002341,-0.79,-1.94,-1.79,-1.56,-1.43,-0.86,-0.45,-0.43
S000002343,0.1  ,0.06 ,-0.8 ,-1.22,-1.16,-1.9 ,-1.28,-0.97
S000002350,-0.25,-0.79,-1.79,-1.94,-1.32,-1.51,-0.86,-0.51
S000002358,1.59 ,1.66 ,2.5  ,1.99 ,1.83 ,1.24 ,0.6  ,0.19
S000002360,-1.25,-3.18,-2.84,-2.06,-1.74,-1.64,-0.54,-0.43
S000002363,1.21 ,2.86 ,4.81 ,5.1  ,4.75 ,3.71 ,1.09 ,0.96
S000002364,-1.12,-2.06,-1.51,-1.09,-1.22,-0.94,-1.43,-1.56
S000002381,2.0  ,4.4  ,5.33 ,5.45 ,4.02 ,4.11 ,1.46 ,0.83
S000002382,0.0  ,0.59 ,2.67 ,2.67 ,2.47 ,2.59 ,0.73 ,0.57
S000002408,2.26 ,2.79 ,3.52 ,3.24 ,3.33 ,2.22 ,1.56 ,1.43
S000002426,0.14 ,0.73 ,1.95 ,2.66 ,3.29 ,2.9  ,2.52 ,2.49
S000002427,-1.15,-2.18,-2.32,-1.79,-2.0 ,-1.4 ,-0.92,-0.76
S000002428,-1.22,-1.03,-1.94,-1.69,-1.36,-1.32,-0.54,-0.23
S000002432,-0.17,-0.79,-1.79,-2.18,-1.84,-1.56,-1.12,-1.12
S000002439,0.87 ,1.97 ,2.42 ,2.35 ,2.44 ,2.02 ,1.53 ,1.23
S000002444,-0.17,-1.09,-1.89,-2.18,-1.84,-1.15,-0.74,-1.06
S000002450,2.0  ,1.53 ,1.28 ,1.16 ,1.02 ,0.78 ,0.43 ,0.3
S000002452,-0.69,-1.25,-1.74,-1.69,-0.71,-1.22,-0.2 ,-0.22
S000002453,-0.54,-1.89,-0.86,-0.62,-0.34,-0.07,-0.36,-0.47
S000002467,-0.46,-1.59,-3.21,-1.69,-1.26,-1.34,-0.75,-0.42
S000002471,-0.84,-1.25,-1.79,-1.94,-2.06,-1.74,-1.03,-0.74
S000002477,0.33 ,2.01 ,2.61 ,2.47 ,3.19 ,1.26 ,0.44 ,0.79
S000002481,3.57 ,3.4  ,4.16 ,4.24 ,3.31 ,1.78 ,1.89 ,1.76
S000002482,-1.64,-1.84,-1.43,-1.84,-1.51,-1.25,-0.74,-0.45
S000002490,-1.69,-2.94,-2.94,-3.64,-2.4 ,-1.64,-1.06,-0.81
S000002492,0.76 ,2.03 ,2.87 ,2.3  ,2.58 ,1.74 ,0.58 ,0.83
S000002494,-1.03,-2.47,-3.32,-4.06,-2.84,-1.56,-0.49,-0.36
S000002503,1.91 ,1.7  ,2.52 ,2.34 ,1.48 ,0.91 ,-0.03,0.18
S000002504,-0.51,-1.89,-1.89,-2.12,-2.18,-0.86,0.0  ,-0.42
S000002508,-2.06,-3.47,-3.64,-3.47,-3.32,-1.94,-1.18,-1.09
S000002518,-1.0 ,-1.22,-1.4 ,-2.25,-1.79,-1.6 ,-1.51,-1.84
S000002527,-1.32,-3.06,-3.32,-2.84,-2.64,-2.0 ,-0.67,-0.45
S000002528,-0.84,-1.43,-1.89,-1.64,-0.94,-1.03,-0.45,0.14
S000002529,0.65 ,0.52 ,1.64 ,1.59 ,1.36 ,0.77 ,0.54 ,0.43
S000002536,0.34 ,0.98 ,1.9  ,1.59 ,1.58 ,1.3  ,0.48 ,0.11
S000002540,1.57 ,2.35 ,1.96 ,0.82 ,0.77 ,0.21 ,-0.04,0.11
S000002551,-0.43,-2.4 ,-2.32,-1.69,-2.0 ,-0.92,-0.71,-0.64
S000002559,-0.43,-1.56,-1.89,-1.32,-1.06,-1.15,-0.36,0.15
S000002572,-1.03,-2.94,-3.32,-2.84,-2.64,-1.69,-0.64,-0.45
S000002578,6.11 ,6.16 ,5.89 ,5.53 ,4.86 ,3.3  ,3.38 ,3.31
S000002579,-0.56,-1.94,-1.22,-0.67,-0.64,-0.27,0.36 ,0.33
S000002587,-0.62,-1.64,-1.47,-0.89,-0.86,-0.51,-0.15,-0.01
S000002592,-2.32,-2.74,-3.84,-3.06,-1.94,-1.69,-0.32,0.19
S000002606,-1.32,-1.64,-1.12,-0.58,-0.71,-0.36,-0.2 ,-0.15
S000002612,0.57 ,1.59 ,2.26 ,2.24 ,1.88 ,1.31 ,0.87 ,0.81
S000002614,-0.86,-1.69,-1.4 ,-1.25,-1.32,-0.71,-0.32,-0.17
S000002619,-0.62,-1.89,-1.69,-1.09,-0.97,-0.58,-0.18,-0.1
S000002622,2.35 ,2.53 ,3.09 ,3.19 ,2.98 ,2.7  ,2.54 ,2.61
S000002630,-0.03,-0.89,-1.0 ,-0.79,-0.38,1.28 ,1.89 ,1.46
S000002632,0.14 ,-0.22,-0.97,-0.89,-1.25,-1.74,0.3  ,0.38
S000002633,0.08 ,-0.15,-1.12,-1.6 ,-2.0 ,-2.25,-0.23,-0.23
S000002655,1.13 ,1.42 ,1.65 ,1.01 ,0.61 ,0.7  ,-0.06,-0.15
S000002666,4.35 ,3.98 ,4.67 ,3.61 ,4.39 ,3.34 ,3.17 ,3.37
S000002667,0.85 ,1.17 ,1.59 ,1.71 ,1.53 ,0.84 ,0.34 ,0.19
S000002680,0.65 ,0.98 ,1.2  ,1.69 ,1.58 ,0.69 ,0.91 ,1.11
S000002705,0.1  ,-0.4 ,-0.86,-1.74,-1.43,-0.49,0.25 ,-0.17
S000002720,-1.56,-3.84,-3.47,-2.4 ,-1.69,-1.15,-0.29,0.11
S000002732,-1.89,-3.47,-3.64,-2.84,-2.64,-1.89,-0.86,-0.56
S000002733,-0.12,-0.74,-0.43,-0.54,-0.4 ,1.8  ,-0.34,0.04
S000002747,-1.09,-1.79,-1.69,-1.43,-1.18,-1.47,-0.51,-0.34
S000002750,2.73 ,3.86 ,4.66 ,4.27 ,3.83 ,1.82 ,-0.06,0.34
S000002751,2.41 ,4.02 ,4.59 ,3.71 ,3.78 ,2.27 ,0.06 ,0.15
S000002754,-1.06,-2.12,-1.4 ,-1.43,-1.79,-1.69,-0.79,-0.32
S000002766,1.85 ,1.68 ,2.41 ,2.58 ,2.28 ,0.81 ,1.01 ,1.1
S000002769,-0.79,-2.47,-3.06,-3.47,-2.74,-1.94,-0.94,-0.49
S000002773,-0.81,-1.56,-2.12,-2.06,-1.84,-1.18,-0.4 ,-0.27
S000002793,-0.14,-1.36,-1.12,-1.74,-1.84,-1.15,-0.74,-0.67
S000002796,0.7  ,0.58 ,1.55 ,1.85 ,1.2  ,1.55 ,1.17 ,0.92
S000002799,0.56 ,1.84 ,2.67 ,2.17 ,2.24 ,1.54 ,0.46 ,0.19
S000002803,-1.51,-1.36,-1.64,-1.89,-1.32,-0.38,-0.14,-0.32
S000002807,-2.18,-3.84,-4.06,-4.32,-3.06,-1.32,-1.29,-1.18
S000002820,-1.47,-3.47,-2.94,-2.12,-2.12,-2.0 ,-0.86,-0.51
S000002821,-1.4 ,-2.84,-2.74,-2.4 ,-1.94,-1.69,-0.89,-0.49
S000002826,-0.27,-1.32,-1.94,-2.0 ,-1.84,-1.94,-0.92,-0.32
S000002837,-0.64,-1.79,-2.18,-1.6 ,-1.36,-1.36,-0.64,-0.74
S000002848,-0.89,-1.74,-1.15,-0.92,-1.06,-0.79,-0.27,-0.18
S000002855,-0.67,-1.09,-2.12,-2.32,-1.84,-1.56,-0.94,-0.76
S000002857,-3.18,-2.64,-3.47,-3.32,-2.25,-1.51,-0.89,-0.81
S000002858,-0.25,-1.29,-2.12,-2.0 ,-1.89,-2.12,-1.0 ,-0.43
S000002862,-0.43,-1.03,-1.29,-1.51,-1.89,-1.79,-0.29,-0.06
S000002879,-0.84,-1.74,-2.47,-2.84,-1.36,-1.36,-0.89,-0.74
S000002882,0.64 ,1.07 ,1.75 ,1.73 ,1.4  ,1.52 ,0.61 ,0.67
S000002899,-1.94,-2.0 ,-2.84,-3.64,-2.64,-1.51,-0.76,-0.92
S000002904,-2.57,-3.25,-5.64,-3.98,-3.25,-2.4 ,-1.1 ,-0.79
S000002908,-0.89,-1.69,-2.0 ,-1.6 ,-1.56,-1.74,-0.58,-0.45
S000002924,2.78 ,3.48 ,3.66 ,3.32 ,2.32 ,0.88 ,0.91 ,0.96
S000002932,-1.4 ,-2.74,-1.64,-0.94,-1.0 ,-0.69,-0.64,-0.51
S000002934,-0.74,-2.32,-1.74,-1.06,-1.06,-0.76,-0.1 ,0.25
S000002936,-1.15,-2.12,-1.79,-1.25,-0.89,0.08 ,0.07 ,-0.09
S000002941,0.65 ,1.94 ,2.45 ,2.61 ,2.85 ,2.35 ,1.17 ,0.77
S000000766,-1.0 ,-1.64,-1.18,-0.97,-1.29,-0.71,-0.92,-1.09
S000000772,-0.86,-1.79,-1.79,-1.89,-1.89,-0.94,-0.64,-0.62
S000000780,-0.42,-1.6 ,-2.32,-2.12,-1.89,-1.6 ,-1.0 ,-0.86
S000000781,-0.77,-2.11,-2.42,-1.84,-1.89,-1.43,-0.92,-0.7
S000000786,1.78 ,2.28 ,3.18 ,3.24 ,2.7  ,2.26 ,1.26 ,1.14
S000000801,-0.74,-1.74,-0.97,-0.74,-0.79,-0.17,-0.29,-0.49
S000000804,-0.6 ,-1.09,-1.72,-1.6 ,-0.87,-1.89,-0.38,0.42
S000000808,-0.69,-2.47,-2.84,-2.84,-3.18,-2.18,-0.89,-0.84
S000000827,-0.34,-2.06,-2.18,-1.94,-1.64,-0.89,-0.76,-0.62
S000000838,-0.23,-1.6 ,-1.64,-1.47,-1.56,-0.86,-0.18,-0.25
S000000840,1.65 ,2.03 ,1.77 ,2.48 ,1.86 ,0.96 ,1.25 ,1.73
S000000851,-0.97,-3.47,-2.94,-2.32,-1.94,-1.15,-0.6 ,-0.27
S000000855,2.22 ,2.39 ,2.6  ,2.64 ,1.87 ,0.82 ,0.71 ,1.06
S000000857,-0.4 ,-1.32,-1.74,-1.79,-1.79,-0.81,-0.6 ,-0.74
S000000858,-1.94,-3.64,-2.64,-2.32,-2.18,-0.76,-0.74,-0.74
S000000862,-0.72,-1.66,-1.52,-1.6 ,-1.46,-0.54,-0.59,-0.67
S000000869,4.12 ,4.09 ,5.52 ,5.61 ,4.74 ,2.15 ,1.14 ,0.9
S000000872,-1.0 ,-3.84,-3.47,-2.64,-2.32,-0.17,0.79 ,0.0
S000000876,-0.67,-1.89,-2.25,-2.06,-1.84,-1.74,-0.89,-0.49
S000000884,-1.09,-3.64,-3.06,-2.25,-1.94,-1.36,-0.4 ,-0.18
S000000888,-0.34,-1.74,-1.74,-1.89,-1.94,-1.32,-0.64,-0.42
S000000893,-0.89,-2.56,-0.51,0.9  ,2.46 ,3.09 ,1.64 ,0.96
S000000898,0.38 ,0.57 ,1.3  ,1.34 ,1.7  ,0.88 ,0.36 ,-0.2
S000000904,-0.4 ,-1.06,-1.79,-2.25,-1.74,-1.64,-1.03,-0.69
S000000905,4.93 ,5.86 ,6.21 ,4.96 ,5.14 ,2.61 ,1.96 ,1.68
S000000907,-0.45,-1.69,-0.34,-0.1 ,-0.2 ,0.24 ,0.38 ,0.41
S000000919,-0.43,-1.32,-2.06,-1.89,-1.84,-1.74,-0.58,-0.23
S000000921,0.85 ,1.47 ,2.56 ,2.29 ,2.04 ,1.98 ,1.6  ,1.28
S000000928,-1.36,-2.56,-3.32,-2.64,-2.56,-1.47,-0.69,-0.49
S000000929,-1.47,-2.94,-3.06,-2.4 ,-1.89,-1.51,-0.27,-0.07
S000000931,-1.06,-1.89,-0.92,-0.76,-1.03,-0.97,-0.51,-0.34
S000000933,0.15 ,-0.74,-2.0 ,-1.79,-1.79,-2.0 ,-0.22,-0.17
S000000943,0.54 ,0.73 ,1.74 ,1.78 ,1.08 ,1.06 ,0.7  ,0.62
S000000945,0.49 ,0.75 ,1.39 ,1.65 ,1.23 ,1.1  ,0.9  ,0.7
S000000958,-1.32,-2.12,-2.64,-2.84,-2.4 ,-1.29,-1.12,-1.36
S000000967,-0.56,-2.64,-2.25,-2.18,-2.18,-1.56,-0.84,-0.94
S000000973,-0.49,-1.69,-1.06,-0.76,-0.62,-0.71,-0.34,0.11
S000000991,-0.71,-2.47,-1.18,-0.54,-0.71,0.11 ,-0.12,-0.29
S000001894,-1.43,-2.47,-2.4 ,-2.12,-1.64,-1.15,-0.56,-0.47
S000001880,4.72 ,5.87 ,6.69 ,6.75 ,6.9  ,5.84 ,5.72 ,4.98
S000001878,2.9  ,3.03 ,2.86 ,2.74 ,1.93 ,1.26 ,1.71 ,1.47
S000001871,-1.29,-2.06,-2.0 ,-1.84,-1.25,-0.58,0.07 ,0.19
S000001865,-0.07,1.04 ,0.72 ,0.7  ,0.97 ,0.6  ,-2.18,0.4
S000001852,0.65 ,0.9  ,2.01 ,2.18 ,1.9  ,1.3  ,1.0  ,0.76
S000001850,-0.15,0.5  ,1.37 ,1.69 ,1.36 ,1.29 ,1.13 ,0.84
S000001849,-0.29,-0.71,-1.12,-1.74,-1.89,-1.0 ,-0.47,-0.47
S000001897,-0.86,-2.12,-2.74,-2.25,-1.56,-1.84,-0.67,0.0
S000001910,1.03 ,1.51 ,1.92 ,2.18 ,1.61 ,0.3  ,0.39 ,0.49
S000001911,2.97 ,2.96 ,4.02 ,3.29 ,1.76 ,1.05 ,0.12 ,0.4
S000001913,3.17 ,3.43 ,3.91 ,3.46 ,2.0  ,1.33 ,0.52 ,0.72
S000002104,-0.32,-1.15,-2.06,-2.4 ,-2.18,-1.56,-0.81,-0.69
S000001934,-1.18,-1.15,-1.12,-1.64,-0.94,-0.69,-0.6 ,-0.74
S000001949,3.57 ,4.7  ,5.72 ,4.84 ,4.53 ,1.96 ,0.75 ,1.65
S000002982,-1.74,-2.47,-1.4 ,-1.36,-1.74,-1.22,-0.74,-0.89
S000002996,-1.84,-1.51,-0.18,0.18 ,-0.09,0.16 ,0.1  ,-0.3
S000002997,-2.12,-2.32,-4.64,-3.64,-2.32,-2.25,-0.89,-0.1
S000002998,-0.43,-1.03,-1.84,-2.32,-2.32,-2.0 ,-1.03,-0.84
S000002999,-0.25,-1.03,-2.12,-2.47,-2.0 ,-1.89,-0.94,-0.4
S000003005,3.27 ,4.38 ,4.72 ,4.7  ,4.25 ,3.15 ,1.99 ,2.07
S000003015,0.49 ,1.66 ,1.71 ,1.56 ,1.83 ,1.58 ,0.56 ,0.58
S000003023,-1.12,-2.4 ,-2.74,-2.84,-2.94,-1.84,-0.38,-0.12
S000003044,-0.51,-1.51,-2.18,-2.12,-2.06,-2.0 ,-1.0 ,-0.64
S000003046,-2.12,-5.64,-4.64,-3.84,-3.06,-2.0 ,-0.97,-0.56
S000003067,-0.58,-1.89,-2.47,-2.47,-0.86,-1.12,-0.45,-0.62
S000003070,0.04 ,-0.71,-1.4 ,-1.56,-1.74,-1.47,-0.38,-0.15
S000003071,-0.69,-0.81,-1.47,-1.84,-1.32,-1.22,-0.43,-0.34
S000003088,-0.71,-2.47,-3.47,-3.32,-2.94,-1.6 ,-0.51,-0.49
S000003091,-0.29,-1.09,-1.89,-2.56,-2.12,-1.74,-1.12,-0.97
S000003093,0.41 ,0.9  ,1.18 ,0.87 ,1.45 ,1.86 ,1.06 ,0.44
S000003103,-0.18,-1.06,-1.84,-2.32,-2.4 ,-1.89,-1.03,-0.79
S000003115,-0.22,-1.09,-2.56,-3.06,-2.64,-1.94,-0.97,-0.4
S000003116,-0.4 ,-1.47,-1.89,-2.06,-2.18,-1.74,-0.51,-0.42
S000003122,-0.2 ,-0.71,2.07 ,0.04 ,0.12 ,-0.17,-0.22,-0.03
S000003124,0.2  ,0.57 ,3.43 ,3.34 ,4.12 ,3.37 ,1.87 ,1.32
S000003137,-2.12,-2.94,-1.94,-2.32,-1.64,-0.58,-0.84,-0.89
S000003139,-1.94,-3.84,-4.64,-4.32,-3.06,-1.56,-0.84,-0.64
S000003148,0.58 ,0.48 ,1.68 ,1.85 ,1.43 ,1.42 ,0.78 ,0.61
S000003157,0.08 ,-0.36,-1.56,-1.79,-1.18,-1.56,-0.43,-0.27
S000003203,-0.18,-1.94,-1.56,-1.69,-1.69,-0.54,-0.1 ,-0.34
S000003204,-1.22,-2.12,-0.89,-0.86,0.08 ,0.41 ,-0.04,-0.14
S000003205,-1.69,-2.32,-0.92,-0.49,-0.07,0.25 ,-0.04,-0.03
S000003217,0.34 ,0.4  ,1.76 ,1.71 ,2.11 ,1.48 ,0.72 ,0.84
S000003219,0.86 ,0.98 ,1.66 ,1.34 ,1.2  ,0.42 ,0.1  ,0.03
S000003223,-0.25,-1.79,-0.42,-0.3 ,-0.03,-0.1 ,0.14 ,0.03
S000003224,-0.76,-0.89,-1.74,-1.79,-1.89,-1.51,-1.74,-1.36
S000003225,-0.54,-1.64,-0.71,-0.76,-0.84,-0.42,-0.15,-0.1
S000003228,0.78 ,1.35 ,2.47 ,2.25 ,2.25 ,2.09 ,0.56 ,0.58
S000003246,-0.92,-1.64,-0.58,-0.79,-0.56,0.37 ,0.21 ,-0.04
S000003251,0.68 ,1.55 ,2.82 ,2.77 ,2.56 ,2.09 ,2.24 ,1.98
S000003255,0.9  ,1.13 ,1.96 ,1.43 ,0.93 ,0.6  ,0.59 ,0.51
S000003259,0.06 ,-0.69,-1.47,-1.64,-1.43,-1.64,-0.43,-0.4
S000003262,-1.25,-0.67,-1.22,-2.25,-1.74,2.2  ,-1.09,-0.38
S000003266,-0.51,-1.22,-2.47,-2.25,-2.0 ,-1.43,-1.18,-0.71
S000003267,0.43 ,-0.84,-1.84,-1.29,-1.84,-1.64,-0.34,0.16
S000003273,-1.09,-1.69,-0.6 ,-0.27,-0.67,-0.27,0.07 ,-0.36
S000003284,4.9  ,3.2  ,3.89 ,2.85 ,3.18 ,1.42 ,1.18 ,0.93
S000003293,-0.63,-2.83,-2.4 ,-1.42,-0.76,-0.35,-0.01,-0.26
S000003301,-1.32,-0.67,-1.79,-0.38,-0.84,-0.84,-0.89,-0.69
S000003311,-4.06,-4.32,-2.94,-3.47,-3.47,-1.84,-0.45,0.01
S000003313,-1.22,-2.4 ,-1.84,-1.4 ,-0.74,-0.97,-0.23,0.14
S000003315,-0.76,-2.4 ,-1.69,-0.97,-0.84,-0.58,-0.01,-0.07
S000003317,-0.29,-1.74,-2.25,-2.0 ,-1.6 ,-1.56,-0.42,0.03
S000003318,0.63 ,1.32 ,1.7  ,1.65 ,1.01 ,0.41 ,-0.14,-0.29
S000003320,3.95 ,5.21 ,6.17 ,5.9  ,5.43 ,3.61 ,1.56 ,1.24
S000003321,-1.03,-2.12,-0.64,-0.47,-0.54,-0.14,-0.36,-0.3
S000003322,-1.43,-2.56,-1.64,-1.29,-1.15,-0.86,-0.69,-0.76
S000003335,-0.92,-3.32,-5.06,-5.06,-5.06,-3.32,-1.56,-1.12
S000003343,0.66 ,1.06 ,1.53 ,1.72 ,1.43 ,1.07 ,0.85 ,0.86
S000003350,-0.14,-0.69,-1.71,-1.69,-1.6 ,-1.5 ,-0.75,-0.43
S000003355,-0.75,-2.43,-3.85,-3.33,-2.48,-1.84,-0.74,-0.71
S000003359,1.03 ,1.36 ,1.9  ,1.99 ,1.28 ,0.92 ,0.69 ,0.46
S000003360,-1.76,-3.4 ,-3.16,-3.12,-2.32,-1.42,-0.74,-0.71
S000003362,1.45 ,1.77 ,2.33 ,2.49 ,2.04 ,0.99 ,0.8  ,0.87
S000003368,1.26 ,1.92 ,2.05 ,1.97 ,1.43 ,1.09 ,1.04 ,0.88
S000003369,1.05 ,1.78 ,1.68 ,1.85 ,1.41 ,1.12 ,0.74 ,0.48
S000003373,1.72 ,0.97 ,0.65 ,0.53 ,0.08 ,0.41 ,0.42 ,0.53
S000003374,5.92 ,5.15 ,3.8  ,3.71 ,3.13 ,2.21 ,2.68 ,2.76
S000003377,-1.04,-3.25,-5.64,-5.48,-4.64,-2.5 ,-1.11,-0.58
S000003378,1.52 ,1.73 ,1.52 ,1.23 ,1.32 ,1.48 ,1.15 ,1.17
S000003380,-0.38,-1.09,-2.16,-2.22,-1.92,-1.84,-1.06,-0.51
S000003381,0.17 ,0.81 ,1.93 ,1.89 ,1.64 ,1.34 ,0.55 ,0.62
S000003383,-1.0 ,-1.08,-1.9 ,-1.46,-1.62,-1.06,-0.62,-0.6
S000003384,-1.12,-1.19,-1.74,-1.84,-1.47,-0.99,-0.64,-0.64
S000003390,-1.14,-1.74,-1.79,-1.36,-1.2 ,-1.16,-0.43,-0.55
S000003392,-3.74,-5.64,-6.14,-5.64,-6.14,-4.35,-2.61,-2.48
S000003394,-0.83,-2.85,-2.5 ,-2.58,-2.43,-1.98,-1.18,-1.14
S000003405,-0.57,-2.16,-2.71,-1.76,-1.27,-0.82,0.05 ,0.22
S000003408,-0.94,-1.46,-2.18,-2.09,-1.86,-0.73,-0.88,-0.69
S000003420,-0.3 ,-0.85,-0.84,-0.84,-1.03,-1.69,0.26 ,0.07
S000003422,-1.17,-1.98,-0.97,-1.27,-1.29,-0.68,-0.68,-0.92
S000003423,-1.0 ,-2.15,-1.11,-1.14,-1.07,-0.57,-0.49,-0.43
S000003426,1.81 ,2.4  ,2.95 ,2.51 ,2.37 ,1.31 ,0.96 ,1.02
S000003432,-1.19,-2.29,-2.56,-2.36,-1.84,-1.07,-0.61,-0.68
S000003437,0.99 ,0.98 ,1.89 ,2.04 ,1.41 ,1.09 ,-0.15,-0.15
S000003443,3.05 ,0.86 ,-0.6 ,-1.02,-1.42,-1.02,-0.23,-0.15
S000003446,-0.51,-1.22,-2.0 ,-2.43,-2.06,-1.34,-0.69,-0.7
S000003461,-0.9 ,-1.76,-1.34,-0.83,-0.94,-0.82,-0.51,-0.19
S000003466,-0.27,-1.22,-2.36,-2.95,-3.4 ,-3.4 ,-2.65,-2.44
S000003469,0.96 ,0.98 ,1.6  ,1.76 ,1.26 ,0.41 ,0.32 ,0.43
S000003476,0.42 ,1.31 ,2.03 ,2.02 ,2.5  ,2.14 ,1.53 ,1.38
S000003477,-0.96,-3.08,-5.35,-5.35,-5.64,-3.64,-1.45,-1.06
S000003480,4.42 ,5.1  ,5.87 ,5.93 ,5.92 ,4.58 ,2.84 ,2.67
S000003482,3.43 ,3.61 ,2.21 ,1.6  ,1.4  ,1.31 ,1.15 ,1.37
S000003488,0.14 ,0.74 ,1.84 ,2.01 ,2.75 ,1.6  ,0.27 ,0.21
S000003496,-0.57,-1.74,-1.79,-2.22,-1.74,-1.09,-0.81,-0.86
S000003497,-0.36,-2.43,-1.81,-1.92,-1.79,-1.52,-0.75,-0.53
S000003500,0.4  ,1.48 ,1.72 ,1.38 ,1.31 ,1.1  ,0.45 ,0.3
S000003504,-1.76,-1.7 ,-2.29,-2.47,-1.52,-1.18,-0.84,-0.2
S000003512,-0.84,-2.06,-2.94,-2.43,-2.64,-2.81,-0.98,-0.54
S000003515,-2.62,-3.66,-3.03,-1.94,-1.56,-1.12,-0.54,-0.38
S000003518,-0.99,-1.67,-1.56,-1.94,-1.17,-0.76,-0.17,-0.32
S000000993,-0.25,-1.14,-1.87,-1.71,-1.58,-1.42,-0.62,-0.37
S000001003,-1.07,-2.6 ,-2.95,-2.52,-2.11,-1.49,-0.38,-0.46
S000001004,-1.31,-2.03,-2.32,-2.75,-2.62,-1.89,-1.57,-1.2
S000001007,0.2  ,-0.2 ,-1.06,-1.3 ,-1.79,-1.79,-0.49,-0.2
S000001013,4.02 ,5.16 ,5.68 ,5.48 ,4.56 ,3.15 ,1.96 ,1.72
S000001016,1.17 ,1.87 ,3.12 ,2.49 ,2.56 ,1.68 ,1.09 ,1.03
S000001025,-0.22,-1.43,-2.0 ,-2.11,-2.22,-1.66,-0.39,-0.34
S000001031,-0.67,-1.76,-1.81,-1.84,-1.81,-1.04,-0.93,-0.56
S000001052,-0.7 ,-1.74,-2.7 ,-2.3 ,-1.74,-1.84,-1.06,-0.35
S000001061,-0.31,-1.34,-1.26,-1.67,-1.82,-1.74,-0.69,-0.76
S000001062,-0.81,-1.92,-2.79,-3.25,-2.64,-1.2 ,-0.84,-0.56
S000001063,-1.18,-1.46,-2.14,-1.87,-2.06,-2.0 ,-1.29,-0.97
S000001072,0.05 ,0.52 ,1.21 ,1.23 ,1.93 ,1.12 ,0.63 ,0.35
S000001073,-0.15,-1.89,-1.2 ,-0.94,-1.23,-0.74,-0.03,0.25
S000001075,0.52 ,0.84 ,1.71 ,1.47 ,0.94 ,0.07 ,-0.29,-0.17
S000001082,-0.89,-2.18,-2.04,-2.16,-1.81,-1.56,-0.51,-0.47
S000001084,-0.8 ,-2.06,-1.27,-1.54,-1.54,-1.19,-0.34,-0.58
S000001094,-2.56,-4.19,-4.48,-3.56,-2.77,-2.21,-0.94,-0.69
S000001104,-1.19,-1.95,-2.31,-1.92,-1.72,-0.84,-0.18,-0.3
S000001107,-1.71,-3.51,-3.18,-2.52,-1.22,-0.47,-0.2 ,0.15
S000001108,-1.58,-3.08,-3.85,-3.06,-2.6 ,-1.34,-0.1 ,0.0
S000001111,-1.3 ,-1.38,-1.52,-2.09,-0.94,-0.42,-0.42,-0.02
S000001112,-1.5 ,-3.12,-2.67,-2.07,-1.9 ,-1.15,-0.58,-0.61
S000001114,-0.86,-2.52,-1.54,-1.24,-1.17,-0.5 ,-0.07,-0.18
S000001121,-0.81,-1.71,-0.55,-0.33,-0.69,-0.39,-0.21,-0.05
S000001123,-0.35,-1.25,-2.19,-1.22,-1.5 ,-0.51,-0.73,-0.06
S000001127,-1.28,-1.6 ,-1.64,-0.78,-2.25,-0.15,-0.33,-0.56
S000001129,4.61 ,5.56 ,5.51 ,5.22 ,4.73 ,1.0  ,2.14 ,1.87
S000001130,-1.79,-2.85,-5.35,-4.64,-3.56,-1.94,-0.58,-0.5
S000001131,-1.45,-3.66,-4.64,-3.69,-3.48,-1.89,-1.87,-1.76
S000001136,0.56 ,-1.36,-1.79,-1.68,-1.98,-0.38,-0.46,-0.32
S000001138,1.85 ,3.86 ,5.38 ,4.37 ,4.54 ,2.79 ,0.16 ,0.01
S000001146,2.88 ,4.1  ,4.76 ,4.68 ,4.47 ,3.52 ,2.49 ,2.29
S000001161,-0.6 ,-2.25,-0.85,-0.43,-0.59,-0.42,0.1  ,0.18
S000001170,-0.55,-1.3 ,-1.74,-1.97,-1.81,-1.38,-1.17,-1.0
S000001178,-1.12,-0.35,-0.2 ,-0.81,-0.56,-0.34,-0.65,-2.18
S000001179,1.77 ,3.65 ,4.78 ,3.79 ,2.8  ,1.25 ,0.41 ,0.42
S000001183,-0.82,-1.69,-2.48,-1.68,-1.5 ,-1.32,-0.72,-0.47
S000001185,-0.86,-1.94,-2.32,-1.74,-1.6 ,-1.29,-0.17,-0.38
S000001187,-0.83,-1.72,-1.81,-1.29,-1.18,-1.03,-0.26,-0.38
S000001191,-1.5 ,-2.06,-3.21,-2.09,-2.16,-1.18,-0.42,-0.42
S000001204,0.92 ,1.18 ,1.69 ,1.36 ,1.36 ,0.86 ,0.5  ,0.43
S000001212,-2.09,-2.69,-4.19,-3.4 ,-3.0 ,-1.68,-0.68,-0.49
S000001213,-1.36,-4.19,-5.64,-4.64,-3.95,-2.56,-1.51,-1.22
S000001216,-0.21,0.05 ,-0.98,-1.18,-1.72,-0.87,-0.26,-0.2
S000001236,0.12 ,-0.12,-0.94,-0.85,-0.9 ,-1.79,-0.36,-0.12
S000001239,-2.46,-5.64,-4.64,-3.56,-2.79,-1.79,-1.03,-0.89
S000001240,-1.84,-3.69,-3.95,-3.47,-2.89,-1.86,-1.2 ,-1.02
S000001246,-0.3 ,-1.04,-1.69,-2.09,-1.74,-1.67,-0.88,-0.78
S000001247,-1.16,-2.61,-1.62,-1.33,-1.34,-0.73,-0.84,-0.53
S000001249,-1.41,-2.27,-1.36,-1.25,-1.34,-0.91,-0.79,-0.68
S000001251,-0.29,-1.74,-1.86,-1.58,-1.3 ,-0.71,-0.62,-0.58
S000001252,0.58 ,1.58 ,2.42 ,2.43 ,2.82 ,2.36 ,0.89 ,0.9
S000001258,-0.58,-1.71,-1.84,-2.29,-2.12,-1.19,-0.8 ,-0.47
S000001270,-0.11,-0.23,-1.43,-1.89,-1.2 ,-2.07,-0.34,-0.11
S000001271,-0.89,-1.89,-0.81,-0.79,-0.38,-0.26,-0.06,0.07
S000001273,0.13 ,-0.54,-0.84,-0.98,-1.67,-1.06,-1.12,-1.22
S000001280,-0.5 ,-1.36,-1.89,-2.48,-2.15,-1.32,-1.02,-0.73
S000001281,-0.88,-2.79,-4.69,-3.62,-2.79,-2.01,-0.5 ,0.15
S000001292,-0.81,-1.69,-0.77,-1.02,-0.76,-0.07,-0.33,-0.6
S000001295,0.37 ,0.93 ,1.74 ,1.54 ,1.09 ,0.56 ,0.34 ,0.37
S000001307,1.85 ,0.79 ,1.0  ,1.07 ,1.03 ,0.15 ,0.46 ,0.61
S000001309,-1.2 ,-2.61,-1.54,-1.38,-1.12,-0.24,-0.17,0.08
S000001314,-0.31,-0.91,-2.22,-2.19,-1.81,-2.01,-0.89,-0.32
S000001317,1.7  ,2.06 ,1.0  ,2.38 ,0.65 ,0.75 ,0.78 ,0.92
S000001318,1.66 ,0.7  ,0.86 ,0.2  ,-0.11,0.05 ,-0.35,-0.01
S000001326,-0.9 ,-1.22,-2.56,-2.79,-1.92,-1.67,-0.82,-0.51
S000001340,-0.3 ,-1.04,-1.02,-1.56,-1.69,-1.36,-0.66,-0.6
S000001341,-1.92,-4.35,-4.0 ,-2.14,-2.19,-1.34,-0.57,-0.24
S000001349,1.21 ,1.14 ,2.22 ,1.91 ,2.11 ,0.99 ,0.1  ,-0.01
S000001354,-0.74,-2.36,-1.28,-0.97,-0.79,-1.37,-0.64,-1.0
S000001356,-0.54,-1.65,-1.16,-1.18,-0.72,-0.49,0.32 ,0.5
S000001358,-1.05,-2.96,-3.03,-2.56,-2.1 ,-1.79,-0.43,-0.27
S000001363,3.31 ,3.67 ,3.85 ,3.41 ,3.43 ,2.54 ,1.14 ,0.64
S000001365,-1.7 ,-1.41,-1.4 ,-2.19,-1.14,-0.71,-0.41,-0.4
S000001366,-1.65,-2.29,-1.58,-1.46,-0.95,-1.29,-0.32,-0.1
S000001369,0.87 ,1.63 ,1.84 ,1.93 ,2.48 ,1.85 ,1.07 ,0.84
S000001373,1.37 ,2.36 ,2.6  ,2.44 ,2.76 ,1.87 ,1.46 ,1.34
S000001375,1.92 ,2.37 ,2.53 ,2.15 ,1.93 ,1.26 ,0.25 ,0.14
S000001379,0.61 ,1.31 ,1.96 ,2.07 ,2.2  ,2.07 ,0.98 ,0.61
S000001383,-0.5 ,-0.78,-0.25,-0.8 ,-1.09,-0.94,-1.89,-1.94
S000001386,0.82 ,1.59 ,2.02 ,2.16 ,1.68 ,1.04 ,0.87 ,0.84
S000001389,-1.84,-2.03,-2.94,-3.25,-2.12,-1.65,-0.79,-0.42
S000001392,-0.92,-1.71,-0.69,-0.31,-0.42,-0.51,0.15 ,0.21
S000001393,-0.4 ,-0.68,-1.29,-2.09,-1.69,-1.07,-0.17,0.15
S000001395,-0.49,-1.14,-2.06,-2.69,-2.0 ,-1.36,-0.91,-1.06
S000001398,2.42 ,3.86 ,4.51 ,4.48 ,4.15 ,2.19 ,2.26 ,2.13
S000001402,-0.63,-1.74,-1.08,-1.01,-0.67,0.3  ,0.24 ,-0.4
S000001404,-0.83,-1.69,-0.86,-0.56,-0.67,-0.45,-0.33,-0.19
S000001409,-0.96,-1.94,-1.15,-1.06,-1.14,-0.32,-0.47,-0.46
S000001410,-0.92,-1.48,-1.79,-1.47,-1.81,-1.6 ,-1.19,-0.75
S000001420,-1.14,-1.0 ,-1.71,-1.14,-1.38,-1.79,-1.05,0.01
S000001451,-0.81,-1.81,-1.89,-1.92,-1.47,-1.4 ,-0.43,-0.38
S000001453,1.08 ,1.89 ,1.58 ,1.16 ,1.18 ,0.41 ,0.25 ,0.25
S000001455,1.63 ,2.58 ,2.18 ,1.89 ,1.54 ,0.3  ,0.3  ,0.17
S000001456,1.89 ,1.14 ,1.38 ,1.39 ,1.98 ,0.82 ,1.01 ,0.68
S000001465,-1.11,-1.79,-2.84,-4.08,-2.89,-2.25,-1.18,-1.22
S000001477,0.62 ,1.91 ,2.67 ,2.37 ,2.61 ,2.51 ,1.21 ,0.49
S000001478,1.21 ,1.93 ,3.44 ,3.24 ,2.91 ,2.44 ,1.48 ,1.16
S000003547,-1.07,-2.11,-2.53,-2.47,-2.1 ,-1.08,-1.03,-0.86
S000003554,0.2  ,0.3  ,1.67 ,1.67 ,1.21 ,1.04 ,0.46 ,0.31
S000003557,0.48 ,0.29 ,1.56 ,1.64 ,1.56 ,1.46 ,0.59 ,0.43
S000003558,0.59 ,1.3  ,1.92 ,2.01 ,1.61 ,1.25 ,0.75 ,0.67
S000003570,-1.17,-2.94,-2.77,-2.02,-2.63,-2.32,-0.9 ,-0.75
S000003571,1.2  ,1.88 ,2.13 ,1.02 ,1.12 ,1.35 ,1.43 ,0.97
S000003586,-0.69,-2.49,-2.12,-2.02,-1.98,-1.76,-0.51,-0.92
S000003602,1.11 ,1.84 ,2.29 ,2.48 ,2.51 ,1.61 ,1.16 ,0.93
S000003604,0.4  ,0.97 ,1.8  ,1.95 ,2.13 ,2.03 ,1.51 ,1.04
S000003605,-2.0 ,-3.35,-3.06,-3.13,-2.32,-1.42,-0.69,-0.63
S000003612,-0.42,-2.45,-1.25,-1.06,-1.0 ,-0.56,-0.34,-0.32
S000003616,-0.32,-2.16,-1.31,-1.15,-1.56,-1.17,-0.54,-0.74
S000003618,1.66 ,1.25 ,1.95 ,1.45 ,1.47 ,0.72 ,0.6  ,0.49
S000003623,-1.0 ,-1.81,-1.4 ,-1.07,-1.22,-0.73,-0.05,-0.15
S000003628,-0.74,-1.76,-0.9 ,-0.8 ,-1.17,-0.42,0.19 ,0.15
S000003634,-1.48,-2.58,-3.39,-1.67,-1.32,-0.73,0.1  ,-0.07
S000003645,-0.97,-2.54,-3.45,-2.77,-2.75,-1.67,-1.06,-0.81
S000003647,-0.84,-1.79,-1.27,-0.86,-1.2 ,-1.29,-0.64,-0.62
S000003658,-2.56,-2.69,-3.41,-2.64,-3.06,-1.81,-1.18,-0.96
S000003661,-1.54,-1.82,-2.19,-2.06,-1.74,-1.25,-0.6 ,-0.35
S000003666,-0.4 ,-1.87,-1.89,-1.49,-1.44,-0.51,0.19 ,-0.24
S000003672,-0.64,-1.54,-2.06,-1.52,-1.51,-1.7 ,-0.63,-0.43
S000003677,2.1  ,1.54 ,2.24 ,2.04 ,1.35 ,0.21 ,0.4  ,0.57
S000003680,3.79 ,3.55 ,2.72 ,2.56 ,2.53 ,1.51 ,0.74 ,1.67
S000003684,-1.74,-3.95,-2.92,-2.75,-2.64,-1.81,-1.11,-0.6
S000003693,-2.79,-2.48,-2.06,-2.15,-1.47,-0.8 ,-1.34,-1.03
S000003695,0.04 ,0.68 ,1.9  ,1.95 ,1.87 ,1.58 ,0.52 ,0.12
S000003699,1.38 ,2.13 ,2.91 ,2.0  ,1.99 ,0.88 ,0.43 ,0.28
S000003713,-0.57,-1.18,-2.0 ,-2.43,-1.84,-1.63,-0.99,-0.84
S000003724,-0.22,-0.85,-1.98,-1.67,-1.45,-1.49,-0.42,-0.25
S000003725,-0.43,-0.66,-1.94,-1.89,-1.64,-1.76,-1.05,-0.46
S000003726,-0.41,-1.38,-2.4 ,-2.56,-1.52,-1.81,-0.94,-0.71
S000003734,-1.11,-2.94,-2.64,-2.48,-2.43,-1.22,-0.43,-0.58
S000003736,-0.74,-2.89,-4.06,-2.47,-2.29,-1.02,0.24 ,0.14
S000003744,-1.65,-2.96,-2.6 ,-2.26,-2.03,-1.16,-0.69,-0.7
S000003748,-1.31,-2.29,-1.34,-1.02,-1.32,-0.74,-0.75,-0.96
S000003749,0.86 ,1.8  ,2.11 ,1.88 ,1.51 ,1.26 ,0.87 ,0.8
S000003753,0.99 ,2.29 ,2.92 ,2.87 ,2.77 ,2.38 ,1.49 ,0.84
S000003762,-1.32,-3.6 ,-3.77,-2.84,-2.68,-2.16,-0.89,-0.49
S000003763,-1.64,-2.4 ,-2.52,-2.65,-2.03,-1.34,-1.09,-0.72
S000003767,-0.9 ,-1.92,-1.74,-1.86,-1.84,-1.63,-1.42,-1.31
S000003777,-0.3 ,-1.62,-2.18,-2.48,-2.19,-1.84,-0.61,-0.32
S000003787,-0.32,-1.89,-0.18,0.07 ,0.09 ,0.32 ,0.08 ,0.4
S000003789,-0.22,-1.94,-0.18,0.01 ,0.03 ,0.26 ,0.12 ,0.19
S000003802,-2.05,-3.58,-3.27,-2.38,-2.19,-1.56,-0.69,-0.81
S000003806,0.91 ,0.81 ,1.78 ,1.43 ,1.23 ,0.77 ,0.82 ,0.57
S000003807,1.4  ,1.68 ,1.39 ,0.46 ,0.49 ,0.74 ,0.59 ,0.42
S000003816,-0.64,-1.14,-1.69,-1.22,-0.92,-0.75,-0.25,-0.25
S000003820,1.58 ,1.82 ,2.43 ,2.46 ,1.94 ,1.12 ,1.02 ,1.06
S000003824,-1.52,-2.43,-2.85,-2.16,-1.99,-1.38,-0.4 ,-0.5
S000003827,0.2  ,2.1  ,3.24 ,2.42 ,2.23 ,2.08 ,0.15 ,-0.09
S000003831,-1.18,-3.51,-5.06,-4.85,-3.64,-1.87,-0.58,-0.79
S000003832,-0.89,-2.94,-3.84,-2.87,-2.9 ,-1.84,-0.74,-0.51
S000003833,-0.44,-0.76,-1.51,-1.71,-0.86,-0.37,0.37 ,0.32
S000003834,0.34 ,1.8  ,2.52 ,2.47 ,2.42 ,2.14 ,1.3  ,0.82
S000003851,0.7  ,0.63 ,1.78 ,1.2  ,0.95 ,0.94 ,0.25 ,0.16
S000003857,0.69 ,2.29 ,2.96 ,3.28 ,3.25 ,1.28 ,1.17 ,1.37
S000003858,-1.77,-0.54,-2.42,-3.06,-2.22,-0.83,-0.26,-0.2
S000003884,-0.4 ,-1.17,-2.0 ,-2.61,-2.12,-1.56,-1.34,-1.22
S000003890,-0.63,-1.1 ,-1.09,-1.89,-1.36,-1.63,-0.04,-0.44
S000003893,-0.56,-3.33,-1.76,-1.15,-1.27,-0.91,-0.04,-0.38
S000003904,-0.75,-1.61,-1.06,-1.89,-1.46,-0.69,-0.6 ,-0.84
S000003906,-0.62,-1.09,-1.51,-2.29,-1.87,-1.58,-0.96,-0.89
S000003908,-1.3 ,-1.59,-0.86,-1.64,-1.1 ,-0.32,-0.38,-0.43
S000003909,0.1  ,0.38 ,1.53 ,1.88 ,2.03 ,1.36 ,1.04 ,0.55
S000003910,0.34 ,0.71 ,1.58 ,1.39 ,1.73 ,1.36 ,0.41 ,-0.15
S000003911,-0.36,-1.0 ,-1.11,-1.22,-1.52,-1.0 ,-1.41,-3.05
S000001484,0.12 ,0.4  ,-0.47,-0.92,0.03 ,0.09 ,0.06 ,1.81
S000001487,-1.11,-2.16,-2.12,-2.16,-2.29,-1.47,-0.76,-0.71
S000001489,-0.64,-1.03,-2.0 ,-2.79,-2.06,-1.35,-0.97,-0.78
S000001492,-1.76,-3.51,-4.06,-3.64,-3.06,-2.32,-1.09,-0.6
S000001497,-0.28,-0.72,-1.89,-1.84,-1.67,-0.67,-0.56,-0.25
S000001504,-1.34,-2.79,-2.6 ,-2.03,-2.09,-1.79,-0.92,-0.72
S000001507,-0.73,-0.62,-1.38,-1.89,-1.69,-1.24,-0.35,-0.51
S000001512,-0.76,-2.42,-3.47,-2.56,-1.84,0.38 ,1.0  ,0.39
S000001513,-0.92,-1.47,-1.97,-2.4 ,-1.58,0.64 ,0.79 ,-0.05
S000001519,1.7  ,2.02 ,3.37 ,2.59 ,2.25 ,1.42 ,0.26 ,0.25
S000001539,-0.6 ,-0.42,-0.97,-1.95,-2.09,-1.43,-1.17,-1.0
S000001545,0.62 ,1.09 ,2.12 ,1.39 ,0.93 ,-0.23,0.04 ,-0.14
S000001548,0.16 ,0.98 ,1.63 ,1.72 ,1.58 ,0.91 ,0.19 ,0.16
S000001550,0.42 ,1.05 ,1.57 ,1.65 ,1.66 ,0.88 ,0.86 ,0.6
S000001551,-1.24,-2.02,-0.86,-1.17,-1.05,-0.93,-0.49,-0.39
S000001561,-2.75,-2.36,-3.84,-5.35,-3.74,-2.74,-1.58,-1.74
S000001564,-0.1 ,-0.91,-0.99,-1.7 ,-2.32,-2.16,-1.4 ,-1.29
S000001565,-1.51,-2.64,-2.94,-2.6 ,-1.69,-1.38,-0.58,-0.2
S000001568,0.7  ,1.69 ,2.32 ,2.58 ,2.04 ,1.51 ,0.94 ,0.51
S000001574,1.9  ,2.9  ,3.81 ,3.82 ,3.26 ,2.28 ,1.16 ,1.11
S000001576,0.66 ,1.04 ,2.27 ,1.84 ,1.45 ,0.86 ,0.38 ,0.12
S000001579,1.19 ,3.19 ,4.04 ,3.65 ,3.71 ,4.24 ,2.24 ,1.72
S000001582,-1.69,-3.18,-4.64,-3.84,-3.32,-1.94,-0.89,-0.27
S000001583,0.48 ,0.67 ,1.66 ,1.46 ,0.8  ,0.48 ,0.04 ,-0.06
S000001586,1.56 ,3.44 ,4.22 ,4.08 ,4.13 ,3.89 ,2.25 ,1.94
S000001596,-0.62,-1.42,-2.15,-1.9 ,-1.84,-1.12,0.12 ,-0.07
S000001603,-1.43,-1.79,-1.64,-1.03,-1.0 ,-0.34,-0.2 ,0.03
S000001605,-0.81,-1.36,-1.89,-0.92,-1.15,-1.18,-0.6 ,-0.23
S000001608,-1.36,-1.84,-1.36,-1.43,-1.09,-0.71,-0.25,0.01
S000001626,-1.43,-3.64,-5.06,-4.64,-4.64,-2.32,-0.81,-0.34
S000001627,-0.64,-1.56,-2.32,-1.64,-1.36,-0.86,-0.03,0.08
S000001631,1.7  ,2.51 ,2.99 ,2.65 ,2.55 ,2.14 ,1.0  ,0.83
S000001633,1.69 ,2.35 ,2.71 ,3.02 ,2.51 ,1.49 ,0.93 ,1.18
S000001646,-0.17,0.52 ,1.54 ,1.42 ,1.66 ,1.2  ,0.08 ,-0.51
S000001649,-0.74,-1.74,-1.47,-1.18,-0.96,-0.95,0.08 ,-0.43
S000001659,-1.15,-2.32,-1.36,-1.15,-1.25,-1.06,-0.79,-0.54
S000001663,-0.29,-1.32,-1.94,-2.0 ,-1.84,-1.29,-0.56,-0.36
S000001670,0.6  ,1.41 ,2.95 ,2.31 ,1.89 ,0.62 ,-0.3 ,0.11
S000001674,-1.12,-2.47,-2.64,-2.94,-2.4 ,-0.79,-0.49,-0.47
S000001676,0.93 ,1.94 ,1.8  ,1.87 ,1.95 ,1.24 ,1.16 ,1.06
S000001678,0.29 ,0.86 ,1.3  ,1.48 ,1.72 ,0.52 ,0.49 ,0.44
S000001719,1.94 ,2.32 ,2.56 ,3.08 ,2.81 ,1.45 ,1.38 ,1.36
S000001721,-0.43,-1.43,-1.89,-1.64,-1.18,0.37 ,0.9  ,0.24
S000001732,-3.64,-3.32,-3.64,-3.47,-2.25,-1.29,-0.92,-0.67
S000001751,-0.43,-0.95,-1.64,-1.69,-1.76,-1.38,-0.66,-0.54
S000001752,-1.29,-1.36,-1.25,-1.79,-0.92,-0.45,-0.56,-0.6
S000001753,-0.47,-0.89,-0.23,-0.47,-0.6 ,1.28 ,-0.23,1.79
S000001754,-0.32,0.95 ,1.43 ,1.43 ,2.08 ,2.07 ,0.25 ,0.1
S000001764,-2.94,-4.06,-4.32,-3.84,-3.06,-1.74,-1.15,-0.84
S000001765,-0.54,-1.4 ,-2.4 ,-1.94,-2.0 ,-2.0 ,-0.76,-0.51
S000001766,2.2  ,2.4  ,2.79 ,2.11 ,1.74 ,0.48 ,-0.07,0.25
S000001767,-0.15,-1.15,-1.22,-1.29,-1.89,-1.56,-0.54,-0.38
S000001768,-1.89,-2.94,-2.94,-2.47,-2.0 ,-1.51,-0.64,-0.14
S000001774,0.89 ,2.17 ,2.31 ,1.38 ,1.43 ,1.85 ,0.68 ,0.12
S000001775,1.2  ,1.39 ,2.62 ,2.34 ,1.74 ,1.21 ,0.7  ,0.5
S000001783,2.33 ,-0.3 ,-0.54,-0.32,-0.47,-0.84,-0.34,0.14
S000001787,-2.0 ,-3.64,-3.06,-2.0 ,-1.74,-0.71,-0.54,-0.36
S000001789,-1.84,-4.32,-4.64,-3.32,-2.84,-1.74,-0.67,-0.22
S000001790,-0.56,-2.0 ,-0.74,-0.67,-0.64,-0.23,0.11 ,0.07
S000001800,-0.84,-2.25,-2.4 ,-2.64,-2.18,-0.89,-0.38,-0.62
S000001802,-0.3 ,-0.79,-1.74,-2.18,-1.64,-1.6 ,-0.89,-0.92
S000001807,-2.0 ,-3.64,-3.18,-2.12,-1.79,-1.4 ,-0.43,-0.36
S000003931,-0.84,-2.84,-5.06,-5.06,-3.84,-1.79,-0.6 ,-0.56
S000003939,-0.71,-2.0 ,-1.09,-0.89,-0.47,-0.38,-0.25,-0.32
S000003943,1.06 ,1.84 ,1.98 ,1.75 ,1.71 ,1.08 ,0.79 ,0.7
S000003945,-0.6 ,-0.79,-1.4 ,-1.89,-1.47,-1.03,-0.18,-0.69
S000003946,0.06 ,0.64 ,1.97 ,2.04 ,1.8  ,1.25 ,0.5  ,0.06
S000003947,1.05 ,1.51 ,1.93 ,1.37 ,1.18 ,0.56 ,0.49 ,0.36
S000003949,4.53 ,4.82 ,5.68 ,5.24 ,4.8  ,3.49 ,3.17 ,2.83
S000003957,-1.32,-1.09,-1.79,-2.12,-1.6 ,-1.22,-0.69,-0.54
S000003958,-1.18,-2.74,-2.12,-1.79,-2.18,-1.47,-0.64,-0.76
S000003962,2.31 ,3.28 ,3.74 ,3.4  ,3.47 ,1.99 ,1.56 ,1.71
S000003964,1.24 ,2.09 ,2.47 ,2.57 ,1.88 ,1.34 ,0.91 ,0.91
S000003967,-0.14,-1.03,-1.94,-2.56,-2.4 ,-1.89,-0.86,-0.71
S000003968,-0.15,-1.25,-1.94,-2.12,-2.4 ,-1.84,-0.38,-0.36
S000003977,-0.81,-1.74,-1.64,-2.12,-1.12,-0.56,-0.34,-0.36
S000003981,0.15 ,0.59 ,0.99 ,0.3  ,0.82 ,2.04 ,0.67 ,0.32
S000003992,-1.69,-4.64,-4.32,-3.06,-2.64,-1.56,-0.62,-0.27
S000003999,-2.64,-3.18,-5.06,-4.64,-3.32,-2.06,-1.15,-1.22
S000004007,-0.81,-0.89,-1.84,-2.32,-1.56,-0.71,-0.3 ,-0.45
S000004010,-0.74,-1.74,-0.89,-0.54,-0.76,-0.71,0.03 ,-0.09
S000004019,-0.1 ,-0.74,-1.69,-1.89,-1.74,-1.89,-0.92,-0.51
S000004038,-0.64,-2.06,-2.06,-2.4 ,-2.12,-1.51,-1.03,-0.84
S000004041,-1.36,-0.43,-2.18,-1.6 ,-1.15,-1.22,-0.34,0.15
S000004046,-0.74,-1.89,-1.79,-1.94,-1.43,-0.38,0.25 ,0.15
S000004048,0.14 ,-0.38,0.29 ,0.42 ,1.79 ,2.3  ,1.81 ,1.4
S000004051,-1.4 ,-1.36,-1.89,-2.25,-1.79,-1.64,-1.15,-1.12
S000004052,-0.47,-1.43,-2.4 ,-2.4 ,-2.06,-2.25,-0.92,-0.76
S000004053,-2.47,-1.47,-1.94,-2.4 ,-1.74,-1.06,-0.62,-1.06
S000004063,-1.56,-1.74,-2.0 ,-2.0 ,-2.0 ,-1.6 ,-0.79,-0.97
S000004064,-1.64,-2.12,-2.56,-2.84,-2.18,-1.74,-1.32,-1.56
S000004065,0.11 ,-0.49,-1.22,-1.43,-1.15,-1.89,-0.45,-0.22
S000004066,-0.3 ,-0.15,-1.25,-1.79,-1.43,-1.22,-0.84,-0.56
S000004070,0.77 ,2.18 ,2.47 ,2.34 ,3.04 ,1.96 ,1.36 ,1.27
S000004073,-1.0 ,-2.94,-2.06,-2.06,-2.25,-0.04,-1.03,-1.09
S000004074,-0.86,-1.74,-0.94,-1.25,-0.97,-0.58,-0.74,-0.38
S000004119,-2.32,-4.64,-4.32,-3.06,-2.84,-1.6 ,-0.64,-0.27
S000004136,-1.74,-1.36,-2.06,-2.64,-1.74,-1.32,-1.89,-1.15
S000004140,-0.25,-0.54,-1.12,-1.84,-1.69,-1.47,-0.81,-0.84
S000004142,1.11 ,1.7  ,2.44 ,1.69 ,0.95 ,0.96 ,0.24 ,0.52
S000004157,-0.23,-0.76,-1.69,-1.6 ,-1.89,-2.12,-0.89,-0.47
S000004162,-0.6 ,-0.92,-1.47,-2.0 ,-1.69,-1.29,-0.76,-0.76
S000004165,-0.97,-4.64,-4.32,-3.64,-2.74,-2.18,-1.12,-0.76
S000004167,2.46 ,2.42 ,3.11 ,2.61 ,1.94 ,0.93 ,0.76 ,0.77
S000004168,2.89 ,5.01 ,5.83 ,5.95 ,6.02 ,4.87 ,2.73 ,2.33
S000004170,-1.12,-3.47,-3.32,-3.06,-1.51,-0.54,-0.94,-1.03
S000004173,-0.6 ,-2.32,-2.12,-1.94,-2.06,-1.4 ,0.04 ,-0.64
S000004175,-0.36,-1.64,-2.12,-1.74,-1.47,-1.64,-0.79,-0.67
S000004176,-1.89,-3.06,-2.74,-2.25,-1.84,-1.74,-0.76,-0.74
S000004186,-2.12,-5.06,-5.64,-5.06,-3.47,-2.06,-1.43,-1.22
S000004187,-1.06,-4.32,-5.06,-4.06,-3.47,-2.64,-1.32,-0.81
S000004188,-1.15,-3.06,-4.64,-4.64,-3.18,-2.18,-1.43,-1.18
S000004195,0.49 ,1.63 ,2.36 ,2.23 ,2.16 ,1.06 ,1.11 ,0.73
S000004204,-2.0 ,-2.4 ,-1.56,-2.12,-1.94,-0.97,-1.25,-1.64
S000004206,1.97 ,2.76 ,3.28 ,2.84 ,2.9  ,2.39 ,2.29 ,1.72
S000004212,-2.74,-5.06,-6.64,-4.32,-2.64,-1.4 ,-0.81,-0.74
S000004239,-0.42,-2.56,-3.06,-3.18,-3.84,-1.94,-1.0 ,-0.89
S000004241,1.89 ,2.98 ,3.63 ,3.58 ,2.67 ,1.6  ,1.7  ,1.54
S000004242,1.95 ,3.08 ,3.29 ,2.67 ,2.68 ,1.17 ,0.92 ,1.06
S000004248,2.96 ,4.04 ,4.42 ,4.24 ,3.45 ,2.67 ,1.59 ,1.61
S000004249,1.21 ,1.59 ,2.41 ,2.43 ,2.03 ,2.42 ,2.2  ,1.7
S000004254,-0.22,-0.38,-1.29,-1.79,-1.43,-1.18,-0.76,-0.76
S000004260,0.89 ,2.16 ,2.62 ,2.63 ,2.78 ,2.07 ,1.0  ,0.87
S000004266,-1.47,-4.06,-4.32,-3.84,-2.94,-2.64,-0.97,-0.89
S000004277,-0.27,-1.74,-1.51,-0.69,-0.79,0.0  ,-0.14,0.23
S000004290,0.31 ,0.29 ,1.57 ,1.72 ,1.64 ,1.49 ,1.07 ,0.76
S000004294,-0.38,-1.09,-0.56,-0.18,0.86 ,1.93 ,1.38 ,0.77
S000004295,0.7  ,0.78 ,2.09 ,2.23 ,2.57 ,2.17 ,0.7  ,0.08
S000004317,-0.17,-1.18,-2.12,-1.74,-1.6 ,-1.18,-0.84,-0.32
S000004319,5.58 ,6.03 ,5.76 ,5.74 ,5.52 ,3.34 ,2.43 ,3.46
S000004328,-1.06,-2.12,-1.94,-1.64,-0.67,-0.49,0.0  ,-0.09
S000004330,0.45 ,-1.25,1.43 ,1.33 ,1.47 ,1.94 ,0.63 ,0.44
S000004331,0.26 ,-0.34,-0.94,-1.64,-2.18,-1.64,-0.6 ,-0.84
S000004332,0.07 ,-0.04,-0.67,-1.94,-1.94,-0.92,-0.92,-0.97
S000004334,-0.54,-2.32,-1.36,-1.43,-0.97,0.16 ,-0.06,-0.43
S000004347,-0.74,-3.32,-2.06,-1.29,-1.18,-0.6 ,-0.36,-0.45
S000004364,-1.15,-2.4 ,-2.4 ,-2.64,-2.32,-1.74,-0.97,-1.0
S000004380,-0.17,-0.79,-2.18,-2.4 ,-1.79,-1.47,-1.06,-0.74
S000004389,-1.32,-2.74,-2.06,-1.43,-1.36,-0.67,-0.47,-0.74
S000004392,-1.29,-2.84,-2.56,-2.47,-2.32,-1.15,-0.45,-0.69
S000004393,-1.84,-4.64,-3.84,-2.94,-2.25,-0.94,0.23 ,-0.76
S000004424,-0.4 ,-1.15,-1.47,-2.25,-2.06,-1.03,-0.97,-0.58
S000004426,-0.94,-1.47,-1.79,-1.69,-1.79,-0.45,-0.97,-0.32
S000004427,-0.74,-2.74,-3.18,-2.64,-1.94,-1.64,-0.3 ,0.2
S000004430,1.58 ,3.15 ,3.79 ,3.31 ,2.87 ,3.18 ,0.52 ,0.14
S000004433,0.12 ,-1.25,-2.12,-1.79,-1.74,-1.6 ,-0.45,-0.2
S000004440,-0.51,-1.36,-2.06,-2.06,-1.89,-1.51,-0.76,-0.49
S000004441,-0.62,-2.18,-3.47,-2.94,-2.64,-1.79,-0.6 ,-0.67
S000004444,-1.43,-2.18,-1.09,-0.84,-0.76,-0.34,-0.62,-0.84
S000004452,-0.1 ,-0.71,-0.58,-0.6 ,-0.92,-0.62,-1.15,-1.94
S000004454,-0.74,-2.12,-0.94,-0.62,-0.69,0.14 ,0.1  ,-0.3
S000004463,0.45 ,1.61 ,2.22 ,2.22 ,2.3  ,1.67 ,0.5  ,0.76
S000004480,-1.79,-2.0 ,-2.12,-2.18,-1.84,-1.03,-1.03,-0.81
S000004484,-0.81,-1.43,-2.0 ,-2.4 ,-2.32,-1.51,-1.32,-1.12
S000004486,-0.15,-0.67,-1.36,-2.06,-1.29,-1.84,-0.84,-0.67
S000004488,-0.17,-0.6 ,-1.79,-2.12,-0.94,-1.06,-0.71,-0.58
S000004489,-2.12,-1.06,-1.32,-1.29,-0.67,-0.04,0.06 ,-0.38
S000004507,-1.79,-3.84,-3.64,-2.64,-2.84,-1.22,-0.76,-0.51
S000004508,-0.17,-2.32,-0.32,0.31 ,0.03 ,0.2  ,0.5  ,0.28
S000004528,0.01 ,-1.32,-2.25,-1.89,-1.64,-1.69,-0.56,-0.23
S000004538,-0.51,-1.74,-2.4 ,-2.32,-2.06,-1.94,-1.22,-0.94
S000004545,-2.47,-2.25,-2.4 ,-2.06,-2.18,0.1  ,-0.64,-0.79
S000004546,-0.6 ,-2.64,-1.47,-0.86,-1.0 ,-0.58,-0.12,0.01
S000004558,-1.47,-4.06,-4.64,-2.64,-2.32,-1.51,-0.49,-0.03
S000004559,0.1  ,-0.79,-1.84,-1.4 ,-0.84,-0.64,-0.07,0.08
S000004566,4.88 ,4.86 ,6.28 ,6.38 ,5.7  ,4.75 ,3.66 ,3.31
S000004574,-0.89,-1.79,-2.0 ,-2.0 ,-2.18,-1.06,-0.92,-0.84
S000004576,-0.45,-1.0 ,-1.89,-1.22,-0.94,-0.67,0.06 ,0.26
S000004581,-1.29,-1.15,-1.03,-1.69,-1.22,-0.42,-0.34,-0.4
S000004589,1.77 ,1.42 ,2.24 ,2.25 ,1.84 ,1.38 ,0.52 ,0.46
S000004592,-2.56,-2.94,-2.12,-2.47,-1.69,0.0  ,-0.18,-0.45
S000004594,-0.6 ,-1.84,-1.4 ,-1.32,-0.97,-0.6 ,-0.25,0.07
S000004597,3.17 ,5.31 ,6.66 ,6.37 ,6.03 ,3.88 ,2.2  ,2.22
S000004608,-0.69,-1.74,-2.4 ,-2.4 ,-2.47,-1.25,-0.51,-0.84
S000004616,-2.18,-3.84,-3.64,-2.0 ,-1.6 ,-0.86,-0.29,0.0
S000004618,-0.33,-1.94,-1.38,-1.13,-1.22,-0.38,-0.63,-0.58
S000004633,1.24 ,0.99 ,2.05 ,1.76 ,1.78 ,0.99 ,0.18 ,0.77
S000004662,-0.97,-1.22,-0.51,-1.43,-1.64,-1.09,-0.45,-0.74
S000004696,0.86 ,2.01 ,2.88 ,2.91 ,2.79 ,1.65 ,1.06 ,0.68
S000004699,-2.56,-3.47,-3.06,-3.18,-2.0 ,-1.09,-0.84,-1.12
S000004711,4.6  ,6.05 ,7.22 ,6.83 ,6.59 ,4.8  ,2.45 ,2.28
S000004722,-0.56,-1.09,-1.84,-2.56,-2.56,-1.64,-1.25,-0.97
S000004728,0.06 ,-0.81,-1.69,-1.6 ,-1.84,-2.12,-0.76,-0.36
S000004732,-0.69,-1.79,-1.06,-0.54,-0.79,-0.86,-0.56,-0.54
S000004736,-0.84,-1.89,-1.12,-1.09,-1.25,-0.89,-0.6 ,-0.71
S000004738,-1.0 ,-3.47,-5.06,-4.32,-3.64,-2.47,-1.06,-0.71
S000004747,0.9  ,1.08 ,1.73 ,1.79 ,1.21 ,0.45 ,0.19 ,0.04
S000004754,-0.51,-1.6 ,-2.12,-2.0 ,-1.56,-1.4 ,-1.03,-0.92
S000004784,1.01 ,1.62 ,2.04 ,2.36 ,2.47 ,2.09 ,1.63 ,1.4
S000004786,0.58 ,1.87 ,2.11 ,1.71 ,2.41 ,0.76 ,1.2  ,1.08
S000004793,0.84 ,1.54 ,2.09 ,1.76 ,1.12 ,0.65 ,0.51 ,0.49
S000004797,-1.18,-2.0 ,-2.47,-2.25,-2.06,-1.94,-0.14,0.12
S000004798,1.02 ,1.64 ,1.86 ,1.86 ,1.48 ,1.55 ,1.18 ,1.5
S000004808,1.96 ,2.63 ,2.51 ,2.01 ,1.79 ,0.92 ,0.55 ,0.55
S000004810,0.7  ,1.62 ,2.11 ,1.48 ,2.09 ,1.26 ,0.54 ,0.62
S000004843,-0.29,-0.67,-1.6 ,-1.74,-1.51,-1.84,-0.47,-0.67
S000004844,-0.34,-1.94,0.01 ,0.37 ,0.12 ,-0.03,0.32 ,0.48
S000004852,-1.22,-2.56,-3.84,-2.25,-2.18,-1.56,-0.58,-0.22
S000004854,-0.84,-2.18,-1.84,-1.51,-1.36,-1.25,-0.36,-0.27
S000004856,-0.79,-2.0 ,-1.51,-1.56,-1.69,-1.29,-0.86,-1.0
S000004863,2.3  ,2.63 ,3.95 ,3.73 ,3.53 ,3.01 ,1.1  ,-1.09
S000004864,2.06 ,3.36 ,3.11 ,2.97 ,2.73 ,1.79 ,1.92 ,1.38
S000004879,0.03 ,-1.03,-1.43,-1.4 ,-1.84,-0.45,-1.03,-1.05
S000004882,-0.64,-1.89,-2.25,-1.03,-1.12,-1.47,-0.04,0.43
S000004891,0.59 ,0.5  ,1.48 ,1.72 ,1.51 ,0.7  ,0.99 ,1.11
S000004903,-0.97,-2.84,-3.84,-3.64,-4.06,-2.74,-1.03,-1.12
S000004905,2.6  ,2.21 ,2.98 ,3.16 ,2.3  ,1.69 ,0.98 ,0.93
S000004912,0.25 ,1.07 ,2.09 ,1.71 ,1.66 ,2.15 ,0.9  ,0.75
S000004916,-0.84,-2.0 ,-1.89,-2.06,-1.79,-0.69,-0.81,-0.56
S000004921,-1.03,-2.56,-3.18,-3.64,-2.94,-0.94,-0.76,-1.32
S000004926,-1.84,-3.32,-2.4 ,-1.79,-1.89,-1.22,-0.92,-0.86
S000004927,-1.84,-3.64,-3.32,-2.47,-2.25,-1.47,-1.09,-0.86
S000004938,-0.51,-1.41,-2.01,-1.61,-3.09,-0.88,-0.67,-0.92
S000004940,-0.4 ,-0.97,-2.12,-2.06,-1.79,-1.22,-0.81,-0.6
S000004946,-1.32,-1.84,-2.06,-1.32,-1.43,-0.86,-0.81,-0.47
S000004947,-1.69,-4.06,-5.06,-4.06,-2.94,-1.84,-1.03,-0.62
S000004951,2.61 ,2.32 ,1.2  ,0.74 ,0.57 ,-0.22,0.39 ,0.42
S000004952,2.57 ,2.67 ,2.67 ,2.49 ,1.84 ,1.51 ,1.66 ,1.23
S000004955,-0.14,-0.67,-1.12,-1.32,-1.43,-1.74,-0.4 ,-0.18
S000004959,0.18 ,-0.6 ,0.14 ,-1.69,-0.34,-1.36,-0.76,-1.06
S000004960,1.27 ,2.14 ,2.24 ,3.09 ,2.98 ,1.82 ,1.65 ,1.66
S000004967,-1.4 ,-2.47,-1.94,-2.06,-1.6 ,-1.03,-0.86,-0.22
S000004969,-0.81,-1.6 ,-2.18,-2.4 ,-2.4 ,-2.25,-1.74,-1.29
S000004975,0.24 ,0.26 ,-1.09,-0.97,-1.64,-2.12,0.38 ,0.5
S000004981,3.23 ,4.31 ,4.1  ,4.08 ,3.68 ,2.2  ,-0.71,-0.49
S000004990,0.11 ,0.16 ,2.1  ,1.76 ,1.56 ,1.38 ,0.62 ,0.21
S000005000,0.34 ,1.42 ,2.1  ,2.34 ,1.79 ,2.18 ,1.38 ,1.14
S000005005,-1.51,-3.84,-5.06,-3.84,-3.64,-1.6 ,-0.74,-0.81
S000005006,-1.18,-2.47,-3.64,-2.94,-2.64,-1.25,-0.54,-0.4
S000005009,-2.47,-2.47,-2.06,-1.79,-1.4 ,-0.64,-0.54,-1.18
S000005011,-0.29,-1.47,-2.56,-2.4 ,-2.25,-1.64,-0.14,0.08
S000005013,-0.42,-1.06,-1.6 ,-2.0 ,-2.25,-1.84,-0.76,-0.69
S000005016,-0.97,-0.67,-1.29,-1.74,-1.18,-0.74,-0.25,-0.86
S000005019,-1.64,-3.18,-4.06,-3.18,-2.94,-2.12,-0.69,-0.54
S000005039,-1.47,-2.18,-1.36,-1.25,-1.25,-0.92,-0.6 ,-0.32
S000005040,-0.49,-1.25,-2.18,-2.12,-1.4 ,-1.47,-1.06,-0.86
S000005050,0.1  ,-0.43,1.98 ,0.37 ,0.15 ,-0.34,-0.56,-0.45
S000005054,-1.56,-3.84,-4.64,-3.64,-3.06,-2.47,-0.94,-0.22
S000005055,-0.84,-2.0 ,-1.84,-0.97,-0.49,0.38 ,0.71 ,0.78
S000005056,-1.03,-1.6 ,-3.84,-4.06,-5.06,-5.06,-3.84,-3.64
S000005057,-1.4 ,-2.32,-3.64,-2.74,-1.79,-1.03,-0.2 ,0.24
S000005058,-1.25,-1.25,-3.06,-2.74,-1.89,-1.47,-0.49,-0.01
S000005063,-0.79,-1.79,-2.4 ,-2.32,-2.0 ,-1.79,-0.92,-0.71
S000005064,-2.12,-1.47,-1.94,-3.84,-1.74,-2.0 ,-0.94,-1.03
S000005067,-0.67,-2.12,-1.12,-0.81,-0.94,-0.15,-0.22,-0.23
S000005068,-1.56,-2.06,-2.25,-3.06,-2.47,-1.64,-1.22,-1.36
S000005076,-0.94,-3.47,-4.64,-5.06,-3.84,-2.47,-0.84,-0.86
S000005078,0.53 ,1.39 ,1.93 ,1.58 ,1.33 ,0.6  ,-0.3 ,-0.81
S000005083,-0.42,-2.32,-0.71,-0.49,-0.56,-0.22,-0.18,-0.62
S000005085,-1.94,-4.32,-3.84,-3.47,-3.64,-2.56,-1.22,-1.15
S000005095,-0.81,-1.94,-2.94,-2.06,-2.0 ,-1.64,-0.38,-0.42
S000005106,-0.71,-1.29,-2.25,-2.4 ,-1.51,-1.43,-0.81,-0.51
S000005107,-0.68,-2.4 ,-1.38,-1.02,-0.96,-0.82,-0.23,-0.12
S000005118,-0.71,-2.64,-5.64,-4.64,-4.06,-2.0 ,-1.15,-0.81
S000005119,-0.67,-3.18,-5.64,-5.06,-4.32,-2.84,-1.03,-0.51
S000005122,0.01 ,-0.79,-2.12,-2.47,-2.32,-2.0 ,-0.64,-0.42
S000005126,-2.0 ,-1.79,-6.64,-4.06,-3.18,-1.51,-1.32,-0.89
S000005130,-2.0 ,-2.47,-2.12,-2.06,-1.4 ,-0.6 ,-0.79,-0.6
S000005152,0.66 ,1.72 ,2.0  ,2.1  ,2.38 ,1.64 ,1.01 ,0.34
S000005153,-0.14,-1.69,-2.56,-2.47,-3.18,-2.18,-1.15,-0.92
S000005161,-0.3 ,-1.32,-1.69,-1.4 ,-1.6 ,-1.51,-0.32,-0.32
S000005181,0.33 ,1.59 ,2.46 ,1.71 ,1.86 ,1.1  ,0.75 ,0.57
S000005185,0.68 ,1.27 ,2.34 ,1.95 ,1.71 ,1.33 ,0.53 ,0.53
S000005191,-0.43,-1.89,-2.06,-1.84,-1.84,-1.4 ,0.07 ,-0.09
S000005192,-1.64,-4.64,-5.06,-4.32,-3.64,-1.74,-1.25,-1.12
S000005195,-0.46,-1.9 ,-1.84,-1.7 ,-1.61,-1.3 ,-0.56,-0.49
S000005198,-1.47,-1.84,-1.51,-1.32,-1.12,-0.34,-0.4 ,-0.07
S000005199,-0.47,-1.64,-2.47,-2.0 ,-1.94,-1.89,-0.71,-0.64
S000005200,-1.22,-2.0 ,-1.84,-2.06,-1.84,-1.12,-1.43,-0.74
S000005218,1.97 ,3.5  ,4.28 ,4.19 ,3.61 ,2.83 ,1.69 ,1.66
S000005236,-1.43,-1.09,-1.94,-2.4 ,-1.32,-0.94,-0.67,-0.62
S000005237,0.88 ,0.58 ,1.66 ,1.63 ,1.54 ,0.95 ,0.73 ,0.55
S000005240,-0.36,-2.12,-0.64,-0.43,-0.62,-0.6 ,-0.67,-0.56
S000005241,-0.56,-2.12,-0.23,0.1  ,-0.38,0.11 ,0.21 ,-0.07
S000005243,-2.32,-2.74,-3.64,-1.69,-2.64,-1.0 ,-0.15,-0.14
S000005244,0.53 ,-0.1 ,-1.0 ,-1.64,-1.15,0.07 ,0.37 ,-0.4
S000005245,-0.3 ,-1.32,-1.64,-1.74,-1.84,-1.18,-0.64,-0.6
S000005246,-0.62,-1.12,-2.06,-2.32,-1.69,-1.51,-1.15,-0.69
S000005247,-0.76,-1.06,-1.94,-1.32,-1.64,-1.32,-0.74,-0.71
S000005249,1.04 ,2.24 ,2.46 ,2.26 ,1.97 ,1.36 ,1.08 ,0.91
S000005252,-1.29,-3.47,-4.06,-1.74,-2.06,-0.81,-2.32,-0.2
S000005295,-1.29,-2.32,-2.84,-2.56,-2.0 ,-0.97,-0.23,-0.34
S000005298,-0.84,-1.12,-1.47,-1.84,-1.56,-0.62,-0.62,-0.38
S000005317,1.55 ,1.64 ,2.2  ,2.07 ,1.65 ,0.99 ,0.12 ,-0.22
S000005321,-1.56,-2.84,-3.06,-2.25,-2.18,-1.22,-0.67,-0.69
S000005327,-0.58,-1.84,-1.89,-1.47,-1.29,-0.71,-0.27,-0.69
S000005329,-0.79,-1.51,-2.18,-1.4 ,-1.69,-0.79,-0.56,-0.47
S000005370,-2.56,-2.84,-3.18,-3.32,-2.4 ,-1.36,-0.89,-0.14
S000005379,-1.18,-1.74,-0.86,-1.18,-0.94,-0.15,-0.1 ,-0.84
S000005381,-0.97,-2.32,-1.51,-1.4 ,-1.47,-0.86,-0.4 ,-0.62
S000005382,-0.58,-1.51,-2.74,-2.47,-2.32,-1.47,-0.42,-0.23
S000005392,2.74 ,2.76 ,2.35 ,2.54 ,2.2  ,1.15 ,1.39 ,1.2
S000005399,-0.3 ,-0.89,-1.6 ,-1.94,-2.64,-1.79,-1.06,-0.94
S000005400,-0.27,-0.54,-1.36,-2.18,-2.12,-1.43,-0.94,-1.03
S000005436,-0.69,-1.69,-0.84,-0.56,-0.51,-0.09,0.19 ,0.18
S000005437,-1.79,-5.06,-5.64,-5.06,-4.06,-2.94,-1.4 ,-0.86
S000005440,-0.89,-0.84,-1.69,-1.12,-1.4 ,-0.97,-0.58,-0.51
S000005457,-0.12,-0.76,-1.12,-1.94,-1.4 ,-1.43,-0.49,-0.47
S000005480,-0.29,-1.09,-1.69,-1.79,-1.94,-1.47,-0.54,-0.67
S000005481,-0.38,-1.12,-2.12,-2.18,-1.79,-1.6 ,-0.84,-0.47
S000005483,0.26 ,-1.32,-2.32,-1.74,-1.69,-1.74,-0.15,0.03
S000005484,-1.84,-3.84,-5.64,-5.06,-3.64,-2.4 ,-0.47,-0.38
S000005485,-0.94,-2.4 ,-2.74,-2.64,-2.0 ,-0.71,-0.54,-0.54
S000005487,-0.38,-0.92,-2.12,-2.25,-1.69,-1.94,-0.94,-0.54
S000005490,-0.89,-2.18,-1.51,-1.47,-1.51,-1.0 ,-0.38,-0.27
S000005499,-0.64,-1.36,-1.94,-2.0 ,-1.4 ,-1.12,-0.49,-0.36
S000005500,-0.89,-2.0 ,-1.32,-1.47,-1.09,-0.36,0.21 ,0.48
S000005502,-1.06,-1.84,-1.36,-1.43,-1.6 ,-0.84,-0.58,-0.07
S000005504,-1.43,-3.06,-2.94,-1.94,-2.18,-1.56,-0.67,-0.45
S000005513,1.9  ,2.92 ,3.95 ,2.78 ,3.19 ,2.32 ,0.88 ,1.07
S000005515,0.48 ,1.01 ,2.62 ,2.32 ,2.23 ,2.48 ,0.38 ,0.14
S000005530,-2.18,-4.64,-5.06,-3.64,-4.06,-2.32,-1.22,-1.22
S000005532,-0.84,-1.74,-1.6 ,-0.74,-0.86,-1.0 ,-0.06,0.21
S000005546,1.44 ,2.28 ,2.15 ,2.48 ,2.34 ,1.81 ,1.87 ,2.06
S000005547,-0.84,-1.79,-2.64,-2.25,-2.0 ,-1.79,-1.03,-0.76
S000005553,1.89 ,2.31 ,3.13 ,3.09 ,2.63 ,1.71 ,2.06 ,1.69
S000005554,3.75 ,2.44 ,2.09 ,1.92 ,1.41 ,-0.38,0.0  ,-0.79
S000005575,2.38 ,1.52 ,0.96 ,0.14 ,0.3  ,-0.22,0.03 ,0.68
S000005577,-0.36,-1.51,-2.12,-2.06,-1.56,-1.36,-0.69,-0.34
S000005578,2.39 ,2.97 ,2.73 ,3.09 ,2.52 ,1.44 ,1.78 ,1.9
S000005582,-1.84,-2.4 ,-3.47,-2.84,-2.74,-2.18,-0.45,-0.3
S000005589,-0.42,-0.58,-1.51,-2.56,-2.0 ,-1.09,-0.84,-0.89
S000005591,0.79 ,2.19 ,2.21 ,1.63 ,1.66 ,1.41 ,0.55 ,0.42
S000005604,-1.79,-2.18,-2.64,-1.6 ,-1.69,-1.32,-0.2 ,0.36
S000005617,-0.97,-2.56,-3.18,-2.74,-1.25,-0.58,0.26 ,0.25
S000005621,-1.12,-3.06,-4.64,-4.32,-3.84,-2.47,-1.56,-1.12
S000005622,-0.47,-1.64,-2.47,-2.12,-2.12,-1.69,-0.71,-0.38
S000005624,-0.86,-2.18,-1.43,-0.76,-1.0 ,-0.74,0.04 ,0.03
S000005627,-1.09,-2.18,-2.12,-2.18,-1.79,-1.69,-1.09,-0.81
S000005634,-0.81,-2.25,-1.94,-1.69,-1.6 ,-1.03,-0.69,-0.49
S000005642,-0.69,-2.13,-0.46,-1.08,-1.4 ,-0.49,-0.68,-1.43
S000005646,0.89 ,2.22 ,3.41 ,3.5  ,3.23 ,2.28 ,1.12 ,0.97
S000005647,0.23 ,1.94 ,2.0  ,2.4  ,2.22 ,0.9  ,0.0  ,-0.38
S000005662,1.12 ,1.87 ,2.55 ,2.74 ,2.69 ,1.82 ,1.04 ,0.82
S000005666,-1.18,-1.64,-0.84,-0.71,-0.69,-0.23,-0.29,-0.6
S000005671,-2.06,-3.47,-4.06,-3.84,-3.18,-1.94,-0.64,-0.29
S000005672,-1.89,-2.84,-3.47,-2.74,-2.56,-1.22,-0.43,-0.56
S000005681,0.12 ,1.2  ,1.66 ,1.33 ,1.09 ,1.03 ,0.06 ,0.07
S000005687,1.82 ,3.07 ,3.8  ,3.05 ,2.53 ,2.28 ,0.11 ,0.67
S000005693,-0.17,-0.3 ,-1.36,-1.94,-1.89,-2.25,-0.81,-0.76
S000005694,-0.34,-2.0 ,-1.43,-1.03,-0.89,-0.79,-0.34,-0.42
S000005707,1.08 ,0.91 ,1.7  ,1.3  ,1.2  ,1.21 ,0.08 ,0.16
S000005708,-0.51,-1.03,-1.94,-1.4 ,-1.36,-1.69,-0.67,-0.25
S000005711,0.77 ,1.74 ,2.33 ,1.79 ,2.36 ,1.85 ,0.73 ,0.41
S000005714,-0.92,-2.06,-1.64,-1.22,-1.22,-0.64,-0.09,0.2
S000005730,-0.94,-2.18,-1.22,-1.03,-1.15,-1.03,-0.71,-0.51
S000005732,-1.64,-3.84,-5.64,-3.84,-3.47,-2.18,-0.76,-0.56
S000005733,-0.47,-2.25,-2.25,-2.32,-1.56,-0.92,-0.3 ,-0.51
S000005736,-0.34,-1.29,-1.94,-1.22,-1.09,-1.18,-0.15,0.0
S000005738,-1.25,-1.79,-1.32,-0.92,-0.97,-1.0 ,-0.58,-0.58
S000005739,-1.47,-0.97,-1.32,-1.89,-1.25,-1.09,-1.12,-0.92
S000005756,0.79 ,1.05 ,1.38 ,1.64 ,1.22 ,0.89 ,0.93 ,0.99
S000005763,-1.32,0.04 ,-2.0 ,-1.15,-1.12,-0.51,0.03 ,-0.51
S000005767,-0.27,-0.51,-0.49,-0.4 ,-0.34,1.75 ,0.06 ,0.15
S000005769,-1.47,-3.64,-3.84,-3.32,-3.06,-2.32,-1.51,-1.22
S000005773,-0.47,-0.62,-0.89,-1.4 ,-1.79,-1.09,-0.56,-0.81
S000005778,-1.18,-1.74,-2.56,-1.89,-1.74,-0.89,-0.6 ,-0.06
S000005786,-0.86,-1.79,-1.29,-1.15,-1.09,-0.89,-0.25,-0.07
S000005793,2.04 ,1.66 ,2.09 ,1.69 ,1.19 ,0.72 ,0.55 ,0.46
S000005799,3.71 ,3.04 ,3.58 ,3.07 ,2.5  ,1.3  ,0.87 ,1.37
S000005802,-0.42,-0.97,-1.94,-1.64,-1.84,-1.6 ,-0.89,-0.36
S000005803,-0.34,-0.69,-1.89,-2.06,-1.74,-1.6 ,-1.09,-0.62
S000005811,0.43 ,1.74 ,2.05 ,1.76 ,2.14 ,2.18 ,0.75 ,0.72
S000005813,-1.15,-2.12,-4.06,-2.18,-1.79,-2.18,-0.32,0.5
S000005814,0.7  ,0.96 ,1.58 ,1.76 ,1.52 ,1.1  ,1.02 ,0.63
S000005818,0.63 ,1.02 ,1.66 ,1.32 ,1.11 ,0.8  ,0.51 ,-0.04
S000005819,-0.36,-1.18,-2.47,-2.47,-1.84,-1.84,-0.89,-0.6
S000005820,-2.56,-4.32,-4.64,-3.84,-3.47,-2.4 ,-1.15,-0.81
S000005822,-0.76,-2.06,-0.3 ,0.12 ,-1.18,0.03 ,0.18 ,-0.23
S000005836,-1.4 ,-4.32,-5.06,-4.32,-3.18,-1.94,-1.47,-1.69
S000005862,-0.51,-2.32,-2.06,-2.32,-2.06,-1.94,-1.0 ,-0.92
S000005868,-0.67,-1.43,-0.56,-2.06,-0.14,-0.97,-0.97,-1.12
S000005874,1.43 ,2.91 ,3.15 ,2.51 ,2.28 ,2.2  ,1.15 ,0.72
S000005886,-2.06,-0.47,-2.56,-1.89,-2.06,-1.29,-0.94,-0.79
S000005888,-0.62,-0.56,-1.84,-2.0 ,-1.15,-0.71,-0.58,-0.47
S000005896,0.08 ,-0.22,-1.6 ,-2.12,-2.06,-1.09,-1.12,-0.56
S000005910,0.86 ,2.48 ,2.99 ,2.81 ,2.43 ,2.18 ,1.09 ,0.91
S000005925,1.45 ,2.18 ,2.85 ,2.49 ,1.89 ,0.5  ,-0.06,0.0
S000005964,-1.09,-3.32,-4.32,-4.06,-3.18,-1.51,-1.4 ,-0.92
S000005965,-1.84,-3.64,-4.32,-2.84,-2.56,-2.32,-0.92,-0.84
S000005982,1.32 ,2.04 ,2.13 ,1.91 ,1.28 ,0.96 ,-0.29,0.28
S000005989,-1.22,-1.56,-2.12,-1.56,-1.79,-0.81,0.03 ,0.11
S000006007,-0.81,-2.64,-2.56,-1.51,-1.69,-1.18,0.2  ,0.11
S000006014,-2.94,-5.64,-5.64,-4.64,-3.06,-2.0 ,-0.6 ,-0.47
S000006022,-1.36,-1.25,-1.64,-1.47,-1.25,-0.64,-0.94,-1.06
S000006032,1.42 ,2.19 ,1.91 ,1.71 ,0.69 ,-0.2 ,0.1  ,0.36
S000006047,-0.81,-3.64,-4.06,-2.0 ,-3.32,0.11 ,0.25 ,-0.23
S000006063,-0.27,-1.15,-2.06,-1.94,-1.64,-1.64,-0.49,-0.92
S000006067,-1.74,-2.74,-3.32,-2.47,-1.94,-2.18,-0.56,-0.32
S000006075,0.51 ,1.35 ,2.0  ,1.93 ,1.5  ,1.36 ,0.79 ,0.37
S000006078,-0.56,-0.6 ,-0.67,-1.4 ,-1.29,-2.06,-0.6 ,-0.89
S000006081,-0.29,-2.2 ,-1.84,-1.54,-1.26,-1.18,-0.47,-0.6
S000006084,-0.34,-1.32,-2.4 ,-2.84,-2.47,-0.84,-0.4 ,-0.94
S000006104,-1.29,-3.32,-2.74,-2.18,-2.18,-1.03,-0.47,-0.86
S000006117,0.79 ,1.51 ,1.44 ,1.77 ,1.55 ,0.16 ,0.29 ,0.45
S000006119,-0.49,-1.43,-2.18,-1.79,-1.74,-1.74,-0.76,-0.64
S000006128,-1.03,-2.64,-3.47,-2.94,-2.47,-1.36,-1.06,-0.97
S000006132,-0.76,-2.84,-4.64,-4.06,-3.06,-2.64,-1.29,-1.09
S000006141,-0.29,-1.36,-2.06,-2.47,-2.32,-2.06,-1.09,-0.79
S000006147,-1.08,-4.08,-3.66,-3.06,-2.48,-1.48,-0.98,-1.0
S000006151,2.79 ,3.36 ,4.78 ,4.59 ,3.55 ,2.08 ,1.78 ,1.42
S000006152,-0.39,-2.05,-1.7 ,-1.74,-1.68,-0.94,-0.67,-0.38
S000006158,-0.49,-2.0 ,-2.4 ,-1.89,-1.69,-1.6 ,-1.0 ,-0.74
S000006159,-0.67,-2.12,-2.4 ,-1.69,-1.51,-1.56,-0.97,-0.81
S000006161,1.37 ,2.62 ,2.79 ,3.1  ,2.71 ,1.96 ,2.57 ,2.17
S000006166,-0.86,-1.6 ,-2.0 ,-2.25,-1.89,-0.84,-0.64,-0.47
S000006173,-1.47,-2.25,-1.4 ,-1.15,-0.84,-0.17,-0.36,-0.56
S000006184,-0.14,-1.38,-1.94,-1.6 ,-1.4 ,-0.79,-0.02,0.29
S000006186,1.05 ,1.11 ,2.28 ,1.95 ,1.82 ,1.66 ,0.33 ,0.71
S000006187,-0.76,-2.94,-4.32,-3.18,-2.94,-1.69,-0.74,-0.29
S000006188,-0.22,-0.2 ,-2.12,-1.4 ,-0.47,-0.42,0.58 ,0.74
S000006194,-0.42,-1.22,-2.18,-2.23,-1.71,-1.19,-0.7 ,-0.51
S000006214,-0.73,-2.71,-3.45,-2.93,-2.61,-1.53,-0.8 ,-0.69
S000006220,-0.79,-1.61,-2.14,-1.97,-1.29,-1.69,-1.62,-1.89
S000006237,-0.62,-1.74,-1.69,-1.64,-1.18,-1.09,-0.2 ,-0.2
S000006245,-0.66,-1.92,-1.45,-1.14,-1.24,-1.07,-0.59,-0.76
S000006247,-0.56,-1.0 ,-1.89,-1.89,-1.6 ,-1.74,-1.12,-0.89
S000006248,-0.13,-0.79,-1.59,-1.99,-1.89,-1.79,-1.17,-0.82
S000006252,-1.0 ,-2.18,-2.06,-2.0 ,-1.51,-0.74,-0.58,-0.27
S000006255,-0.17,-0.94,-1.22,-0.6 ,-0.32,-1.74,-0.49,-0.4
S000006262,-0.67,-0.81,-1.47,-1.89,-1.74,-0.74,-0.43,-0.79
S000006322,-0.49,-1.22,-2.12,-2.0 ,-1.64,-1.51,-0.92,-0.89
S000006324,-0.74,-1.25,-2.74,-1.74,-1.74,-0.69,-0.49,-0.92
S000006340,-1.4 ,-1.52,-1.19,-1.49,-1.94,-1.09,-0.56,-0.51
S000006341,-1.89,-2.74,-2.64,-1.84,-1.64,-1.36,-0.4 ,-0.09
S000006346,-1.74,-2.64,-3.32,-2.47,-2.12,-1.36,-0.67,-0.27
S000006347,-2.12,-3.18,-3.32,-2.18,-1.89,-2.25,-0.56,-0.01
S000006348,-1.56,-2.25,-4.64,-4.32,-3.32,-1.29,-0.81,-0.69
S000006353,1.08 ,2.13 ,2.26 ,2.05 ,1.44 ,1.01 ,0.56 ,0.67
S000006374,0.4  ,0.65 ,-0.43,-0.74,-0.86,1.91 ,-0.69,-0.51
S000006394,-0.49,-2.32,-2.32,-2.25,-1.84,-1.09,-0.51,-0.56
