gene_id   ,30   ,60   ,120  ,240  ,480  ,720  ,1440 ,2880 ,4320 ,7200
S000000005,-0.42,-0.3 ,-0.38,-0.22,-0.81,-1.15,-1.6 ,-1.89,-2.06,-2.4
S000000010,1.94 ,1.62 ,0.32 ,0.04 ,-2.06,-2.64,-2.84,-2.47,-2.47,-2.12
S000000021,-0.53,-0.8 ,-0.57,-0.27,-1.79,-1.46,-1.94,-1.65,-1.99,-3.18
S000000023,-2.47,-1.47,-0.04,0.26 ,-1.09,-0.43,-1.32,-0.67,-0.56,-0.74
S000002134,0.41 ,0.3  ,0.0  ,-0.1 ,1.17 ,2.22 ,2.16 ,2.14 ,1.82 ,1.23
S000000033,-1.6 ,-0.8 ,-0.76,-0.52,-2.23,-2.02,-2.69,-2.47,-2.38,-2.56
S000000050,0.37 ,0.03 ,-0.25,-0.23,-0.07,0.69 ,2.13 ,2.15 ,2.48 ,1.52
S000000051,0.82 ,0.74 ,0.39 ,0.45 ,0.91 ,1.16 ,2.37 ,1.86 ,2.58 ,2.33
S000000057,0.67 ,0.34 ,-0.12,-0.03,2.52 ,1.64 ,2.19 ,1.26 ,1.45 ,1.18
S000000062,2.24 ,1.84 ,0.87 ,-0.01,-0.32,-0.22,-0.17,-0.1 ,1.06 ,0.87
S000000067,0.31 ,0.78 ,0.77 ,0.69 ,0.27 ,0.0  ,-1.31,-2.46,-2.46,-2.43
S000000091,0.52 ,0.57 ,-0.15,0.14 ,2.58 ,1.55 ,-0.81,-0.69,-0.67,-0.81
S000000095,-1.32,-1.69,-1.12,-0.17,-2.64,-2.64,-3.84,-3.64,-4.06,-4.06
S000002145,-1.94,-2.47,-1.36,-0.49,-2.84,-3.06,-3.84,-3.84,-3.84,-3.84
S000000101,0.93 ,2.36 ,1.9  ,1.7  ,1.51 ,0.82 ,-1.94,-2.84,-3.64,-4.06
S000002146,0.26 ,1.57 ,1.57 ,1.18 ,1.31 ,0.55 ,-1.74,-2.94,-3.18,-3.47
S000000123,-0.94,-1.79,-0.32,0.68 ,-2.32,-0.89,-0.58,-0.38,-0.1 ,-0.34
S000000125,0.58 ,0.26 ,0.37 ,0.69 ,1.29 ,2.23 ,2.32 ,2.14 ,2.43 ,2.25
S000000135,-2.32,-2.84,-0.92,-0.07,-2.64,-1.84,-2.56,-2.12,-3.32,-3.06
S000000138,-2.64,-3.18,-2.06,-1.29,-1.84,-1.12,-1.43,-1.36,-1.47,-1.32
S000000139,-0.62,0.72 ,-0.23,0.16 ,2.31 ,3.21 ,2.87 ,2.85 ,2.77 ,3.12
S000000144,0.57 ,0.18 ,0.07 ,0.11 ,2.29 ,2.74 ,3.35 ,3.71 ,3.32 ,2.8
S000000145,0.49 ,0.74 ,0.31 ,0.12 ,2.52 ,3.13 ,4.31 ,4.15 ,4.1  ,4.83
S000000150,-2.32,-1.74,-0.49,-0.14,-1.12,0.18 ,0.15 ,0.41 ,0.49 ,0.79
S000000160,2.02 ,1.68 ,0.99 ,0.07 ,3.29 ,3.2  ,2.95 ,3.15 ,3.06 ,3.08
S000000168,-1.18,-2.25,-1.06,0.21 ,-3.47,-2.32,-1.6 ,-1.56,-1.47,-1.47
S000000171,0.12 ,-0.43,-0.64,-0.64,-0.06,1.71 ,2.79 ,2.05 ,2.16 ,3.06
S000000172,-1.0 ,-0.94,-0.51,-0.4 ,-2.56,-2.84,-2.94,-2.94,-3.32,-3.18
S000000173,-0.71,-0.92,-0.07,-0.09,-2.18,-2.4 ,-2.18,-2.25,-2.25,-2.4
S000000174,2.26 ,2.14 ,1.08 ,0.31 ,3.22 ,3.33 ,3.57 ,3.63 ,3.27 ,3.29
S000000183,-1.94,-2.32,-1.29,-0.14,-2.74,-1.74,-1.79,-1.43,-1.18,-1.32
S000000188,-1.51,-1.84,-0.89,-0.01,-2.94,-1.47,-1.15,-0.94,-0.47,-0.92
S000000191,0.21 ,0.24 ,0.81 ,0.69 ,1.48 ,1.89 ,1.93 ,1.83 ,2.17 ,1.62
S000002148,0.57 ,2.33 ,1.76 ,1.2  ,0.89 ,0.58 ,-1.79,-2.47,-2.64,-2.56
S000000210,1.58 ,0.95 ,0.26 ,-0.54,2.12 ,2.75 ,3.17 ,2.77 ,2.93 ,2.67
S000002154,0.91 ,1.62 ,1.68 ,1.71 ,1.1  ,0.63 ,-2.18,-2.94,-3.84,-3.84
S000002155,0.59 ,1.04 ,1.34 ,1.24 ,0.7  ,0.36 ,-1.69,-3.06,-3.84,-3.84
S000000221,-0.94,-0.51,-0.42,-0.29,-1.47,-1.36,-2.4 ,-1.69,-2.18,-1.94
S000000227,-0.56,-0.84,-0.56,-0.49,-1.47,-1.74,-2.06,-2.12,-1.89,-1.84
S000000229,-1.0 ,-2.12,-1.29,-0.29,-2.74,-1.22,-0.6 ,-0.79,-0.81,-0.84
S000000235,-1.64,-2.84,-1.51,-0.14,-3.32,-2.18,-2.0 ,-2.0 ,-2.0 ,-1.74
S000000238,-2.12,-2.18,-0.58,-0.01,-1.25,-0.03,-0.42,-0.54,-0.84,-1.22
S000000244,-1.43,-1.18,-0.36,-2.06,-2.64,-2.47,-3.47,-3.06,-3.32,-3.84
S000000251,0.92 ,0.58 ,0.2  ,-0.25,1.21 ,2.03 ,3.12 ,2.68 ,2.56 ,2.61
S000000252,-1.7 ,-2.69,-1.35,-0.1 ,-3.84,-2.52,-2.12,-1.79,-1.76,-1.67
S000000258,-2.0 ,-2.56,-1.84,-1.36,0.59 ,2.17 ,2.41 ,1.57 ,1.73 ,1.82
S000000266,0.67 ,0.65 ,0.58 ,0.24 ,0.88 ,1.04 ,1.76 ,2.07 ,1.97 ,2.24
S000000271,-2.0 ,-2.12,-0.32,-1.06,-0.62,-1.15,-2.0 ,-3.64,-4.06,-4.64
S000000272,-1.79,-2.32,-2.94,-3.84,-2.4 ,-2.25,-2.0 ,-1.74,-1.89,-1.6
S000000273,-4.06,-2.74,-3.64,-4.32,-4.06,-3.84,-4.64,-4.64,-4.64,-5.64
S000000276,0.3  ,0.26 ,0.08 ,-0.42,4.62 ,5.34 ,5.71 ,5.68 ,5.97 ,5.26
S000000288,-2.0 ,-1.56,-1.22,-0.2 ,-2.74,-2.32,-3.32,-2.74,-3.32,-2.47
S000000296,-2.56,-2.94,-2.4 ,-2.4 ,-2.64,-2.32,-2.47,-2.64,-2.74,-2.94
S000000297,-2.64,-2.47,-2.12,-1.94,-2.56,-1.94,-2.06,-2.47,-1.84,-2.25
S000000303,-1.09,-0.42,-0.47,-0.34,0.14 ,1.22 ,2.15 ,2.16 ,2.71 ,2.44
S000000309,0.34 ,0.23 ,0.83 ,0.53 ,1.9  ,3.3  ,2.63 ,2.84 ,2.42 ,2.75
S000000320,0.14 ,-0.43,-0.36,-0.54,1.97 ,4.0  ,4.26 ,2.83 ,4.11 ,3.81
S000000321,-0.4 ,-0.64,-0.32,-0.34,1.42 ,3.36 ,2.68 ,1.48 ,3.22 ,2.75
S000000325,-0.97,-1.12,-0.4 ,-0.09,-1.94,-2.47,-2.94,-2.94,-3.06,-3.06
S000000351,3.42 ,4.02 ,2.95 ,2.1  ,3.87 ,3.49 ,4.15 ,3.55 ,4.04 ,4.0
S000000353,1.58 ,1.38 ,0.86 ,-0.03,2.17 ,1.45 ,0.88 ,0.86 ,0.69 ,0.74
S000000361,1.27 ,0.74 ,0.16 ,0.15 ,1.04 ,2.42 ,3.44 ,2.52 ,2.93 ,3.01
S000000362,0.08 ,-0.62,-0.92,-0.1 ,0.04 ,-2.0 ,-2.56,-2.47,-2.56,-2.64
S000000366,-0.67,-0.69,-0.07,0.25 ,0.2  ,-2.32,-3.18,-2.74,-2.32,-2.18
S000000373,0.8  ,0.46 ,-0.06,-0.51,1.69 ,2.28 ,2.25 ,1.63 ,1.93 ,1.73
S000000385,-1.22,-1.84,-0.67,0.49 ,-2.94,-1.74,-1.06,-1.0 ,-0.74,-1.0
S000000393,-1.79,-2.25,-0.89,0.28 ,-3.18,-1.84,-1.47,-1.36,-1.43,-1.29
S000000395,-1.43,-2.56,-1.06,0.24 ,-3.32,-1.84,-1.18,-0.86,-0.94,-1.03
S000000417,0.11 ,2.68 ,-0.45,-0.3 ,-0.4 ,-0.06,-0.07,-0.03,-0.58,-0.06
S000000434,1.36 ,0.53 ,0.0  ,-0.51,2.05 ,2.26 ,1.6  ,1.56 ,1.79 ,1.67
S000000442,-2.47,-1.69,-1.51,-0.97,-2.25,-2.18,-2.74,-2.84,-2.94,-2.74
S000000451,-2.84,-2.4 ,-1.06,0.03 ,-1.51,-0.89,-0.71,-0.62,-0.79,-0.81
S000000453,-0.34,-0.62,0.36 ,0.51 ,-2.18,-1.94,-1.79,-1.74,-1.79,-1.64
S000000473,0.81 ,0.69 ,0.53 ,0.18 ,1.97 ,1.81 ,1.82 ,1.92 ,2.26 ,1.87
S000000474,0.14 ,0.65 ,0.43 ,0.51 ,1.36 ,1.48 ,2.31 ,2.16 ,2.35 ,2.54
S000000489,2.38 ,2.03 ,0.56 ,0.57 ,2.17 ,1.6  ,2.48 ,1.18 ,1.78 ,1.06
S000000495,1.91 ,2.64 ,2.4  ,2.18 ,0.48 ,1.04 ,0.96 ,0.88 ,1.02 ,0.82
S000000498,5.49 ,4.85 ,5.12 ,4.93 ,0.65 ,0.99 ,1.24 ,1.19 ,1.4  ,1.88
S000000520,-0.51,-0.47,-0.17,-0.3 ,-0.54,-1.18,-2.12,-2.0 ,-2.64,-2.06
S000000523,3.54 ,1.51 ,3.28 ,2.32 ,-0.45,0.0  ,0.91 ,0.63 ,0.41 ,1.06
S000000524,0.78 ,1.52 ,1.42 ,1.25 ,0.4  ,-0.04,-1.84,-2.4 ,-2.84,-2.32
S000000525,1.14 ,1.61 ,1.8  ,1.25 ,0.36 ,-0.03,-1.36,-2.32,-2.32,-1.06
S000000530,2.25 ,-0.86,-3.32,-3.47,-3.47,-2.25,-2.06,-1.79,-1.89,-1.79
S000000532,0.93 ,0.46 ,0.1  ,-0.54,-0.79,-1.79,-2.94,-2.95,-3.51,-3.84
S000000535,2.52 ,2.79 ,3.0  ,2.13 ,-1.47,-1.4 ,-1.79,-1.79,-1.79,-1.56
S000000538,0.54 ,0.25 ,0.41 ,-0.15,1.51 ,1.46 ,1.65 ,2.14 ,2.57 ,2.51
S000000540,2.03 ,1.66 ,1.3  ,0.57 ,2.35 ,2.06 ,2.12 ,2.27 ,2.02 ,2.1
S000000542,-3.06,-2.84,-1.18,-0.6 ,-3.32,-2.32,-3.06,-3.64,-3.84,-3.47
S000000551,-0.34,-0.58,-0.47,-0.49,-0.69,-1.6 ,-1.69,-2.12,-2.0 ,-2.0
S000000553,-0.3 ,-0.29,-0.24,-0.27,0.73 ,1.62 ,2.49 ,1.9  ,1.79 ,1.72
S000000559,-2.64,-1.6 ,-0.43,-0.3 ,-1.74,-1.03,-1.79,-1.47,-1.51,-1.69
S000000564,-2.18,-1.69,-0.04,0.14 ,-1.22,-0.29,-0.51,0.01 ,0.33 ,-0.03
S000000569,-4.64,-3.06,-4.64,-4.32,-2.74,-1.89,-1.32,-1.15,-0.86,-1.18
S000000598,2.24 ,2.17 ,3.0  ,2.29 ,-1.4 ,-1.18,-1.56,-1.15,-0.71,-0.56
S000000614,-0.04,0.18 ,0.03 ,0.23 ,0.66 ,1.19 ,1.75 ,1.72 ,2.16 ,2.02
S000000615,-3.06,-2.94,-1.74,-2.74,-2.18,2.28 ,4.46 ,4.57 ,4.38 ,4.53
S000000627,-2.25,-2.94,-1.51,-0.22,-3.47,-2.47,-2.0 ,-1.69,-1.47,-1.36
S000000630,-1.79,-1.6 ,-0.64,-0.25,-2.06,-2.56,-2.74,-2.64,-3.32,-3.18
S000000635,1.67 ,1.07 ,1.1  ,0.77 ,1.32 ,1.37 ,1.74 ,2.03 ,2.15 ,2.32
S000000653,-2.84,-2.64,-1.09,-0.34,-2.18,-1.79,-2.12,-2.25,-2.56,-1.94
S000000668,-3.32,-2.32,-0.6 ,-0.25,-1.51,-0.45,-1.4 ,-1.4 ,-1.51,-1.56
S000000679,0.52 ,0.07 ,0.1  ,-0.07,0.96 ,1.5  ,2.02 ,1.84 ,2.22 ,2.18
S000000685,-0.64,-0.42,-0.64,-1.56,-1.89,-1.69,-1.69,-2.47,-2.12,-1.4
S000002161,-0.14,1.21 ,1.21 ,1.33 ,0.23 ,-2.32,-2.25,-2.0 ,-2.0 ,-2.25
S000002172,-2.06,-1.94,-1.29,-0.58,-2.64,-2.47,-3.06,-3.18,-3.18,-3.18
S000002178,0.54 ,0.06 ,-0.14,-0.23,0.82 ,1.58 ,2.59 ,2.35 ,2.51 ,2.32
S000002179,2.14 ,2.12 ,2.11 ,0.77 ,3.02 ,2.52 ,3.09 ,2.5  ,2.77 ,2.83
S000002182,0.52 ,0.72 ,0.33 ,-0.29,2.2  ,3.55 ,3.9  ,3.99 ,3.77 ,3.91
S000002196,-1.79,-0.79,-2.4 ,-2.84,-1.18,0.1  ,0.21 ,-0.04,-0.43,-0.62
S000002197,-2.74,-1.89,-1.69,-2.64,-1.89,0.1  ,-0.04,-0.27,-0.43,-0.79
S000002206,-2.18,-2.25,-2.32,-2.06,-0.47,0.86 ,0.67 ,0.84 ,0.38 ,0.43
S000002213,-1.18,-0.92,-0.34,-0.1 ,-0.86,-2.47,-2.84,-2.56,-2.32,-2.47
S000002215,0.49 ,0.26 ,-0.04,-0.03,1.06 ,1.77 ,1.49 ,2.02 ,2.28 ,2.3
S000002217,3.15 ,2.13 ,1.09 ,1.22 ,0.62 ,0.25 ,0.34 ,1.08 ,2.41 ,1.68
S000002219,-2.18,-2.4 ,-1.15,-0.1 ,-2.84,-2.0 ,-1.94,-1.56,-1.4 ,-1.22
S000002221,-2.84,-0.97,-0.3 ,0.1  ,-1.51,-0.71,-1.03,-0.69,-0.76,-0.38
S000002233,-1.06,-2.0 ,-0.49,0.31 ,-3.06,-1.94,-1.12,-1.12,-0.43,-0.6
S000002239,-1.64,-2.56,-1.09,-0.45,-3.18,-2.25,-2.56,-2.47,-2.32,-2.32
S000002240,-1.22,-1.94,-0.79,0.33 ,-3.18,-2.12,-1.12,-1.06,-1.18,-1.09
S000002241,-2.18,-2.56,-1.06,-0.3 ,-3.18,-2.47,-2.18,-2.0 ,-1.47,-1.43
S000002242,-0.49,-0.62,-0.2 ,0.01 ,-1.25,-2.12,-2.0 ,-2.12,-2.56,-2.32
S000002253,-1.09,-0.76,-0.54,-0.29,-1.84,-2.47,-2.84,-2.47,-2.47,-2.32
S000002254,-0.43,-0.84,-0.51,-0.23,-1.56,-2.18,-2.25,-2.47,-2.84,-2.56
S000002282,2.28 ,1.94 ,1.06 ,0.06 ,1.51 ,1.63 ,1.16 ,1.1  ,0.97 ,0.67
S000002287,-1.51,-0.89,-0.79,-0.56,0.51 ,1.31 ,1.84 ,1.8  ,2.34 ,2.26
S000002289,1.43 ,3.38 ,2.85 ,1.97 ,0.42 ,0.49 ,0.11 ,0.16 ,0.2  ,-0.1
S000002298,0.72 ,1.07 ,0.73 ,0.58 ,1.08 ,0.97 ,1.61 ,1.88 ,2.11 ,2.08
S000002304,-0.55,-0.26,-0.33,-0.37,-0.87,-1.15,-2.11,-2.84,-1.68,-1.78
S000002307,-3.06,-2.0 ,-0.29,0.21 ,-2.56,-1.4 ,-1.79,-1.22,-2.06,-2.0
S000002308,1.15 ,0.94 ,0.28 ,0.18 ,1.37 ,1.81 ,1.85 ,1.95 ,2.21 ,1.78
S000002310,-2.25,-1.12,-0.29,0.1  ,-1.69,-1.06,-1.4 ,-0.81,-0.74,-0.89
S000002312,-3.06,-1.69,-0.09,0.33 ,-1.79,-1.06,-1.4 ,-0.6 ,-0.58,-0.79
S000002322,-0.79,-0.14,-0.25,0.01 ,-1.03,-1.56,-2.12,-1.64,-1.94,-1.69
S000002326,-3.18,-2.06,-0.27,0.25 ,-1.89,-1.06,-2.0 ,-1.22,-2.4 ,-1.47
S000002328,0.85 ,2.28 ,1.31 ,0.61 ,3.47 ,2.47 ,2.7  ,2.86 ,3.77 ,3.75
S000002329,1.01 ,1.87 ,1.76 ,1.79 ,1.69 ,1.78 ,2.25 ,2.48 ,2.72 ,2.62
S000002341,2.05 ,3.24 ,3.09 ,2.17 ,-0.1 ,0.29 ,0.34 ,0.21 ,0.25 ,0.06
S000002342,1.12 ,2.05 ,1.1  ,0.82 ,1.03 ,1.75 ,2.05 ,2.21 ,2.29 ,2.42
S000002356,0.33 ,0.57 ,0.49 ,0.47 ,0.59 ,0.93 ,1.95 ,1.85 ,2.02 ,2.2
S000002359,0.51 ,1.02 ,1.08 ,0.7  ,1.52 ,1.69 ,1.98 ,2.37 ,2.71 ,2.79
S000002363,2.54 ,1.84 ,0.32 ,-0.76,3.91 ,4.73 ,4.93 ,5.0  ,4.8  ,4.61
S000002374,-0.19,0.6  ,-0.11,-0.28,2.54 ,0.57 ,1.01 ,0.41 ,0.21 ,0.77
S000002377,0.24 ,-0.01,-0.18,-0.23,0.72 ,2.26 ,4.23 ,4.31 ,4.17 ,2.86
S000002382,0.9  ,0.74 ,-0.12,-0.47,2.28 ,4.78 ,3.84 ,3.67 ,3.94 ,3.92
S000002397,1.65 ,1.32 ,0.79 ,0.16 ,2.2  ,0.86 ,1.17 ,1.06 ,1.48 ,1.07
S000002402,0.15 ,0.07 ,-0.11,-0.11,0.16 ,0.41 ,1.06 ,1.1  ,2.19 ,1.9
S000002419,-1.47,-2.94,-1.4 ,-0.36,-3.06,-2.06,-1.69,-2.12,-1.89,-1.94
S000002426,2.63 ,3.05 ,2.8  ,2.94 ,0.68 ,0.31 ,0.33 ,-0.06,-0.06,-0.32
S000002429,0.93 ,0.57 ,0.67 ,0.38 ,1.45 ,1.91 ,2.01 ,2.45 ,2.53 ,1.77
S000002430,-0.38,-0.62,-0.07,0.07 ,-1.74,-2.0 ,-2.32,-2.25,-2.0 ,-1.89
S000002432,-1.84,-2.64,-1.29,-0.22,-3.84,-2.64,-2.25,-2.18,-1.79,-1.79
S000002437,-0.22,-0.06,0.29 ,-0.27,0.06 ,0.89 ,0.62 ,1.1  ,1.96 ,2.94
S000002440,-2.18,-1.94,-0.86,-0.36,-0.2 ,-0.49,-1.06,-1.94,-2.47,-2.32
S000002444,-0.84,-0.79,0.12 ,0.0  ,-2.25,-2.18,-2.74,-2.4 ,-2.74,-2.47
S000002450,-0.3 ,-0.38,-0.27,-0.25,0.57 ,1.18 ,2.0  ,1.89 ,2.12 ,2.03
S000002453,-1.25,-3.47,-3.18,-2.74,-3.18,-2.64,-2.56,-2.56,-3.64,-3.32
S000002466,0.63 ,0.57 ,0.3  ,0.01 ,1.46 ,1.62 ,1.93 ,1.88 ,2.02 ,2.17
S000002467,-1.17,-0.81,-0.36,-0.18,-1.73,-1.53,-2.4 ,-1.77,-2.84,-0.43
S000002469,-0.64,-0.81,-0.69,-0.47,-1.6 ,-2.0 ,-1.94,-2.32,-2.47,-2.32
S000002471,-1.74,-2.32,-1.09,-0.18,-2.94,-2.12,-1.25,-1.12,-1.0 ,-0.54
S000002477,1.26 ,1.09 ,0.57 ,-0.06,3.73 ,4.65 ,4.01 ,4.06 ,3.66 ,3.51
S000002490,-3.06,-1.84,-0.36,0.33 ,-1.79,-0.56,-1.06,-0.6 ,-0.76,-0.58
S000002494,-2.18,-1.09,-0.1 ,0.5  ,-0.84,-0.25,-0.79,-0.36,-0.49,-0.32
S000002498,-2.64,-2.0 ,-1.0 ,-0.47,-2.18,-1.64,-2.25,-2.12,-2.06,-2.06
S000002508,-3.32,-2.94,-1.0 ,-0.22,-2.84,-1.43,-2.25,-1.84,-2.18,-2.18
S000002527,-2.32,-2.18,-0.15,0.29 ,-1.06,-0.36,-0.51,-0.92,-1.18,-1.12
S000002551,-1.36,-1.09,-0.89,-0.62,-1.56,-2.32,-2.74,-2.74,-2.84,-2.47
S000002553,0.74 ,0.59 ,0.89 ,0.42 ,0.33 ,-2.0 ,-1.94,-1.89,-2.47,-2.47
S000002556,0.0  ,0.14 ,-0.54,-0.58,-1.0 ,-1.56,-3.32,-3.64,-4.32,-4.32
S000002565,1.02 ,0.72 ,1.24 ,0.62 ,-1.29,-2.12,-1.69,-2.12,-1.89,-2.06
S000002572,-2.4 ,-1.69,-0.34,-0.06,-1.32,-0.67,-1.18,-0.89,-0.97,-1.12
S000002578,0.44 ,0.08 ,-1.03,-1.69,1.94 ,2.67 ,3.08 ,2.81 ,2.91 ,3.01
S000002592,-2.74,-1.69,-0.2 ,0.46 ,-1.0 ,-0.01,-0.3 ,-0.1 ,-0.23,-0.47
S000002630,-1.94,-2.12,-1.06,-0.49,-1.56,-1.32,0.59 ,0.54 ,0.03 ,-0.3
S000002631,0.06 ,-0.3 ,-0.06,-0.3 ,0.81 ,1.54 ,2.44 ,2.46 ,2.24 ,2.18
S000002650,1.06 ,0.6  ,0.75 ,0.43 ,2.17 ,2.45 ,3.04 ,2.96 ,3.26 ,3.1
S000002661,2.93 ,3.32 ,1.84 ,1.33 ,0.57 ,0.52 ,1.54 ,2.1  ,2.52 ,2.25
S000002664,-0.09,0.11 ,-0.1 ,-0.03,0.45 ,1.48 ,2.19 ,1.88 ,1.72 ,1.45
S000002669,0.24 ,0.03 ,-0.17,-0.34,-0.43,-1.69,-2.56,-2.4 ,-2.4 ,-2.74
S000002670,0.69 ,0.34 ,0.54 ,0.38 ,1.88 ,2.64 ,3.28 ,3.09 ,3.0  ,2.84
S000002683,0.01 ,0.2  ,-0.08,-0.26,1.59 ,2.22 ,2.82 ,2.62 ,3.04 ,2.62
S000002689,-0.15,0.37 ,0.53 ,1.14 ,1.79 ,1.83 ,1.78 ,1.82 ,2.23 ,2.17
S000002707,-3.18,-2.0 ,0.15 ,0.74 ,-1.6 ,-0.38,-0.79,-0.42,-0.67,-0.23
S000002717,-0.09,0.16 ,0.46 ,0.55 ,-0.79,-3.18,-2.84,-2.4 ,-2.56,-2.94
S000002721,0.08 ,0.1  ,0.41 ,0.41 ,2.06 ,2.58 ,3.08 ,3.14 ,3.49 ,3.24
S000002729,-2.4 ,-2.74,-1.4 ,-0.62,-2.74,-2.47,-2.94,-2.94,-2.84,-2.84
S000002732,-2.4 ,-1.06,-0.4 ,0.03 ,-1.84,-1.32,-1.36,-1.6 ,-1.4 ,-1.03
S000002773,-1.09,0.06 ,0.33 ,0.23 ,-1.84,-1.74,-2.64,-2.18,-1.79,-2.25
S000002790,-1.4 ,-2.84,-1.51,0.04 ,-3.47,-2.32,-1.94,-1.94,-2.12,-2.18
S000002792,-0.79,-0.89,0.74 ,0.29 ,-2.25,-2.25,-2.64,-2.56,-2.84,-2.64
S000002793,-1.47,-1.74,-1.06,-0.29,-2.4 ,-2.25,-2.64,-2.84,-2.56,-2.56
S000002803,-1.94,-1.6 ,-0.74,-0.38,-2.25,-1.84,-2.4 ,-1.89,-2.25,-2.0
S000002806,-3.06,-2.64,-0.43,-0.15,-1.47,-0.84,-1.43,-1.12,-1.22,-1.22
S000002825,-2.0 ,-2.74,-1.29,-0.12,-3.47,-2.47,-1.79,-1.74,-1.69,-1.74
S000002826,-1.74,-2.84,-1.22,-0.14,-3.64,-2.47,-1.94,-1.94,-1.79,-2.12
S000002832,0.73 ,0.54 ,0.82 ,0.73 ,1.73 ,1.53 ,1.94 ,2.01 ,2.24 ,1.97
S000002840,0.19 ,-0.42,-1.06,-0.74,-1.6 ,-1.64,-2.47,-2.47,-3.47,-3.47
S000002841,-0.23,-0.94,-1.09,-0.74,-1.69,-2.0 ,-2.56,-2.74,-3.06,-3.47
S000002849,-1.25,-1.15,-0.6 ,-0.04,0.18 ,0.89 ,1.96 ,2.27 ,2.32 ,2.54
S000002855,-1.36,-2.25,-0.84,0.26 ,-2.64,-1.64,-0.81,-0.86,-0.49,-0.49
S000002857,-2.56,-2.0 ,-0.09,0.46 ,-1.51,-0.92,-0.97,-0.64,-1.69,-0.6
S000002858,-1.32,-2.25,-0.94,0.08 ,-3.06,-1.6 ,-1.18,-1.09,-0.6 ,-0.86
S000002869,-0.79,-0.15,0.33 ,0.31 ,1.07 ,-0.23,-1.43,-2.0 ,-2.25,-2.56
S000002873,-3.06,-2.4 ,-0.64,-0.1 ,-1.56,-0.3 ,-1.25,-0.58,-0.92,-0.69
S000002879,-2.0 ,-1.74,-0.42,0.63 ,-2.84,-1.06,-1.0 ,-0.64,-0.4 ,-0.38
S000002882,0.8  ,0.58 ,0.49 ,0.32 ,0.96 ,1.71 ,2.19 ,1.63 ,1.82 ,1.57
S000002904,-3.47,-2.33,-0.44,0.15 ,-2.01,-1.24,-1.79,-1.54,-1.55,-1.54
S000002905,-1.0 ,-0.84,0.26 ,0.0  ,-0.86,-0.23,-2.06,-1.94,-2.25,-2.12
S000002908,-1.51,-2.4 ,-1.09,0.1  ,-3.18,-1.89,-0.56,-0.64,0.51 ,0.2
S000002915,-0.32,0.42 ,0.24 ,0.39 ,-0.81,-2.25,-2.4 ,-2.12,-1.84,-2.06
S000002916,-0.45,-1.25,-1.69,-2.47,-4.32,-3.47,-4.64,-5.06,-5.64,-5.64
S000002924,1.7  ,0.46 ,-0.62,-1.6 ,0.01 ,-1.15,-1.32,-1.74,-1.74,-2.18
S000002941,0.14 ,-0.47,-0.6 ,-0.42,2.66 ,2.79 ,2.68 ,2.02 ,1.81 ,1.44
S000000737,2.55 ,1.88 ,0.68 ,-0.62,3.06 ,2.44 ,2.01 ,1.77 ,1.64 ,1.2
S000000738,1.52 ,1.44 ,0.73 ,0.57 ,1.76 ,2.6  ,3.01 ,2.97 ,3.83 ,3.27
S000000752,-2.47,-2.94,-1.36,-0.3 ,-2.74,-1.79,-1.94,-1.74,-2.56,-2.32
S000000765,0.64 ,0.68 ,-0.07,-0.14,1.12 ,0.69 ,1.23 ,0.91 ,1.66 ,2.19
S000000766,-1.22,-1.15,-0.84,-0.64,-3.18,-3.84,-4.64,-4.64,-5.64,-5.64
S000000767,1.6  ,0.82 ,0.61 ,0.6  ,1.71 ,1.65 ,2.1  ,1.94 ,1.83 ,2.75
S000000768,-1.4 ,-1.64,-0.56,-0.07,-1.4 ,-1.47,-1.69,-1.56,-2.64,-1.64
S000000780,-1.79,-2.74,-1.32,-0.04,-3.84,-2.56,-2.06,-1.94,-2.25,-2.18
S000000786,0.93 ,0.99 ,0.6  ,-0.07,3.04 ,2.78 ,1.76 ,2.03 ,2.21 ,2.05
S000000789,2.05 ,1.51 ,1.0  ,1.46 ,1.79 ,2.17 ,1.84 ,1.45 ,1.28 ,1.31
S000000792,0.34 ,0.58 ,0.99 ,0.6  ,2.18 ,1.87 ,1.4  ,1.04 ,1.56 ,0.92
S000000797,2.22 ,2.41 ,2.68 ,2.14 ,-2.84,-2.84,-3.32,-2.84,-2.74,-2.64
S000000798,2.63 ,3.22 ,2.46 ,2.47 ,1.74 ,1.36 ,1.85 ,2.6  ,2.48 ,2.72
S000000805,-0.42,-0.42,-0.17,-0.15,-0.43,-1.89,-1.89,-1.94,-2.25,-2.4
S000000808,-2.84,-2.32,-0.69,-0.12,-2.06,-1.47,-1.47,-1.36,-1.09,-1.09
S000000822,0.69 ,0.7  ,0.42 ,0.29 ,1.76 ,2.17 ,2.32 ,2.3  ,2.6  ,2.28
S000000826,2.05 ,2.78 ,2.77 ,1.66 ,1.01 ,1.18 ,1.24 ,1.42 ,1.59 ,1.38
S000000839,0.8  ,1.08 ,0.66 ,0.14 ,2.67 ,2.89 ,2.02 ,2.0  ,1.97 ,1.88
S000000840,0.79 ,0.75 ,0.64 ,0.11 ,2.2  ,2.4  ,1.88 ,1.71 ,1.58 ,1.52
S000000841,0.33 ,0.69 ,0.18 ,0.41 ,1.14 ,1.62 ,2.17 ,1.9  ,2.4  ,2.03
S000000844,1.99 ,1.32 ,0.86 ,0.65 ,0.51 ,0.7  ,1.36 ,1.24 ,2.3  ,2.17
S000000845,-0.58,-0.89,-0.47,-0.3 ,-2.4 ,-2.0 ,-3.18,-3.32,-3.84,-4.06
S000000847,0.4  ,0.0  ,0.21 ,0.2  ,2.17 ,3.23 ,3.43 ,3.41 ,3.36 ,3.62
S000000848,0.92 ,0.53 ,-0.15,0.21 ,1.69 ,2.08 ,2.33 ,2.4  ,3.14 ,2.96
S000000856,2.13 ,0.79 ,-0.22,-0.29,2.54 ,0.8  ,3.46 ,1.72 ,1.33 ,3.19
S000002135,-0.97,-2.25,-0.89,0.38 ,-3.47,-1.94,-1.15,-1.03,-0.79,-0.89
S000000866,-1.89,-2.64,-2.12,-1.89,-2.18,-1.94,-2.06,-1.64,-2.64,-2.74
S000000867,0.99 ,0.38 ,0.43 ,0.31 ,1.26 ,1.52 ,1.83 ,2.02 ,2.18 ,1.7
S000000869,1.18 ,0.71 ,-0.47,-1.56,1.42 ,-0.74,-2.18,-2.4 ,-2.47,-2.32
S000000871,3.39 ,3.53 ,2.79 ,2.58 ,1.18 ,0.49 ,-0.06,-0.15,-0.04,-0.12
S000000872,-1.43,-0.1 ,-0.34,0.44 ,-0.86,-3.18,-3.32,-2.94,-3.84,-3.84
S000000876,-1.29,-2.32,-1.06,0.11 ,-3.64,-2.18,-1.56,-1.32,-1.15,-1.29
S000000881,1.51 ,0.85 ,0.88 ,0.07 ,2.45 ,2.37 ,2.67 ,2.6  ,2.34 ,2.24
S000000883,4.42 ,3.9  ,3.58 ,2.65 ,0.32 ,0.04 ,-0.07,0.03 ,0.16 ,0.12
S000000893,3.1  ,3.37 ,2.93 ,2.51 ,-1.15,-0.97,-1.69,-1.64,-1.69,-1.89
S000000898,0.56 ,0.14 ,0.14 ,0.08 ,1.99 ,2.63 ,3.25 ,2.75 ,2.84 ,2.85
S000000904,-1.29,-2.4 ,-1.0 ,0.24 ,-3.32,-2.25,-1.4 ,-1.25,-1.4 ,-1.56
S000000912,-2.56,-3.06,-1.36,-0.51,-1.74,-2.12,-2.25,-2.4 ,-2.56,-2.56
S000000918,0.31 ,0.6  ,0.55 ,0.58 ,1.48 ,2.35 ,2.52 ,2.15 ,2.55 ,2.36
S000000919,-1.79,-2.32,-1.12,-0.04,-3.06,-1.79,-1.47,-1.47,-1.09,-1.22
S000000921,1.26 ,0.99 ,0.86 ,0.14 ,2.22 ,1.86 ,1.61 ,1.36 ,1.56 ,1.26
S000000923,0.84 ,0.45 ,0.26 ,0.04 ,1.09 ,1.2  ,1.84 ,1.07 ,2.34 ,1.54
S000000926,0.16 ,0.24 ,-0.18,0.07 ,1.98 ,-0.71,-3.64,-3.64,-3.32,-3.18
S000000928,-3.32,-2.0 ,0.03 ,0.7  ,-1.47,-0.23,-0.74,-0.49,-0.4 ,-0.27
S000000933,-0.79,-1.69,-0.58,0.8  ,-3.06,-1.32,-0.89,-0.81,-0.4 ,-0.67
S000000940,0.74 ,1.25 ,1.62 ,1.45 ,0.97 ,0.36 ,-1.84,-3.12,-3.85,-4.08
S000000944,1.35 ,1.22 ,0.31 ,-0.25,1.01 ,1.65 ,1.59 ,1.86 ,2.42 ,2.38
S000000952,-0.51,-1.56,-1.56,-2.18,1.14 ,1.92 ,1.65 ,1.14 ,0.52 ,0.52
S000000958,-1.03,-1.79,-0.64,0.06 ,-1.84,-1.6 ,-2.47,-2.12,-2.06,-1.89
S000000962,0.63 ,1.23 ,1.57 ,1.27 ,0.87 ,0.21 ,-2.09,-3.4 ,-4.19,-4.19
S000000974,0.05 ,0.3  ,0.39 ,0.33 ,-0.18,-0.35,-1.11,-1.56,-1.8 ,-2.12
S000000977,2.47 ,2.68 ,2.29 ,1.01 ,1.56 ,1.44 ,1.72 ,1.24 ,1.43 ,0.8
S000000990,-0.09,-0.04,-0.3 ,-0.36,1.62 ,2.6  ,3.08 ,2.24 ,1.49 ,2.15
S000001880,3.93 ,4.18 ,2.44 ,-0.15,4.57 ,4.99 ,4.61 ,3.84 ,3.69 ,1.57
S000001871,-2.18,-1.15,-0.1 ,0.19 ,-0.71,0.19 ,-0.07,0.34 ,0.66 ,0.36
S000001868,-0.04,-0.06,0.25 ,0.18 ,0.2  ,-1.6 ,-3.84,-4.32,-4.64,-4.64
S000001857,-0.62,-0.51,-0.17,0.15 ,-0.74,-1.84,-2.18,-1.79,-2.18,-1.94
S000001849,-1.4 ,-1.25,-0.45,-0.17,-1.43,-2.06,-2.18,-2.06,-2.0 ,-2.18
S000001838,0.49 ,0.42 ,0.12 ,0.12 ,0.25 ,0.8  ,2.36 ,2.22 ,1.94 ,1.75
S000001833,0.83 ,1.2  ,0.43 ,0.46 ,0.3  ,0.74 ,1.14 ,1.88 ,2.4  ,2.28
S000001905,-0.17,-0.27,-0.47,-0.14,-1.22,-1.79,-2.18,-1.89,-1.94,-1.69
S000001913,-0.23,0.46 ,-0.14,0.07 ,0.9  ,0.9  ,0.79 ,1.14 ,1.06 ,2.11
S000001926,4.93 ,4.54 ,3.49 ,3.22 ,0.83 ,0.15 ,0.29 ,0.66 ,1.29 ,0.6
S000002104,-1.94,-2.94,-1.56,-0.38,-3.84,-2.4 ,-2.25,-2.12,-2.0 ,-2.18
S000002976,-0.89,-0.97,-0.23,0.19 ,-0.4 ,-1.03,-2.0 ,-2.47,-3.47,-3.18
S000002977,3.81 ,1.1  ,2.58 ,1.99 ,-0.45,-0.64,-0.56,-0.84,-0.86,-1.03
S000002980,-0.3 ,-0.62,-0.4 ,0.15 ,-1.32,-2.25,-2.74,-2.56,-3.47,-3.47
S000002984,-0.89,-0.81,-0.74,-0.47,-1.32,-1.64,-2.0 ,-1.79,-2.32,-2.18
S000002989,0.2  ,0.12 ,0.49 ,0.04 ,0.29 ,-1.6 ,-2.12,-2.12,-2.25,-2.25
S000002990,-0.36,-0.71,-0.3 ,-0.22,-0.84,-1.74,-2.0 ,-2.18,-2.0 ,-2.0
S000002996,-0.18,-0.54,-0.74,0.21 ,1.47 ,-1.15,-2.94,-2.84,-3.06,-3.18
S000002997,-2.32,-1.03,0.7  ,0.91 ,-1.18,0.16 ,0.37 ,0.86 ,0.93 ,0.97
S000002998,-2.06,-2.94,-1.36,-0.01,-2.84,-1.6 ,-1.25,-1.32,-1.12,-1.18
S000002999,-0.97,-1.74,-0.64,0.67 ,-3.64,-1.89,-1.22,-1.03,-0.89,-0.86
S000003000,-0.43,-0.45,-0.25,-0.74,-1.94,-2.56,-1.89,-2.06,-2.47,-2.74
S000003013,-0.45,-0.32,-0.12,0.06 ,1.36 ,1.71 ,1.83 ,1.94 ,2.07 ,2.24
S000003023,-1.74,-1.51,-0.29,-0.06,2.48 ,3.35 ,2.12 ,0.96 ,0.32 ,-0.3
S000003030,2.47 ,2.24 ,1.93 ,1.29 ,-0.3 ,-0.31,-0.27,-0.39,-0.39,0.03
S000003040,0.96 ,0.54 ,0.45 ,0.21 ,1.31 ,1.46 ,2.35 ,2.49 ,2.48 ,2.41
S000003044,-1.6 ,-2.18,-1.03,0.16 ,-3.06,-2.25,-1.4 ,-1.43,-1.43,-1.25
S000003046,-3.32,-2.32,-0.29,0.29 ,-2.56,-1.84,-1.69,-1.74,-2.12,-1.84
S000003049,1.05 ,0.51 ,0.15 ,-0.1 ,1.0  ,1.53 ,1.77 ,1.43 ,2.37 ,1.78
S000003064,0.79 ,0.76 ,0.28 ,0.74 ,3.24 ,3.5  ,3.29 ,2.89 ,3.17 ,2.66
S000003065,-0.81,-0.6 ,-0.06,0.25 ,-1.0 ,-1.36,-2.32,-2.25,-2.06,-1.84
S000003067,-2.56,-1.29,-0.6 ,-0.01,-2.0 ,-1.4 ,-2.0 ,-1.69,-1.69,-1.51
S000003070,-1.25,-1.84,-0.74,0.06 ,-2.64,-1.25,-1.0 ,-0.97,-0.62,-1.0
S000003085,2.32 ,3.09 ,2.41 ,1.37 ,0.23 ,0.39 ,0.25 ,0.3  ,-0.06,0.26
S000003088,-3.64,-2.94,-0.81,-0.3 ,-2.56,-1.64,-2.0 ,-2.12,-2.47,-2.47
S000003089,0.59 ,0.69 ,0.58 ,0.11 ,2.88 ,3.48 ,3.82 ,3.67 ,3.85 ,4.11
S000003091,-2.18,-2.94,-1.84,-0.22,-4.06,-2.94,-2.74,-2.74,-2.94,-2.74
S000003093,1.9  ,2.47 ,1.94 ,1.46 ,-0.2 ,0.0  ,-0.38,-0.58,-0.67,-0.56
S000003103,-2.32,-3.06,-1.64,-0.34,-3.18,-2.56,-2.32,-2.18,-2.06,-2.12
S000003105,0.0  ,-0.06,-0.1 ,-0.3 ,-0.64,-1.64,-1.89,-2.12,-2.18,-2.12
S000003115,-1.36,-2.94,-1.25,0.23 ,-4.06,-2.47,-2.25,-2.25,-2.25,-2.25
S000003124,1.74 ,2.59 ,1.76 ,0.8  ,3.43 ,3.1  ,2.76 ,2.73 ,2.36 ,2.54
S000003134,-0.25,0.46 ,-0.1 ,-0.47,1.06 ,0.79 ,1.16 ,1.67 ,1.6  ,2.28
S000003139,-3.64,-2.64,-0.54,0.0  ,-2.32,-1.43,-1.15,-1.0 ,-1.09,-1.03
S000003145,-0.54,-0.54,-0.6 ,-0.76,0.15 ,1.27 ,3.78 ,4.42 ,4.71 ,4.71
S000003148,1.08 ,0.42 ,-0.97,-0.27,2.4  ,2.52 ,2.23 ,2.15 ,2.21 ,1.86
S000003151,0.9  ,0.65 ,0.24 ,0.56 ,0.29 ,0.88 ,1.36 ,1.84 ,2.28 ,1.97
S000003152,4.2  ,4.24 ,2.53 ,1.51 ,0.77 ,1.72 ,3.0  ,2.88 ,3.78 ,3.4
S000003157,-0.89,-1.69,-0.43,0.62 ,-3.06,-1.36,-0.84,-0.69,-0.54,-0.51
S000003163,-1.31,-0.59,-0.97,-0.69,-1.67,-1.95,-2.31,-2.47,-2.81,-2.71
S000003170,0.55 ,0.74 ,1.38 ,0.61 ,-0.56,-2.18,-3.32,-3.32,-3.64,-3.47
S000003173,-0.25,-0.18,-0.34,-0.49,-0.07,2.35 ,1.38 ,1.04 ,1.49 ,1.16
S000003207,-0.42,-0.54,-0.56,-0.51,-1.15,-1.43,-1.43,-1.56,-1.89,-2.12
S000003224,-3.32,-3.64,-2.94,-3.06,-2.18,-2.4 ,-2.56,-0.86,-0.09,0.15
S000003240,2.2  ,1.7  ,0.87 ,-0.01,2.61 ,2.37 ,2.19 ,1.79 ,2.03 ,2.3
S000003246,-0.58,-0.25,-0.12,-0.09,-0.36,-1.4 ,-1.84,-2.12,-2.25,-2.47
S000003251,1.73 ,1.21 ,1.11 ,0.06 ,1.94 ,2.24 ,2.38 ,1.96 ,2.18 ,1.57
S000003259,-1.4 ,-1.94,-0.92,0.14 ,-2.18,-1.29,-0.86,-0.79,-0.34,-0.64
S000003266,-2.18,-2.4 ,-1.06,0.03 ,-3.18,-1.64,-1.09,-1.12,-0.38,-0.45
S000003275,1.23 ,0.87 ,-0.14,-0.43,1.72 ,3.84 ,4.46 ,3.79 ,3.88 ,3.72
S000003284,-1.84,-2.25,-2.12,-2.64,-0.97,0.43 ,-0.62,-1.69,-2.56,-2.74
S000003285,0.49 ,0.91 ,0.08 ,-0.18,0.73 ,1.73 ,2.19 ,1.83 ,2.14 ,2.05
S000003287,0.19 ,0.42 ,-3.32,-3.64,-5.06,-4.64,-4.64,-4.06,-4.32,-4.64
S000003293,0.62 ,0.47 ,0.63 ,0.76 ,-1.46,-1.79,-2.0 ,-2.32,-2.37,-2.18
S000003298,1.43 ,1.07 ,0.23 ,0.07 ,3.88 ,4.6  ,5.43 ,4.91 ,4.68 ,4.41
S000003311,-1.15,-1.74,0.16 ,0.5  ,1.33 ,2.54 ,2.56 ,2.55 ,2.54 ,2.43
S000003317,-0.86,-1.64,-0.43,0.54 ,-2.64,-2.0 ,-1.47,-1.36,-1.36,-1.47
S000003319,-0.79,-0.79,-0.29,-0.32,0.79 ,1.23 ,1.92 ,1.82 ,2.85 ,3.06
S000003320,2.08 ,0.45 ,-0.76,-1.84,4.6  ,5.24 ,4.86 ,3.71 ,3.66 ,3.51
S000003322,-1.36,-1.36,-0.76,-0.25,-2.12,-1.79,-1.4 ,-1.25,-1.32,-1.22
S000003326,-0.64,-0.81,-0.4 ,-0.07,-2.0 ,-2.84,-3.18,-3.06,-3.32,-3.06
S000003335,-2.94,-3.06,-0.74,0.01 ,-3.06,-2.06,-2.0 ,-1.84,-1.84,-1.89
S000003340,0.21 ,-0.04,1.02 ,0.77 ,0.89 ,-2.12,-2.94,-2.56,-2.64,-2.74
S000003342,0.91 ,0.58 ,0.52 ,-0.03,1.52 ,1.94 ,2.09 ,1.96 ,2.44 ,1.98
S000003346,-0.09,0.18 ,-0.18,-0.36,-0.94,-1.06,-1.74,-1.29,-1.25,-2.4
S000003347,0.31 ,0.68 ,0.01 ,-0.04,-0.69,-0.84,-1.51,-1.47,-1.64,-2.32
S000003353,1.85 ,2.26 ,2.43 ,1.98 ,1.36 ,1.37 ,1.1  ,1.01 ,1.45 ,0.83
S000003355,-2.56,-2.0 ,-0.76,-0.3 ,-2.4 ,-1.32,-2.18,-1.89,-2.18,-2.32
S000003356,-0.4 ,-0.01,-0.62,-0.86,-3.18,-3.18,-3.64,-3.47,-3.32,-3.18
S000003357,2.1  ,2.28 ,1.8  ,1.32 ,1.46 ,1.88 ,1.84 ,1.98 ,2.11 ,1.58
S000003360,-3.47,-2.25,-0.42,0.18 ,-1.79,-1.09,-1.94,-1.6 ,-2.0 ,-1.89
S000003370,-3.32,-3.18,-2.47,-1.79,-2.12,-1.94,-1.79,-1.64,-2.06,-1.6
S000003374,-1.94,-2.18,-2.25,-1.89,-1.6 ,0.25 ,1.59 ,1.55 ,1.4  ,1.3
S000003376,-0.89,-0.49,-0.42,-0.49,0.41 ,1.44 ,2.18 ,1.38 ,2.13 ,2.6
S000003377,-2.84,-2.74,-0.43,-0.01,-1.89,-1.22,-1.36,-1.18,-1.18,-1.22
S000003380,-0.97,-1.74,-0.6 ,0.62 ,-3.47,-1.94,-1.47,-1.09,-1.12,-1.06
S000003384,-0.38,0.39 ,0.33 ,0.57 ,-0.76,-1.56,-2.25,-1.09,-1.51,-1.15
S000003385,1.68 ,2.19 ,0.14 ,0.25 ,0.81 ,1.1  ,3.2  ,2.78 ,2.38 ,2.17
S000003386,2.71 ,2.94 ,0.95 ,0.0  ,1.43 ,1.97 ,3.87 ,3.93 ,3.94 ,3.75
S000003392,-4.32,-3.84,-1.51,-0.76,-3.47,-1.18,-2.47,-2.56,-3.47,-3.32
S000003393,1.63 ,1.46 ,0.99 ,0.63 ,2.94 ,4.0  ,5.15 ,5.21 ,5.43 ,5.34
S000003404,-1.03,-0.74,-0.47,-0.36,-1.22,-2.0 ,-2.18,-2.64,-2.4 ,-2.47
S000003406,1.08 ,0.97 ,0.46 ,0.08 ,1.63 ,1.46 ,1.51 ,1.78 ,2.04 ,2.18
S000003409,-0.56,-0.76,-1.18,-0.76,-1.15,-1.32,-1.56,-1.56,-2.4 ,-1.94
S000003412,0.31 ,0.12 ,0.44 ,0.52 ,2.29 ,1.96 ,1.94 ,1.79 ,1.74 ,1.45
S000003417,-0.09,-0.15,0.11 ,0.0  ,-1.18,-2.06,-2.32,-2.25,-2.32,-2.47
S000003421,-0.64,-0.17,-0.3 ,0.1  ,0.1  ,-1.74,-2.12,-1.89,-2.0 ,-1.94
S000003433,0.62 ,0.28 ,0.03 ,-0.17,2.17 ,4.16 ,4.63 ,3.84 ,3.6  ,2.91
S000003443,-2.84,-2.4 ,-1.0 ,-0.6 ,-0.94,0.67 ,0.98 ,1.12 ,0.98 ,0.82
S000003446,-2.74,-3.18,-1.69,-0.2 ,-3.64,-2.18,-1.94,-1.84,-1.36,-1.43
S000003457,0.43 ,0.52 ,-0.69,0.08 ,0.51 ,1.14 ,1.82 ,1.43 ,2.23 ,2.18
S000003466,-1.09,-2.25,-2.32,-1.84,-1.94,-2.32,-3.06,-2.84,-3.18,-3.47
S000003471,1.2  ,1.95 ,1.65 ,1.29 ,1.35 ,1.97 ,2.13 ,2.04 ,2.4  ,2.16
S000003476,1.39 ,1.89 ,1.74 ,1.08 ,2.5  ,1.84 ,1.12 ,1.05 ,1.05 ,0.93
S000003477,-3.47,-3.06,-0.89,-0.36,-1.94,-1.09,-1.29,-0.79,-0.92,-1.03
S000003480,1.75 ,1.18 ,-0.22,-1.18,3.05 ,3.37 ,3.47 ,3.22 ,3.11 ,3.12
S000003481,-1.43,-2.25,-2.25,-2.18,-1.25,-1.18,-1.29,-1.18,-2.47,-2.25
S000003488,0.0  ,0.37 ,0.83 ,0.33 ,1.86 ,2.45 ,2.5  ,1.84 ,2.72 ,3.03
S000003491,-0.29,-0.92,-0.62,-0.36,-0.84,-1.25,-1.36,-1.89,-2.32,-1.94
S000003496,-1.56,-1.56,-0.86,-0.3 ,-2.12,-1.84,-2.56,-2.4 ,-2.56,-2.74
S000003511,-0.45,-0.45,0.53 ,0.36 ,0.15 ,-2.0 ,-2.25,-2.74,-3.32,-3.47
S000003512,-2.56,-2.32,-0.34,0.18 ,-1.79,-0.94,-1.15,-0.94,-1.29,-1.18
S000003517,-1.51,-0.97,-0.74,-0.3 ,-1.84,-2.32,-2.64,-2.56,-2.64,-2.84
S000000993,-1.84,-2.4 ,-1.29,-0.18,-2.74,-1.51,-1.32,-1.22,-0.86,-1.09
S000001003,-2.25,-1.94,-0.97,-0.49,-1.64,-0.94,-1.36,-1.06,-1.25,-1.25
S000001004,-2.12,-1.12,-0.49,-0.38,-0.4 ,0.23 ,-0.45,-1.12,-0.84,-1.12
S000001007,-0.79,-1.94,-1.0 ,0.04 ,-3.18,-2.06,-1.89,-1.84,-1.56,-1.69
S000001008,3.65 ,2.67 ,2.23 ,1.6  ,5.22 ,4.59 ,6.21 ,6.44 ,6.67 ,7.07
S000001013,2.35 ,1.88 ,0.39 ,-1.29,1.43 ,-0.1 ,-1.15,-1.18,-0.97,-1.15
S000001020,-0.51,-0.71,-0.4 ,0.12 ,2.55 ,1.79 ,0.11 ,-0.1 ,-0.1 ,-0.56
S000001025,-1.32,-2.56,-0.79,0.31 ,-3.47,-1.64,-1.22,-1.25,-1.36,-1.43
S000001031,-2.16,-2.04,-0.77,-0.36,-1.36,-0.97,-1.18,-0.93,-1.26,-1.25
S000001048,0.4  ,0.18 ,0.48 ,0.5  ,1.79 ,0.85 ,2.53 ,1.0  ,2.59 ,1.11
S000001052,-1.18,-1.74,-0.43,0.51 ,-3.06,-1.69,-1.06,-1.03,-0.51,-0.38
S000001060,2.2  ,2.46 ,2.2  ,1.29 ,1.05 ,0.58 ,-0.04,0.15 ,0.37 ,0.58
S000001061,-1.09,-1.64,-0.64,-0.15,-2.84,-2.74,-2.84,-2.94,-2.64,-2.47
S000001062,-1.84,-2.0 ,-0.86,-0.14,-2.47,-2.12,-2.0 ,-2.06,-2.4 ,-2.06
S000001063,-1.56,-2.0 ,-1.03,-0.07,-2.47,-1.22,-0.14,-0.3 ,0.58 ,1.07
S000001067,-0.58,-0.64,0.06 ,-0.18,-1.29,-1.84,-2.12,-2.32,-2.4 ,-2.18
S000001071,1.97 ,2.68 ,3.06 ,1.67 ,4.74 ,3.43 ,3.12 ,2.64 ,2.5  ,2.34
S000001085,0.68 ,0.5  ,-0.01,0.01 ,-0.29,-1.51,-2.12,-2.06,-2.18,-2.0
S000001095,-0.81,-0.74,1.01 ,0.6  ,1.31 ,2.39 ,3.52 ,4.19 ,4.07 ,4.45
S000001096,0.24 ,0.26 ,0.41 ,0.21 ,0.67 ,1.26 ,1.83 ,2.01 ,2.53 ,1.99
S000001097,-0.86,-0.54,1.01 ,0.61 ,1.33 ,2.28 ,3.59 ,4.35 ,4.16 ,4.39
S000001106,-1.51,-1.64,-0.97,-0.43,-1.84,-2.18,-2.74,-2.74,-2.56,-2.74
S000001107,-2.4 ,-1.15,0.03 ,0.36 ,-1.32,-0.81,-1.29,-0.86,-0.94,-0.81
S000001110,-1.4 ,-1.15,-0.6 ,-0.43,-2.56,-2.4 ,-2.84,-2.94,-2.74,-3.06
S000001130,-2.56,-2.06,0.11 ,0.53 ,-0.49,0.39 ,0.3  ,0.71 ,0.72 ,0.76
S000001131,-3.47,-2.84,-1.43,-0.71,-3.32,-2.94,-4.06,-4.06,-4.64,-4.64
S000001136,-2.06,-2.12,-0.92,-0.76,0.63 ,0.26 ,-1.56,-1.64,-2.4 ,-2.18
S000001138,0.19 ,-0.18,-0.36,-0.49,3.99 ,4.31 ,3.72 ,3.43 ,4.14 ,4.5
S000001139,1.49 ,1.34 ,0.42 ,-0.01,1.9  ,1.89 ,2.04 ,2.11 ,2.13 ,2.35
S000001140,-0.43,-0.66,-0.64,-0.79,-1.19,-1.86,-2.22,-2.4 ,-2.44,-2.48
S000001154,2.28 ,2.33 ,2.4  ,1.24 ,1.87 ,1.65 ,1.69 ,1.68 ,1.87 ,1.8
S000001180,1.71 ,1.16 ,0.45 ,0.04 ,2.87 ,3.39 ,3.8  ,3.7  ,3.86 ,3.99
S000001181,0.39 ,0.33 ,-0.12,-0.67,1.09 ,1.89 ,4.04 ,4.2  ,2.89 ,2.89
S000001182,0.36 ,0.19 ,0.2  ,0.15 ,2.26 ,2.76 ,3.0  ,1.92 ,2.16 ,2.23
S000001183,-1.51,-2.18,-0.64,0.32 ,-2.18,-1.06,-0.43,-0.03,0.24 ,0.0
S000001186,-0.69,-0.64,-0.42,-0.23,1.28 ,-0.89,-3.64,-3.47,-3.64,-3.64
S000001203,0.85 ,0.68 ,0.01 ,0.34 ,1.42 ,2.72 ,3.38 ,2.58 ,2.83 ,2.43
S000001212,-2.64,-2.4 ,-0.38,0.14 ,-0.89,-0.32,-0.12,0.15 ,0.18 ,0.07
S000001213,-3.06,-2.56,-0.76,-0.03,-2.18,-1.36,-1.6 ,-1.18,-1.69,-1.47
S000001214,1.62 ,0.67 ,0.44 ,0.06 ,2.2  ,2.01 ,2.2  ,1.86 ,2.13 ,1.88
S000001219,2.66 ,3.5  ,0.98 ,0.45 ,0.57 ,0.7  ,0.71 ,1.45 ,2.69 ,2.5
S000001240,-3.18,-2.84,-0.79,-0.42,-2.4 ,-1.4 ,-1.89,-1.56,-2.06,-2.4
S000001246,-1.6 ,-2.56,-1.36,-0.1 ,-3.84,-2.47,-1.64,-1.6 ,-1.6 ,-1.6
S000001251,1.87 ,-0.36,1.42 ,1.01 ,-2.0 ,-1.74,-1.74,-1.94,-2.25,-2.06
S000003534,0.96 ,1.55 ,1.9  ,1.73 ,1.34 ,0.63 ,-1.84,-2.84,-3.84,-4.06
S000003535,0.57 ,0.07 ,-0.34,0.03 ,2.74 ,1.15 ,-1.56,-1.6 ,-1.94,-2.32
S000001259,-1.36,-1.69,-1.12,-0.15,-2.74,-3.06,-3.64,-3.64,-3.84,-3.64
S000001277,0.64 ,0.31 ,-0.12,-0.54,-0.51,-3.32,-4.64,-5.06,-5.64,-5.64
S000001280,-2.06,-2.94,-1.56,-0.54,-3.84,-2.32,-2.32,-2.12,-1.79,-1.94
S000001281,-2.56,-1.6 ,-0.27,0.37 ,-0.32,0.48 ,0.21 ,0.37 ,0.43 ,0.25
S000001286,0.24 ,0.24 ,-0.14,-0.07,1.59 ,1.77 ,3.15 ,3.2  ,3.79 ,3.64
S000001307,1.23 ,1.31 ,0.58 ,0.54 ,3.08 ,4.05 ,4.24 ,3.73 ,4.1  ,4.17
S000001308,0.99 ,1.57 ,0.4  ,0.61 ,1.26 ,1.52 ,1.71 ,1.8  ,2.34 ,1.99
S000001312,0.82 ,-0.17,0.69 ,0.21 ,2.39 ,1.85 ,2.16 ,1.74 ,1.82 ,1.92
S000001313,-0.69,-1.43,-1.43,-1.4 ,-1.32,-1.64,-1.84,-2.0 ,-2.32,-2.18
S000001314,-1.25,-2.06,-0.86,0.33 ,-2.84,-1.56,-0.92,-1.09,-0.64,-0.49
S000001326,-2.18,-2.06,-1.09,-0.01,-1.74,-0.42,-0.29,0.03 ,-0.01,0.04
S000001333,1.48 ,1.31 ,0.73 ,0.07 ,2.07 ,2.62 ,2.5  ,2.64 ,2.24 ,2.18
S000001340,-0.67,-0.92,-0.12,0.07 ,-1.64,-2.18,-2.84,-2.74,-2.56,-2.56
S000001344,0.32 ,0.54 ,0.36 ,-0.58,-1.25,-1.4 ,-1.51,-1.89,-2.06,-2.4
S000001349,0.34 ,-0.04,-0.09,-0.86,1.37 ,1.77 ,2.16 ,1.87 ,2.11 ,1.97
S000001351,0.46 ,0.25 ,0.1  ,-0.56,1.36 ,1.52 ,2.28 ,1.79 ,1.86 ,1.97
S000001356,1.51 ,3.06 ,2.97 ,2.35 ,0.0  ,-0.03,0.03 ,0.12 ,0.15 ,0.24
S000001359,1.43 ,0.93 ,0.6  ,-0.03,1.75 ,2.12 ,2.34 ,2.49 ,2.5  ,2.76
S000001360,0.8  ,1.32 ,0.61 ,0.18 ,1.04 ,0.8  ,1.35 ,2.06 ,1.98 ,2.54
S000001361,0.66 ,0.64 ,-0.27,-0.56,2.74 ,2.15 ,1.6  ,1.88 ,2.22 ,1.7
S000001363,0.32 ,0.32 ,-0.32,-0.62,2.24 ,2.66 ,3.24 ,2.98 ,3.36 ,3.26
S000001369,1.1  ,1.26 ,0.57 ,0.28 ,1.99 ,2.05 ,2.2  ,2.09 ,2.17 ,2.04
S000001373,1.63 ,1.36 ,1.1  ,0.5  ,2.83 ,2.44 ,1.96 ,2.05 ,2.08 ,2.12
S000001378,1.83 ,1.88 ,2.2  ,2.04 ,0.86 ,0.62 ,0.59 ,0.66 ,0.82 ,0.64
S000001381,0.51 ,0.03 ,0.21 ,0.58 ,2.42 ,3.04 ,1.82 ,1.36 ,0.94 ,0.72
S000001385,-0.94,-0.69,0.15 ,0.14 ,-0.03,-1.4 ,-2.4 ,-2.32,-2.12,-2.12
S000001389,-2.4 ,-1.12,0.31 ,0.83 ,-1.36,-0.4 ,-0.81,-0.42,-0.4 ,-0.09
S000001395,-2.47,-2.84,-1.36,-0.17,-3.47,-2.0 ,-1.69,-1.51,-1.47,-1.36
S000001398,1.24 ,1.77 ,0.89 ,-0.12,3.4  ,3.36 ,2.46 ,2.19 ,2.98 ,2.03
S000001402,-0.74,0.06 ,-0.23,0.08 ,-0.71,-2.25,-1.56,-1.18,-1.56,-1.51
S000001408,0.79 ,0.42 ,0.76 ,0.83 ,2.28 ,2.34 ,2.74 ,2.41 ,2.52 ,2.35
S000001420,0.04 ,-0.34,0.61 ,0.49 ,0.06 ,-1.18,-1.74,-1.51,-2.47,-2.64
S000001426,0.14 ,3.49 ,1.11 ,0.56 ,2.45 ,0.44 ,0.21 ,0.55 ,1.25 ,0.75
S000001427,0.99 ,3.14 ,1.66 ,0.91 ,3.09 ,1.42 ,1.26 ,1.21 ,2.12 ,1.7
S000001429,1.52 ,1.27 ,0.86 ,0.58 ,2.16 ,1.77 ,2.45 ,2.78 ,2.86 ,2.24
S000001430,0.44 ,0.96 ,0.49 ,0.33 ,1.42 ,1.19 ,2.16 ,2.03 ,2.01 ,1.7
S000001431,0.5  ,0.59 ,-0.06,-0.09,2.24 ,0.95 ,-0.76,-0.81,-1.22,-0.86
S000001444,0.51 ,0.85 ,0.74 ,0.43 ,0.73 ,0.77 ,1.53 ,1.66 ,1.77 ,2.2
S000001456,2.22 ,3.55 ,2.7  ,2.43 ,1.82 ,1.34 ,1.14 ,2.34 ,2.89 ,2.48
S000001457,1.98 ,1.97 ,1.23 ,1.26 ,1.85 ,1.75 ,2.21 ,1.97 ,2.2  ,2.54
S000001466,2.52 ,2.73 ,3.09 ,2.09 ,3.51 ,3.02 ,3.55 ,4.21 ,4.15 ,4.94
S000001467,2.53 ,1.77 ,3.16 ,1.9  ,5.92 ,4.78 ,6.85 ,6.81 ,7.55 ,8.23
S000001468,4.14 ,4.34 ,4.8  ,3.74 ,3.12 ,2.42 ,4.37 ,4.96 ,4.98 ,5.31
S000001469,2.28 ,2.1  ,2.72 ,2.07 ,2.72 ,2.22 ,3.13 ,3.33 ,3.75 ,3.93
S000001470,4.64 ,4.64 ,4.93 ,4.15 ,5.54 ,4.61 ,6.49 ,6.17 ,6.47 ,7.44
S000001471,4.38 ,3.92 ,4.08 ,3.57 ,2.85 ,2.21 ,1.92 ,2.1  ,2.29 ,2.33
S000001473,2.15 ,4.1  ,3.11 ,2.05 ,0.41 ,0.39 ,-0.14,-0.01,0.07 ,0.0
S000001476,0.58 ,0.73 ,0.58 ,-0.2 ,2.01 ,2.18 ,1.92 ,1.63 ,1.76 ,1.18
S000001477,0.54 ,1.06 ,0.83 ,-0.23,2.92 ,3.01 ,2.89 ,2.42 ,2.54 ,2.17
S000001481,2.28 ,2.42 ,1.74 ,1.58 ,3.83 ,2.71 ,3.16 ,3.04 ,3.36 ,3.17
S000003563,-0.58,-0.51,0.18 ,0.29 ,2.35 ,2.41 ,2.41 ,2.31 ,2.1  ,2.08
S000003581,0.25 ,0.36 ,0.2  ,-0.49,1.22 ,1.83 ,3.9  ,3.87 ,1.91 ,4.11
S000003584,0.32 ,0.59 ,0.44 ,0.07 ,1.62 ,2.31 ,1.92 ,1.5  ,1.19 ,1.1
S000003596,2.2  ,2.1  ,1.28 ,1.08 ,0.94 ,0.24 ,0.5  ,0.53 ,0.7  ,0.42
S000003612,-0.58,-0.38,-0.32,-0.27,-1.51,-1.79,-1.89,-2.18,-2.32,-2.32
S000003614,-0.37,-0.45,-0.64,-0.36,0.88 ,-0.76,-0.84,-2.4 ,-1.32,-2.64
S000003615,0.58 ,0.89 ,0.93 ,1.07 ,2.75 ,2.16 ,0.8  ,-0.51,-0.81,-1.06
S000003616,-0.76,-0.86,-0.92,-0.42,-2.0 ,-2.84,-3.18,-3.18,-3.32,-3.47
S000003624,4.04 ,4.33 ,4.0  ,3.64 ,2.54 ,2.07 ,1.99 ,1.95 ,2.13 ,1.72
S000003639,0.66 ,0.56 ,-0.22,-0.2 ,1.56 ,1.77 ,1.83 ,1.73 ,2.17 ,2.06
S000003643,-2.18,-1.51,-1.56,-1.64,-1.79,-1.79,-2.18,-1.74,-1.79,-1.69
S000003645,-2.91,-1.9 ,-1.22,-0.98,-2.36,-2.06,-2.54,-2.49,-2.41,-2.43
S000003646,2.11 ,1.24 ,1.1  ,1.3  ,0.66 ,1.12 ,1.53 ,1.46 ,1.42 ,1.49
S000003666,-1.05,-0.79,-0.66,-0.23,-0.95,-1.35,-1.76,-2.19,-2.36,-2.52
S000003672,-1.29,-1.81,-0.87,0.2  ,-2.4 ,-1.81,-0.95,-0.74,-0.55,-0.32
S000003680,0.08 ,0.1  ,-0.56,-0.69,1.83 ,2.21 ,3.04 ,3.5  ,3.56 ,3.71
S000003689,-1.25,-0.89,-0.29,-2.18,2.55 ,5.45 ,3.58 ,3.92 ,3.05 ,3.0
S000003691,1.17 ,1.0  ,0.53 ,0.31 ,1.8  ,1.69 ,2.16 ,2.07 ,2.31 ,2.43
S000003693,0.16 ,0.19 ,0.08 ,-0.04,-0.18,-1.43,-2.4 ,-2.64,-2.84,-3.06
S000003694,-0.35,-0.57,-0.32,-0.21,-1.04,-2.89,-3.48,-3.84,-5.06,-5.35
S000003697,1.63 ,0.55 ,0.0  ,-0.42,2.53 ,2.09 ,3.12 ,2.58 ,2.63 ,3.1
S000003699,1.98 ,1.1  ,0.01 ,-0.23,2.65 ,2.71 ,3.66 ,3.31 ,3.39 ,3.33
S000003700,1.86 ,1.68 ,0.74 ,-0.01,2.15 ,2.02 ,1.85 ,1.89 ,1.98 ,1.89
S000003706,0.59 ,0.5  ,-0.06,-0.84,-0.76,-1.36,-2.12,-2.74,-2.74,-3.18
S000003708,2.1  ,2.04 ,2.75 ,2.38 ,2.11 ,0.86 ,0.2  ,0.57 ,0.39 ,0.42
S000003713,-1.56,-2.47,-1.18,0.16 ,-3.84,-2.47,-1.79,-1.64,-1.51,-1.56
S000003721,0.1  ,-0.09,-0.12,-0.47,0.93 ,1.1  ,1.65 ,1.51 ,2.39 ,2.19
S000003726,-2.12,-2.84,-1.74,-0.4 ,-3.84,-2.74,-2.56,-2.64,-2.56,-2.74
S000003727,-2.32,-2.32,-1.18,-0.25,-2.84,-1.51,-0.97,-1.03,-0.36,-0.54
S000003736,0.82 ,2.65 ,2.49 ,2.33 ,-1.09,-0.18,-0.42,-0.71,-0.3 ,-0.47
S000003748,1.16 ,1.16 ,-0.1 ,-0.14,1.73 ,2.15 ,2.96 ,3.12 ,2.66 ,2.56
S000003768,0.92 ,1.17 ,0.25 ,-0.09,1.1  ,1.72 ,1.8  ,1.8  ,2.22 ,2.45
S000003771,5.38 ,5.06 ,4.02 ,3.67 ,0.61 ,-0.15,-0.07,-0.07,0.51 ,-0.17
S000003772,0.45 ,1.21 ,0.5  ,0.4  ,2.29 ,2.79 ,2.83 ,3.01 ,2.76 ,2.62
S000003777,0.44 ,-0.49,1.03 ,0.82 ,-2.32,-1.94,-1.84,-1.94,-1.69,-1.84
S000003780,-0.03,-0.04,0.6  ,0.15 ,2.01 ,2.23 ,1.56 ,1.5  ,1.83 ,1.56
S000003787,0.73 ,1.53 ,1.66 ,1.5  ,1.2  ,0.51 ,-1.94,-3.06,-4.06,-4.32
S000003788,0.83 ,1.27 ,1.76 ,1.48 ,1.04 ,0.42 ,-1.94,-3.06,-4.06,-4.32
S000003789,0.82 ,1.55 ,1.7  ,1.66 ,1.08 ,0.43 ,-2.12,-3.06,-4.06,-4.06
S000003790,0.81 ,0.94 ,1.55 ,1.26 ,1.22 ,0.23 ,-1.92,-2.85,-3.77,-4.08
S000003802,-2.32,-1.74,-0.94,-0.49,-2.0 ,-1.69,-1.84,-2.06,-2.18,-2.06
S000003824,-2.25,-1.79,-0.67,-0.3 ,-1.47,-0.92,-1.64,-1.56,-1.84,-1.74
S000003831,-4.06,-2.64,-0.79,0.14 ,-2.4 ,-1.06,-1.6 ,-1.25,-1.22,-1.03
S000003832,-3.32,-2.47,-0.84,-0.2 ,-1.84,-0.89,-1.36,-1.22,-0.97,-0.86
S000003852,0.06 ,-0.07,0.41 ,0.37 ,-0.4 ,-1.84,-2.0 ,-1.69,-2.0 ,-2.12
S000003854,-0.43,-0.58,-0.54,-0.49,-0.18,0.23 ,1.96 ,3.07 ,3.73 ,3.47
S000003855,-1.69,-2.18,-1.15,-0.23,-3.32,-2.32,-1.56,-1.43,-1.32,-0.74
S000003856,-0.69,-0.62,-0.1 ,-0.29,-0.14,0.81 ,2.05 ,2.32 ,3.38 ,3.68
S000003857,1.91 ,1.04 ,0.33 ,-0.25,2.37 ,3.15 ,3.72 ,3.7  ,3.52 ,3.31
S000003866,-1.03,-1.15,-0.01,0.08 ,-1.32,-1.29,-1.51,-1.94,-2.12,-2.06
S000003870,2.03 ,2.46 ,2.25 ,1.3  ,-0.23,-0.74,-1.47,-1.4 ,-1.6 ,-1.51
S000003884,-1.6 ,-2.64,-1.43,0.14 ,-3.47,-2.32,-1.74,-1.56,-1.79,-1.74
S000003898,3.29 ,3.55 ,2.43 ,2.32 ,0.39 ,-0.15,0.28 ,0.55 ,1.15 ,0.57
S000003904,-1.22,-1.25,-0.84,-0.25,-1.56,-2.56,-3.06,-2.84,-3.18,-3.06
S000003906,-1.56,-2.56,-1.43,-0.03,-3.47,-2.25,-1.74,-1.64,-1.51,-1.43
S000003908,-1.74,-1.6 ,-1.15,-0.18,-0.79,-1.89,-2.0 ,-2.06,-2.4 ,-2.25
S000003913,4.69 ,5.35 ,6.11 ,4.84 ,6.04 ,5.02 ,5.86 ,5.45 ,6.21 ,5.83
S000003916,0.45 ,0.85 ,0.44 ,0.03 ,0.51 ,1.45 ,3.78 ,3.04 ,3.16 ,2.85
S000001484,2.3  ,2.63 ,2.14 ,2.02 ,0.57 ,0.19 ,0.43 ,0.72 ,1.13 ,0.81
S000001489,-2.4 ,-2.56,-1.4 ,-0.04,-3.32,-2.18,-1.94,-1.32,-1.18,-1.06
S000001492,-2.94,-1.89,-0.2 ,0.45 ,-1.43,-0.47,-0.6 ,-0.47,-0.15,-0.23
S000001497,-1.58,-0.75,-0.5 ,-0.57,-1.56,-1.65,-1.92,-1.91,-2.51,-1.65
S000001509,0.65 ,0.08 ,-0.03,-0.22,1.1  ,2.59 ,2.94 ,2.71 ,2.36 ,2.72
S000001518,1.6  ,0.38 ,-0.3 ,-0.71,0.0  ,-1.0 ,-1.43,-1.79,-2.06,-2.25
S000001526,1.16 ,0.56 ,0.1  ,0.55 ,2.0  ,2.18 ,1.64 ,1.61 ,1.61 ,1.27
S000001533,-0.1 ,0.43 ,0.4  ,-0.45,1.14 ,2.05 ,2.97 ,3.0  ,3.17 ,3.39
S000001534,-0.89,-1.0 ,-0.6 ,-0.69,-1.06,-0.58,-0.54,-1.47,-1.94,-2.12
S000001539,-1.6 ,-2.32,-1.22,-0.2 ,-2.18,-1.43,-1.32,-1.36,-1.51,-1.56
S000001561,-3.32,-2.56,-1.25,-0.34,-1.89,-1.06,-1.51,-1.18,-1.29,-1.12
S000001564,-1.79,-2.56,-1.79,-0.79,-3.18,-3.64,-4.32,-4.64,-4.64,-4.64
S000001574,1.93 ,1.41 ,0.59 ,-0.09,2.38 ,2.63 ,2.53 ,1.85 ,1.84 ,1.43
S000001576,0.44 ,0.16 ,-0.36,-0.34,1.3  ,2.6  ,2.28 ,1.8  ,2.01 ,1.75
S000001579,-1.32,-1.84,-1.94,-1.94,-2.0 ,-3.18,-4.64,-4.32,-5.06,-5.06
S000001582,-2.4 ,-1.29,0.25 ,0.66 ,-0.71,0.01 ,-0.17,-0.04,0.12 ,0.39
S000001586,1.79 ,2.3  ,1.84 ,0.67 ,3.16 ,1.49 ,1.19 ,1.04 ,1.41 ,1.28
S000001587,-0.22,-0.01,-0.56,-0.49,-0.74,-1.56,-2.18,-2.25,-2.25,-2.32
S000001590,0.45 ,0.18 ,-0.23,-0.56,1.66 ,3.49 ,4.87 ,4.13 ,5.13 ,4.73
S000001603,2.69 ,0.71 ,2.25 ,2.21 ,-0.29,0.45 ,0.83 ,0.7  ,0.66 ,0.89
S000001610,-0.2 ,-0.49,-0.6 ,-0.56,-0.14,-1.0 ,-1.84,-1.64,-2.25,-2.18
S000001611,0.36 ,-0.03,-0.25,-0.34,-1.4 ,-1.74,-2.18,-2.4 ,-2.94,-2.74
S000001625,1.94 ,1.45 ,1.16 ,0.5  ,2.39 ,2.2  ,1.99 ,2.03 ,2.08 ,1.95
S000001634,1.59 ,0.96 ,0.54 ,-0.1 ,2.28 ,3.0  ,2.74 ,2.09 ,1.94 ,2.12
S000001645,0.36 ,0.73 ,0.01 ,-0.2 ,0.87 ,1.32 ,1.34 ,2.12 ,1.85 ,1.92
S000001663,-1.36,-2.18,-1.09,0.15 ,-3.64,-2.0 ,-1.64,-1.32,-1.36,-1.47
S000001664,-2.18,-2.06,-1.03,-0.47,-1.94,-1.43,-1.74,-1.84,-1.69,-1.84
S000001671,1.41 ,1.05 ,0.36 ,0.32 ,1.61 ,1.96 ,2.27 ,1.99 ,2.4  ,2.26
S000001674,-2.47,-2.18,-1.09,-0.47,-1.32,-0.23,-0.81,-0.64,-0.74,-0.54
S000001684,1.69 ,2.56 ,1.41 ,1.58 ,0.06 ,-0.4 ,-0.92,-0.29,0.58 ,-0.4
S000001685,2.16 ,2.7  ,1.61 ,1.66 ,-0.06,-0.22,-0.2 ,0.0  ,0.51 ,0.08
S000001692,-0.07,0.18 ,-0.07,0.0  ,-0.62,-1.94,-3.32,-3.32,-4.32,-4.64
S000001695,-0.17,-0.42,0.03 ,0.08 ,-1.29,-1.64,-2.06,-1.94,-2.25,-2.18
S000001699,-3.47,-4.64,-3.47,-1.15,-4.32,-3.84,-4.32,-4.32,-4.32,-4.64
S000001701,2.59 ,3.03 ,2.87 ,1.85 ,1.91 ,1.17 ,1.04 ,0.96 ,1.25 ,1.13
S000001704,-0.15,-0.64,0.04 ,0.32 ,0.18 ,0.64 ,1.72 ,2.4  ,3.04 ,3.54
S000001717,0.2  ,0.45 ,-0.36,-0.14,0.77 ,2.79 ,2.49 ,2.09 ,2.3  ,2.2
S000001720,-1.09,-0.34,-0.22,-0.76,-1.6 ,-2.56,-2.06,-1.79,-1.79,-2.18
S000001721,-0.71,0.0  ,0.03 ,-0.27,-1.47,-3.18,-3.32,-3.47,-3.84,-3.84
S000001732,-2.18,-1.74,-0.18,-1.47,-0.97,-0.51,-0.74,-0.71,-0.86,-0.79
S000001741,3.2  ,3.43 ,3.75 ,2.98 ,4.62 ,4.54 ,4.43 ,5.8  ,5.18 ,6.12
S000001747,5.37 ,5.09 ,4.89 ,4.83 ,5.57 ,5.7  ,6.21 ,6.28 ,5.82 ,5.98
S000001750,-0.86,-0.54,-0.58,-0.54,-1.56,-2.06,-2.47,-2.47,-2.84,-2.84
S000001754,1.12 ,1.4  ,0.85 ,-0.12,3.08 ,2.98 ,3.06 ,3.16 ,3.46 ,3.47
S000001764,-2.32,-2.12,-0.47,-0.32,-0.17,0.19 ,-0.4 ,-0.32,-0.4 ,-0.47
S000001765,-1.94,-2.4 ,-1.09,-0.01,-3.06,-1.79,-1.47,-1.29,-0.76,-0.97
S000001777,3.05 ,3.97 ,2.72 ,2.31 ,0.45 ,0.77 ,0.82 ,1.26 ,1.97 ,1.58
S000001784,1.72 ,1.3  ,0.73 ,0.21 ,2.63 ,4.16 ,4.2  ,3.73 ,3.91 ,3.44
S000001788,2.36 ,1.91 ,2.2  ,2.03 ,-0.42,-0.17,-0.58,-0.51,-0.3 ,-0.32
S000001800,-2.32,-2.18,-0.89,-0.25,-1.84,-1.84,-1.94,-1.47,-2.74,-2.4
S000001802,-1.09,-1.74,-0.86,0.21 ,-2.12,-1.29,-0.74,-0.58,-0.36,-0.17
S000001805,0.12 ,-0.51,-0.4 ,-0.43,0.55 ,1.65 ,3.31 ,3.92 ,4.34 ,4.23
S000003931,-3.06,-2.84,-0.74,-0.1 ,-3.32,-2.25,-2.25,-2.25,-2.32,-2.47
S000003949,0.32 ,0.33 ,-0.67,-1.47,1.6  ,2.28 ,2.55 ,2.56 ,2.2  ,2.29
S000003964,0.11 ,0.01 ,-0.22,-0.4 ,1.2  ,2.29 ,2.05 ,1.89 ,2.02 ,1.78
S000003967,-2.12,-2.74,-1.22,-0.06,-3.64,-1.84,-1.6 ,-1.6 ,-1.64,-1.84
S000003968,-1.6 ,-2.56,-0.84,0.19 ,-3.64,-1.51,-1.4 ,-1.36,-1.25,-1.6
S000003978,2.74 ,3.32 ,1.52 ,1.06 ,1.84 ,2.04 ,3.33 ,3.27 ,3.9  ,3.11
S000003979,0.1  ,0.32 ,-0.2 ,-0.09,0.62 ,1.35 ,2.34 ,2.36 ,2.74 ,2.57
S000003983,0.53 ,0.76 ,0.41 ,0.41 ,1.0  ,1.98 ,2.38 ,1.82 ,2.51 ,1.89
S000003984,2.93 ,2.72 ,1.41 ,1.23 ,0.03 ,-0.22,0.03 ,1.13 ,2.03 ,1.59
S000003985,3.45 ,3.43 ,1.69 ,1.26 ,0.21 ,0.25 ,-0.09,-1.15,1.16 ,0.88
S000003992,-2.56,-1.94,-0.07,0.29 ,-1.47,-0.76,-0.97,-0.76,-0.97,-0.86
S000003994,0.25 ,0.06 ,0.14 ,0.43 ,0.61 ,1.58 ,2.76 ,2.31 ,2.7  ,2.51
S000003999,-3.06,-2.4 ,0.15 ,0.71 ,-1.84,-0.81,-1.03,-0.58,-0.69,-0.47
S000004007,-2.18,-1.84,-0.74,-0.2 ,-1.29,-0.94,-1.43,-0.94,-1.47,-1.09
S000004019,-0.67,-1.56,-0.54,0.33 ,-2.74,-2.0 ,-1.69,-1.36,-1.43,-1.4
S000004020,-0.54,0.21 ,-0.42,0.14 ,0.46 ,1.77 ,2.64 ,3.04 ,3.2  ,3.05
S000004021,-0.09,-0.01,-0.18,-0.12,0.79 ,2.12 ,3.12 ,3.11 ,3.25 ,3.11
S000004032,-0.29,-0.4 ,-0.3 ,-0.3 ,-1.32,-2.18,-2.4 ,-2.32,-2.56,-2.74
S000004038,-2.06,-3.06,-1.47,-0.34,-4.06,-2.56,-1.74,-1.79,-1.94,-1.94
S000004044,-0.17,-0.09,0.7  ,0.29 ,0.77 ,0.93 ,1.25 ,2.22 ,0.93 ,3.17
S000004048,2.23 ,2.8  ,2.89 ,2.75 ,-1.4 ,-1.25,-1.51,-1.69,-2.0 ,-2.18
S000004050,-0.69,-0.74,-0.27,-0.22,-2.0 ,-2.32,-2.64,-2.74,-2.84,-2.94
S000004052,-1.94,-2.4 ,-1.12,0.1  ,-3.84,-2.84,-2.0 ,-1.79,-1.69,-2.06
S000004060,0.42 ,0.14 ,-0.18,-0.36,0.28 ,1.44 ,2.39 ,2.17 ,2.53 ,1.66
S000004063,-2.56,-1.94,-0.92,-0.25,-1.32,-0.54,-1.18,-1.09,-1.09,-1.18
S000004065,-1.09,-1.84,-0.94,-0.14,-2.94,-1.6 ,-1.32,-1.15,-0.84,-1.12
S000004066,-0.71,-1.64,-0.97,0.04 ,-2.84,-1.43,-0.76,-0.74,-1.25,-0.92
S000004070,1.14 ,1.11 ,0.6  ,0.11 ,1.94 ,2.32 ,2.61 ,2.25 ,2.82 ,2.09
S000004073,-2.12,-1.64,-0.92,-0.51,-2.0 ,-2.32,-3.18,-3.06,-3.06,-3.06
S000004074,0.06 ,0.23 ,0.12 ,0.04 ,-0.43,-1.94,-2.74,-2.74,-2.64,-2.64
S000004082,3.61 ,4.29 ,2.94 ,3.61 ,0.9  ,0.72 ,1.32 ,1.04 ,1.57 ,1.5
S000004120,-1.89,-2.32,-1.29,-0.89,-1.56,-1.29,-1.29,-0.94,-0.97,-0.97
S000004126,1.19 ,0.53 ,-0.34,-0.51,2.17 ,2.0  ,1.64 ,1.44 ,1.53 ,1.48
S000004132,2.6  ,1.99 ,2.62 ,2.54 ,5.62 ,5.62 ,5.73 ,6.12 ,6.51 ,6.85
S000004139,2.49 ,2.04 ,0.58 ,-0.29,2.6  ,2.67 ,2.88 ,2.75 ,2.83 ,2.88
S000004140,-0.03,-0.94,-0.49,0.82 ,-2.47,-1.09,-0.79,-0.6 ,-0.76,-0.79
S000004143,0.25 ,0.5  ,0.28 ,-0.04,0.69 ,-0.12,-1.32,-2.06,-2.32,-2.74
S000004145,1.14 ,1.85 ,2.42 ,1.86 ,3.55 ,2.63 ,2.83 ,2.53 ,2.68 ,2.43
S000004146,0.46 ,1.16 ,0.89 ,0.58 ,2.36 ,1.47 ,1.42 ,1.84 ,1.4  ,1.26
S000004147,0.96 ,1.72 ,2.28 ,1.75 ,3.83 ,2.46 ,2.89 ,2.36 ,2.45 ,2.21
S000004148,1.18 ,1.97 ,2.52 ,1.86 ,3.57 ,2.38 ,2.77 ,2.62 ,2.47 ,2.43
S000004149,0.38 ,1.09 ,1.14 ,0.99 ,2.24 ,1.82 ,1.86 ,1.52 ,1.43 ,1.54
S000004150,1.04 ,1.82 ,2.36 ,1.83 ,3.46 ,2.15 ,2.64 ,2.54 ,2.5  ,2.43
S000004151,0.38 ,1.2  ,1.18 ,0.92 ,2.35 ,1.81 ,1.7  ,1.56 ,1.55 ,1.44
S000004154,1.28 ,0.71 ,0.08 ,0.04 ,3.6  ,4.21 ,4.83 ,4.02 ,4.67 ,4.09
S000004164,0.93 ,1.19 ,1.34 ,0.88 ,1.3  ,2.49 ,3.06 ,2.38 ,3.59 ,2.76
S000004165,-3.84,-2.4 ,-0.69,-0.1 ,-3.64,-2.84,-3.32,-3.18,-3.06,-3.18
S000004168,3.16 ,2.18 ,0.85 ,-0.29,4.08 ,3.91 ,3.92 ,3.3  ,3.8  ,3.1
S000004173,-1.89,0.0  ,-0.03,0.58 ,-1.32,-2.06,-2.56,-1.94,-2.06,-1.94
S000004175,-2.06,-2.25,-1.15,0.19 ,-3.18,-1.84,-1.18,-1.0 ,-0.58,-0.76
S000004176,-2.47,-1.79,-0.62,-0.07,-1.47,-0.97,-1.15,-1.06,-0.79,-0.84
S000004180,0.33 ,-0.25,-0.1 ,0.1  ,0.1  ,-0.79,-1.79,-1.64,-2.18,-1.94
S000004186,-3.64,-2.74,-0.74,-0.06,-2.56,-1.89,-2.32,-2.4 ,-2.56,-2.47
S000004187,-3.64,-2.74,-0.74,0.0  ,-3.64,-3.06,-3.47,-3.47,-3.47,-3.64
S000004188,-2.94,-2.47,-0.69,0.39 ,-3.64,-2.74,-2.94,-2.84,-3.64,-3.64
S000004212,-2.84,-2.25,-0.3 ,0.24 ,-2.47,-1.74,-2.32,-1.89,-2.25,-2.0
S000004236,1.21 ,1.18 ,1.06 ,0.73 ,1.88 ,1.59 ,1.93 ,2.25 ,2.32 ,2.2
S000004239,-2.74,-3.06,-1.51,-0.25,-2.84,-2.32,-2.74,-2.25,-2.94,-2.94
S000004241,1.27 ,0.7  ,-0.32,-0.47,1.48 ,1.94 ,2.35 ,1.8  ,1.72 ,1.4
S000004242,1.45 ,0.56 ,-0.2 ,-0.71,1.77 ,2.1  ,2.63 ,2.35 ,2.02 ,1.5
S000004244,1.03 ,1.24 ,1.16 ,0.52 ,1.41 ,1.97 ,2.87 ,3.14 ,3.28 ,3.88
S000004247,1.24 ,0.6  ,-0.43,-0.6 ,2.0  ,1.58 ,1.76 ,1.82 ,2.04 ,2.22
S000004254,-2.06,-2.12,-1.32,-0.43,-2.74,-1.94,-1.79,-1.69,-1.47,-1.79
S000004260,1.74 ,1.37 ,0.79 ,-0.2 ,2.4  ,2.26 ,1.85 ,1.79 ,1.79 ,1.4
S000004266,-2.74,-1.64,-0.17,0.14 ,-1.51,-0.94,-1.6 ,-1.47,-1.29,-1.51
S000004274,1.47 ,0.84 ,0.03 ,0.03 ,1.24 ,2.27 ,2.07 ,1.34 ,1.46 ,0.99
S000004276,0.0  ,-0.47,-0.36,-0.04,1.38 ,-1.0 ,-3.47,-3.84,-4.32,-4.32
S000004278,-0.2 ,-0.47,0.01 ,0.51 ,-1.18,-0.22,1.07 ,1.15 ,2.16 ,2.23
S000004288,-1.43,-1.25,-0.92,-0.36,0.76 ,1.81 ,2.05 ,2.05 ,2.06 ,2.14
S000004290,1.91 ,1.64 ,1.41 ,0.93 ,3.14 ,2.93 ,2.65 ,3.17 ,3.02 ,3.49
S000004291,-0.84,-1.09,-0.51,-0.14,0.03 ,-0.97,-2.06,-2.32,-2.18,-2.64
S000004294,3.75 ,3.55 ,3.36 ,2.8  ,-0.1 ,-0.84,-0.51,-0.06,0.07 ,-0.18
S000004303,0.51 ,1.54 ,0.32 ,-0.38,4.05 ,4.53 ,5.15 ,5.35 ,5.02 ,5.43
S000004306,0.82 ,0.7  ,0.62 ,0.31 ,-0.89,-2.56,-2.56,-2.06,-2.06,-1.84
S000004315,0.06 ,-0.06,0.39 ,0.11 ,0.65 ,1.38 ,1.73 ,2.09 ,2.01 ,2.24
S000004317,-1.43,-1.89,-0.64,0.48 ,-3.18,-2.32,-1.6 ,-1.0 ,-1.25,-1.12
S000004319,2.24 ,3.05 ,1.48 ,0.25 ,2.8  ,3.64 ,3.24 ,3.01 ,3.27 ,3.73
S000004325,-1.18,-1.94,-0.97,0.0  ,-2.47,-1.89,-0.84,-0.49,-0.09,-0.51
S000004331,-1.84,-2.94,-1.84,-0.47,-3.84,-3.32,-2.64,-2.94,-2.84,-2.94
S000004332,-1.64,-2.74,-1.64,-0.36,-3.84,-3.06,-2.47,-2.56,-2.64,-2.64
S000004334,-0.97,-0.51,-0.64,-0.49,-1.32,-2.4 ,-2.56,-2.47,-2.74,-2.64
S000004336,-2.0 ,-2.4 ,-1.06,-0.04,-2.74,-1.84,-1.03,-0.79,-0.92,-0.56
S000004347,0.59 ,-0.58,1.6  ,1.23 ,-2.12,-1.22,-1.15,-1.29,-1.06,-0.89
S000004348,0.99 ,0.82 ,0.58 ,0.33 ,2.35 ,2.22 ,1.97 ,1.71 ,2.02 ,1.58
S000004359,-2.0 ,-2.56,-1.47,-0.17,-3.32,-2.4 ,-1.84,-2.32,-2.12,-2.06
S000004364,-2.32,-1.79,-0.79,-0.38,-2.4 ,-3.06,-4.06,-3.84,-4.06,-4.32
S000004369,0.09 ,-0.09,-0.37,-0.3 ,0.04 ,1.27 ,1.6  ,2.07 ,2.81 ,2.65
S000004370,-1.06,-0.89,-0.92,-0.64,-1.09,-1.64,-2.0 ,-2.18,-2.06,-2.56
S000004380,-1.84,-2.74,-1.22,0.04 ,-3.18,-2.4 ,-1.64,-1.6 ,-1.22,-1.32
S000004392,-1.79,-2.4 ,-0.34,-0.12,-2.06,-1.22,-1.12,-0.81,-0.45,-0.79
S000004393,-2.56,-2.74,-0.22,0.19 ,-2.74,-1.18,-1.6 ,-1.12,-1.51,-0.94
S000004401,-3.06,-2.47,-0.84,-0.43,-2.47,-1.47,-1.94,-1.94,-1.84,-2.06
S000004405,-2.56,-2.64,-2.18,-1.43,-3.18,-4.06,-4.64,-4.06,-4.64,-5.06
S000004420,0.1  ,0.34 ,-0.01,-0.22,-0.74,-1.29,-1.94,-1.94,-1.79,-2.12
S000004423,1.16 ,0.84 ,0.69 ,0.77 ,0.85 ,0.87 ,1.38 ,1.89 ,1.79 ,2.17
S000004424,-1.4 ,-1.89,-1.09,-0.3 ,-2.84,-3.06,-3.64,-3.64,-3.84,-4.06
S000004433,-0.67,-1.64,-0.64,0.5  ,-2.84,-1.69,-1.0 ,-1.0 ,-0.92,-1.0
S000004440,-1.69,-2.32,-1.18,0.11 ,-3.47,-2.4 ,-1.36,-1.18,-1.4 ,-1.25
S000004441,-1.79,-2.06,-0.89,-0.01,-2.32,-2.0 ,-2.32,-2.12,-2.18,-2.0
S000004444,0.43 ,0.06 ,-0.34,-0.58,-1.06,-1.69,-2.0 ,-1.94,-2.32,-2.4
S000004449,0.53 ,0.8  ,0.77 ,0.5  ,0.79 ,0.82 ,1.26 ,1.59 ,2.17 ,1.92
S000004467,0.25 ,0.86 ,0.49 ,0.2  ,1.19 ,0.06 ,-1.32,-1.89,-1.79,-2.12
S000004484,-2.12,-2.32,-2.32,-1.47,-2.94,-2.47,-2.12,-2.12,-2.06,-2.06
S000004486,-1.56,-2.06,-1.09,-0.06,-3.18,-2.12,-1.4 ,-1.32,-0.76,-0.56
S000004488,-1.43,-2.25,-1.32,-0.14,-2.84,-2.18,-1.56,-1.6 ,-1.12,-1.09
S000004503,0.87 ,1.19 ,1.44 ,1.51 ,0.82 ,0.28 ,-1.79,-2.94,-4.06,-4.06
S000004504,1.16 ,1.61 ,1.78 ,1.7  ,1.19 ,0.53 ,-1.94,-2.56,-3.64,-4.06
S000004506,0.33 ,0.77 ,-0.17,-0.15,1.29 ,2.02 ,1.9  ,1.37 ,2.39 ,2.11
S000004508,1.11 ,1.53 ,1.76 ,1.77 ,1.15 ,0.68 ,-2.12,-2.64,-4.06,-4.06
S000004510,-0.51,0.34 ,-0.4 ,-0.38,-0.6 ,-0.81,-1.69,-1.69,-2.25,-2.0
S000004516,-0.13,-0.77,-0.04,-0.1 ,-0.12,-1.89,-2.69,-3.01,-3.33,-3.4
S000004518,0.92 ,0.72 ,0.57 ,0.24 ,1.29 ,1.97 ,2.54 ,2.38 ,2.45 ,2.44
S000004520,-2.32,-3.06,-1.94,-0.76,-3.84,-3.32,-4.32,-3.84,-4.32,-4.32
S000004528,-0.42,-1.84,-0.42,0.55 ,-2.74,-1.69,-0.74,-0.71,-0.92,-1.09
S000004538,-1.36,-2.56,-1.15,0.19 ,-3.84,-2.25,-1.36,-1.25,-1.06,-0.94
S000004539,0.06 ,-0.03,-0.2 ,-0.18,-1.22,-1.84,-1.69,-1.64,-1.64,-2.18
S000004550,-0.45,-0.71,-0.15,-0.32,-0.42,-1.84,-2.4 ,-2.12,-2.4 ,-2.56
S000004552,0.01 ,0.0  ,-0.26,0.02 ,1.04 ,1.75 ,1.88 ,2.2  ,2.11 ,2.06
S000004558,-2.84,-1.79,-0.3 ,0.07 ,-2.74,-1.64,-1.84,-1.56,-1.69,-2.32
S000004566,1.32 ,1.01 ,-0.47,-1.56,1.99 ,2.19 ,1.32 ,0.81 ,0.43 ,0.54
S000004587,0.99 ,0.83 ,0.52 ,0.18 ,1.11 ,1.45 ,2.18 ,1.84 ,2.53 ,2.16
S000004595,-0.71,-0.67,-0.51,-0.81,-0.43,-1.25,-2.18,-2.56,-2.56,-2.94
S000004597,3.25 ,2.49 ,1.26 ,-0.42,4.07 ,4.85 ,4.48 ,4.85 ,4.45 ,4.67
S000004603,0.87 ,0.44 ,1.18 ,0.98 ,-0.34,-1.74,-1.03,-1.89,-1.84,-2.25
S000004608,-1.06,-1.47,-0.76,-0.38,-0.22,-0.94,-1.43,-1.56,-2.12,-1.94
S000004613,0.04 ,0.1  ,-0.12,-0.42,-0.34,-1.09,-2.4 ,-2.18,-2.47,-2.25
S000004614,-0.4 ,-0.59,-0.86,-0.43,-1.74,-2.21,-2.29,-2.48,-2.71,-2.66
S000004635,0.36 ,0.42 ,0.84 ,0.45 ,0.31 ,-2.0 ,-2.6 ,-2.28,-2.65,-2.69
S000004643,0.65 ,0.29 ,0.12 ,0.0  ,1.14 ,1.69 ,2.6  ,2.46 ,2.92 ,2.71
S000004644,1.06 ,0.95 ,0.76 ,0.16 ,2.38 ,2.31 ,2.4  ,2.42 ,2.0  ,1.94
S000004648,0.36 ,1.09 ,1.23 ,1.09 ,0.77 ,0.12 ,-2.56,-3.47,-4.06,-4.32
S000004649,1.1  ,1.76 ,1.85 ,1.64 ,1.91 ,0.58 ,-1.94,-2.64,-3.47,-3.84
S000004652,-3.84,-2.47,-0.84,-0.34,-2.64,-1.79,-2.18,-2.25,-2.25,-2.25
S000004653,0.76 ,1.16 ,1.51 ,1.17 ,0.74 ,0.18 ,-2.0 ,-3.32,-4.06,-4.06
S000004654,1.11 ,1.79 ,1.93 ,1.59 ,1.9  ,0.58 ,-1.94,-2.94,-3.84,-4.06
S000004660,-0.17,-0.23,-0.04,0.33 ,0.85 ,1.58 ,2.12 ,1.59 ,2.04 ,2.07
S000004662,1.12 ,-0.18,-0.12,1.24 ,1.58 ,0.11 ,-1.94,-3.06,-3.32,-3.47
S000004686,-0.01,-0.1 ,-0.38,-0.4 ,2.47 ,3.63 ,3.65 ,3.24 ,3.31 ,3.02
S000004694,1.39 ,1.72 ,2.51 ,1.7  ,1.93 ,1.43 ,1.42 ,1.08 ,1.36 ,1.27
S000004696,1.84 ,1.7  ,1.12 ,0.12 ,2.93 ,3.49 ,3.79 ,3.11 ,3.67 ,3.29
S000004699,-3.47,-2.4 ,-0.64,-0.18,-1.69,-1.09,-2.32,-2.0 ,-2.18,-1.74
S000004702,2.18 ,3.16 ,2.8  ,2.24 ,0.66 ,1.11 ,2.28 ,2.51 ,3.03 ,2.86
S000004711,2.33 ,1.51 ,0.1  ,-1.12,1.33 ,1.38 ,0.15 ,-0.07,0.07 ,0.0
S000004713,1.77 ,1.49 ,0.33 ,0.16 ,3.63 ,5.45 ,5.66 ,4.65 ,5.43 ,6.51
S000004720,0.91 ,1.26 ,0.53 ,0.26 ,1.19 ,1.81 ,2.66 ,2.68 ,3.38 ,3.01
S000004722,-2.0 ,-2.94,-1.89,-0.42,-4.64,-4.06,-2.84,-3.18,-3.06,-2.84
S000004724,0.12 ,-0.27,-0.23,-0.4 ,1.11 ,4.22 ,5.51 ,4.87 ,5.35 ,5.25
S000004727,3.44 ,3.48 ,3.84 ,3.4  ,-0.43,0.0  ,-0.07,0.17 ,-0.17,-0.64
S000004728,-0.15,-0.97,-0.25,0.5  ,-2.12,-1.43,-0.71,-0.94,-0.76,-0.89
S000004738,-3.18,-2.47,-0.36,0.03 ,-2.25,-1.15,-1.36,-1.25,-1.56,-1.43
S000004744,0.26 ,0.0  ,-0.32,-0.07,1.85 ,2.13 ,1.29 ,1.36 ,1.13 ,0.92
S000004750,-1.51,-2.25,-1.12,0.11 ,-3.47,-2.25,-1.29,-1.47,-1.18,-1.18
S000004751,-2.12,-2.56,-1.69,-0.45,-3.84,-2.94,-2.12,-1.89,-1.74,-1.6
S000004764,0.92 ,0.66 ,0.39 ,0.14 ,2.12 ,1.44 ,1.64 ,1.45 ,1.52 ,1.12
S000004779,0.29 ,0.41 ,-0.08,-0.56,1.15 ,1.65 ,1.59 ,3.34 ,1.25 ,1.58
S000004780,1.02 ,0.86 ,-0.04,-0.69,2.86 ,3.27 ,3.53 ,3.11 ,2.94 ,2.67
S000004784,2.17 ,1.9  ,1.29 ,0.63 ,2.15 ,1.83 ,1.29 ,1.07 ,0.78 ,0.63
S000004786,0.88 ,0.75 ,0.23 ,0.12 ,1.91 ,2.27 ,2.41 ,2.28 ,2.53 ,2.24
S000004787,0.22 ,0.2  ,0.09 ,-0.3 ,3.5  ,5.25 ,5.27 ,5.22 ,4.8  ,5.83
S000004793,0.46 ,0.06 ,0.26 ,-0.14,2.38 ,3.15 ,3.15 ,2.85 ,2.98 ,2.5
S000004794,-0.38,-0.3 ,0.0  ,0.15 ,1.34 ,2.07 ,2.34 ,2.2  ,1.78 ,1.33
S000004803,0.54 ,-0.09,-0.12,-0.74,1.03 ,1.81 ,1.85 ,1.78 ,2.15 ,1.81
S000004807,-0.97,-1.69,-0.43,0.41 ,-2.47,-1.4 ,-0.45,-0.27,0.34 ,0.52
S000004809,2.24 ,2.14 ,0.66 ,-0.38,2.52 ,1.9  ,1.81 ,1.42 ,1.85 ,1.64
S000004828,-1.06,-1.32,-0.17,0.06 ,-0.45,-2.56,-3.18,-3.06,-3.06,-3.18
S000004830,-2.47,-3.47,-1.12,-0.2 ,-2.32,-1.94,-2.74,-2.64,-2.74,-3.06
S000004839,1.12 ,1.44 ,1.41 ,0.82 ,2.26 ,1.6  ,1.32 ,1.67 ,1.37 ,1.43
S000004842,-2.62,-1.58,-1.42,-0.58,-2.98,-2.77,-3.2 ,-3.48,-3.24,-3.56
S000004843,-1.36,-2.0 ,-0.92,0.04 ,-2.32,-2.0 ,-0.76,-0.58,-0.14,0.18
S000004855,-1.64,-2.64,-1.12,0.07 ,-3.32,-2.32,-1.6 ,-1.32,-1.36,-1.25
S000004860,-0.97,-1.12,-0.45,-0.12,-0.47,-1.25,-2.0 ,-2.06,-2.74,-2.64
S000004862,1.83 ,0.76 ,-0.42,-1.4 ,2.1  ,2.53 ,2.38 ,1.78 ,1.36 ,1.34
S000004866,1.19 ,0.93 ,0.43 ,0.07 ,1.88 ,1.83 ,1.89 ,1.99 ,2.11 ,2.22
S000004884,1.37 ,0.98 ,0.65 ,0.07 ,2.01 ,3.12 ,3.74 ,2.99 ,2.29 ,2.41
S000004903,-2.64,-2.94,-0.86,-0.17,-2.64,-1.51,-2.94,-2.56,-2.94,-3.06
S000004908,0.4  ,0.73 ,0.67 ,0.76 ,0.55 ,0.85 ,1.82 ,1.49 ,2.13 ,1.67
S000004915,1.7  ,1.82 ,2.28 ,2.05 ,-0.97,-0.74,-1.32,-1.09,-1.29,-1.56
S000004919,-1.36,-1.12,-0.58,-0.36,-1.51,-2.74,-3.06,-2.84,-3.32,-3.47
S000004921,-1.74,-0.84,-0.51,-0.25,-1.51,-2.94,-4.64,-4.32,-5.06,-4.64
S000004924,-1.29,-1.18,-0.58,-0.34,-1.94,-3.32,-4.32,-4.64,-5.06,-4.64
S000004925,-1.25,-1.36,-0.97,-0.4 ,-1.94,-1.94,-2.12,-1.84,-2.56,-2.32
S000004927,-2.32,-2.32,-0.89,-0.3 ,-1.32,-0.67,-0.58,-0.32,-0.74,-0.34
S000004937,-0.07,-0.49,-0.32,-0.6 ,-1.03,-2.4 ,-3.84,-3.64,-3.84,-3.84
S000004940,-1.03,-0.97,-0.62,-0.58,-1.79,-1.94,-2.94,-2.84,-3.18,-2.56
S000004941,0.34 ,0.28 ,-0.32,0.03 ,2.22 ,3.51 ,4.25 ,3.99 ,4.79 ,4.97
S000004947,-2.74,-1.94,0.21 ,0.71 ,-1.09,-0.62,-0.64,-0.29,-0.45,-0.15
S000004954,0.42 ,0.64 ,0.19 ,0.04 ,1.27 ,2.66 ,2.86 ,2.29 ,2.23 ,2.22
S000004959,-0.29,-1.32,-0.74,-0.14,-0.32,1.01 ,1.37 ,1.06 ,2.04 ,2.29
S000004960,1.65 ,2.27 ,1.34 ,1.04 ,3.26 ,3.79 ,3.68 ,3.5  ,3.29 ,3.5
S000004969,-1.0 ,-1.6 ,-0.84,-0.51,-1.56,-1.32,-2.0 ,-2.12,-2.25,-2.18
S000004981,4.11 ,3.8  ,2.32 ,1.37 ,1.7  ,2.21 ,1.64 ,1.85 ,2.34 ,1.85
S000004982,1.02 ,2.11 ,1.55 ,0.68 ,0.77 ,0.58 ,0.16 ,-0.12,-0.34,-0.18
S000004989,-0.84,-1.14,-0.54,-0.63,-0.66,-1.5 ,-2.12,-1.71,-1.56,-1.52
S000004991,-0.15,-0.3 ,-1.03,-0.64,-0.51,-1.43,-1.89,-2.25,-1.84,-1.89
S000005003,-0.3 ,-0.38,0.0  ,-0.15,-0.71,-1.89,-1.94,-2.0 ,-2.64,-3.18
S000005005,-2.84,-2.0 ,-0.34,0.0  ,-1.89,-1.03,-1.69,-1.36,-1.79,-1.79
S000005006,-2.64,-1.74,-0.29,-0.18,-1.47,-0.71,-1.51,-1.6 ,-1.6 ,-1.79
S000005009,-2.12,-2.32,-0.43,-0.56,1.11 ,1.76 ,0.59 ,0.53 ,-0.17,-0.51
S000005010,-0.6 ,-0.81,-0.58,0.07 ,0.99 ,-1.43,-3.18,-3.32,-1.84,-3.47
S000005011,-1.32,-2.56,-0.84,0.32 ,-3.18,-1.51,-1.22,-1.32,-1.12,-1.29
S000005013,-2.0 ,-2.84,-1.56,-0.18,-3.64,-2.4 ,-1.84,-2.18,-1.74,-1.79
S000005019,-2.25,-1.43,0.06 ,0.32 ,-1.18,-0.14,-0.15,-0.32,-0.06,-0.04
S000005022,0.48 ,-0.29,-0.81,0.14 ,0.3  ,-1.29,-1.89,-2.0 ,-2.18,-2.25
S000005029,-0.27,-0.54,-0.32,-0.27,-1.36,-2.12,-2.47,-2.4 ,-2.56,-2.56
S000005036,1.18 ,0.94 ,0.24 ,0.0  ,1.43 ,1.74 ,2.14 ,2.23 ,2.17 ,2.21
S000005037,0.2  ,0.61 ,-0.17,-0.06,0.76 ,1.68 ,2.82 ,2.2  ,3.15 ,3.0
S000005040,-2.18,-1.94,-0.86,0.14 ,-3.32,-2.25,-1.89,-1.79,-1.74,-1.43
S000005054,-2.12,-1.56,0.79 ,1.06 ,-0.69,0.2  ,0.28 ,0.59 ,0.4  ,0.54
S000005059,1.01 ,0.74 ,0.33 ,0.04 ,2.37 ,2.4  ,2.53 ,2.59 ,2.37 ,2.44
S000005061,1.3  ,2.03 ,1.99 ,1.7  ,2.62 ,3.21 ,4.42 ,4.19 ,4.4  ,4.51
S000005063,-1.6 ,-2.47,-1.25,-0.18,-2.56,-1.89,-1.18,-1.47,-1.47,-1.43
S000005073,1.16 ,1.2  ,1.53 ,1.02 ,2.1  ,2.05 ,2.2  ,2.52 ,2.21 ,2.19
S000005076,-4.32,-2.4 ,-1.0 ,-0.51,-3.18,-2.47,-3.06,-3.06,-3.18,-2.94
S000005085,-2.74,-2.4 ,-0.97,0.29 ,-1.06,0.52 ,-0.69,-0.64,-1.36,-1.25
S000005086,5.34 ,5.02 ,5.33 ,5.87 ,5.86 ,5.98 ,5.91 ,5.48 ,5.64 ,5.81
S000005098,-0.34,-0.03,-0.06,0.0  ,-1.18,-1.12,-2.12,-1.84,-1.89,-1.79
S000005104,0.12 ,0.01 ,-0.81,-1.56,1.4  ,2.33 ,1.47 ,0.51 ,-0.14,-0.64
S000005106,-2.25,-2.12,-0.69,0.48 ,-2.56,-1.03,-0.4 ,-0.25,0.26 ,0.2
S000005108,-0.74,-0.15,0.37 ,0.77 ,0.72 ,1.16 ,1.65 ,1.77 ,1.97 ,2.11
S000005118,-3.84,-2.84,-0.47,0.31 ,-2.47,-1.56,-2.74,-2.64,-2.47,-2.56
S000005119,-3.47,-2.94,-0.38,0.46 ,-2.94,-1.6 ,-1.89,-1.89,-2.25,-1.94
S000005122,-1.22,-2.84,-1.03,-0.04,-3.47,-2.18,-1.94,-1.69,-1.6 ,-1.79
S000005126,-3.32,-2.64,-0.67,-0.25,-1.89,-1.12,-1.74,-1.25,-1.43,-1.4
S000005136,-0.49,-0.4 ,-0.89,-0.34,-0.76,-1.74,-2.64,-1.56,-1.89,-1.36
S000005138,0.89 ,0.2  ,-0.69,-0.97,2.15 ,3.47 ,3.27 ,2.81 ,3.16 ,3.01
S000005139,0.99 ,0.32 ,-0.49,-0.97,3.05 ,4.29 ,4.79 ,4.59 ,4.84 ,4.34
S000005144,0.86 ,0.28 ,0.01 ,-0.43,2.55 ,2.98 ,2.82 ,2.81 ,2.48 ,2.53
S000005146,0.23 ,-0.04,0.12 ,-0.09,1.71 ,2.77 ,2.08 ,1.69 ,1.61 ,1.71
S000005147,-0.15,0.08 ,-0.06,-0.3 ,1.41 ,2.66 ,2.13 ,1.76 ,1.58 ,1.54
S000005153,-1.84,-2.56,-1.56,-0.47,-3.06,-2.74,-2.47,-2.74,-2.84,-2.74
S000005164,2.0  ,2.22 ,2.22 ,1.81 ,-0.84,-1.09,-1.29,-1.09,-1.56,-1.4
S000005171,-0.62,-0.3 ,0.62 ,-2.18,-0.81,-0.25,0.29 ,0.7  ,0.65 ,0.54
S000005183,1.1  ,1.44 ,1.52 ,0.12 ,2.47 ,1.26 ,1.14 ,0.84 ,0.53 ,0.32
S000005191,-1.22,-0.89,-0.09,0.03 ,-2.12,-2.18,-3.06,-3.06,-2.47,-2.94
S000005192,-4.64,-3.06,-0.67,0.0  ,-3.18,-1.74,-2.4 ,-2.18,-2.25,-2.18
S000005218,2.24 ,1.81 ,1.65 ,0.18 ,1.8  ,1.67 ,1.21 ,1.1  ,1.43 ,1.43
S000005220,2.76 ,3.13 ,2.76 ,2.47 ,1.15 ,1.41 ,1.92 ,1.9  ,2.57 ,2.3
S000005221,2.93 ,3.87 ,3.14 ,2.62 ,1.41 ,1.29 ,1.74 ,1.8  ,2.52 ,2.04
S000005223,0.59 ,0.53 ,0.15 ,-1.15,-1.12,-1.36,-1.84,-1.79,-1.79,-2.12
S000005227,0.26 ,-0.25,-0.14,-0.2 ,-0.84,-2.0 ,-2.25,-2.0 ,-1.94,-2.18
S000005240,0.0  ,0.41 ,-0.54,-0.62,-0.79,-1.15,-2.12,-2.12,-2.32,-2.25
S000005244,-0.94,-0.15,-0.09,0.25 ,-0.43,-2.18,-2.0 ,-1.89,-2.18,-2.12
S000005245,-1.56,-2.47,-1.4 ,-0.34,-3.47,-2.32,-1.74,-1.69,-1.56,-1.51
S000005252,-2.56,-1.74,0.4  ,0.75 ,-1.84,-1.09,-1.43,-0.69,-0.89,-1.15
S000005257,-2.12,-1.79,-0.56,-0.2 ,-1.47,-1.03,-1.29,-1.36,-1.56,-1.51
S000005258,0.53 ,0.32 ,0.72 ,0.32 ,1.41 ,1.6  ,2.01 ,1.94 ,2.46 ,2.87
S000005271,-0.27,-0.58,-1.56,-0.4 ,0.24 ,-2.56,-4.32,-5.06,-5.64,-5.64
S000005275,1.06 ,0.75 ,0.28 ,0.2  ,0.46 ,0.99 ,2.78 ,2.51 ,2.36 ,2.01
S000005279,1.11 ,1.47 ,0.82 ,0.34 ,0.9  ,0.77 ,1.62 ,2.36 ,2.41 ,2.5
S000005290,0.9  ,0.95 ,0.58 ,-0.03,1.58 ,1.87 ,1.7  ,1.97 ,2.26 ,2.03
S000005304,-0.53,-0.51,-0.26,-0.25,-0.93,-1.25,-0.8 ,-1.13,-2.32,-2.47
S000005326,-1.06,-1.0 ,-0.71,-0.58,-1.0 ,-2.06,-2.74,-2.84,-2.94,-2.84
S000005327,-0.79,-0.67,-0.58,-1.69,-2.74,-3.47,-4.06,-4.32,-4.32,-4.64
S000005333,1.98 ,3.96 ,4.51 ,3.18 ,1.74 ,0.5  ,0.39 ,0.2  ,-0.14,-0.4
S000005336,-3.06,-3.06,-0.1 ,0.19 ,-2.06,-0.58,-0.71,-0.81,-0.76,-0.74
S000005337,-2.12,-1.47,-0.17,0.32 ,-1.32,-0.84,-0.67,-0.58,-0.67,-0.58
S000005347,2.0  ,3.91 ,1.86 ,0.3  ,0.96 ,0.93 ,0.92 ,1.3  ,1.3  ,1.66
S000005351,0.98 ,0.87 ,0.52 ,0.01 ,0.85 ,1.03 ,3.79 ,1.89 ,1.75 ,2.17
S000005352,0.53 ,1.5  ,0.62 ,-0.06,1.9  ,1.75 ,2.66 ,3.12 ,2.63 ,3.34
S000005367,-0.38,0.53 ,0.12 ,0.3  ,-0.45,-2.06,-1.79,-1.47,-1.79,-2.12
S000005370,-2.64,-2.32,-0.47,-0.15,-1.15,-0.51,-0.89,-0.76,-1.0 ,-0.92
S000005371,-1.15,-1.0 ,-1.22,-0.86,-0.84,-1.64,-2.12,-2.4 ,-2.56,-2.4
S000005379,1.4  ,0.96 ,1.15 ,1.07 ,2.14 ,0.65 ,1.3  ,1.29 ,1.25 ,1.29
S000005380,-1.12,-1.47,-2.0 ,-2.64,-2.84,-2.94,-2.32,-2.64,-2.74,-2.56
S000005390,-0.76,-0.56,0.04 ,0.07 ,-0.54,-1.32,-1.94,-1.79,-2.12,-2.47
S000005399,-1.84,-2.84,-1.6 ,-0.23,-3.64,-2.32,-2.18,-2.32,-2.18,-2.4
S000005400,-2.25,-2.74,-1.43,-0.09,-3.64,-2.18,-1.74,-1.84,-1.64,-1.74
S000005404,0.32 ,0.25 ,0.58 ,0.68 ,1.72 ,2.0  ,1.82 ,2.05 ,2.23 ,2.32
S000005419,4.54 ,4.31 ,3.76 ,2.19 ,2.28 ,1.29 ,0.78 ,0.58 ,0.63 ,0.72
S000005425,3.21 ,2.68 ,1.95 ,1.41 ,0.15 ,-0.1 ,0.03 ,-0.01,0.39 ,0.15
S000005432,1.13 ,0.93 ,0.61 ,0.36 ,1.47 ,1.89 ,2.22 ,2.42 ,2.97 ,2.81
S000005437,-3.18,-2.94,-0.2 ,0.4  ,-2.12,-1.15,-1.51,-1.25,-1.4 ,-1.47
S000005442,2.31 ,1.89 ,1.25 ,0.65 ,2.47 ,2.43 ,2.5  ,2.57 ,2.16 ,2.06
S000005443,1.91 ,1.66 ,1.32 ,0.58 ,2.88 ,3.1  ,3.36 ,3.51 ,3.79 ,3.55
S000005444,1.86 ,1.7  ,0.7  ,-0.47,4.1  ,4.93 ,4.33 ,3.81 ,3.28 ,3.31
S000005457,-0.92,-0.81,-0.34,-0.34,-1.79,-2.32,-2.47,-2.32,-2.4 ,-2.32
S000005463,-0.49,-0.3 ,-0.54,-0.17,-1.03,-1.47,-1.79,-1.84,-2.18,-2.32
S000005465,0.2  ,0.06 ,-0.04,-0.12,0.0  ,-0.62,-1.51,-1.6 ,-1.74,-2.32
S000005468,1.24 ,1.01 ,1.05 ,0.85 ,2.09 ,2.52 ,2.44 ,2.61 ,2.83 ,2.75
S000005479,2.04 ,2.41 ,2.58 ,1.9  ,1.85 ,2.0  ,2.11 ,2.04 ,2.48 ,2.09
S000005480,-1.64,-2.56,-1.4 ,-0.2 ,-3.18,-1.89,-1.69,-1.47,-1.36,-1.51
S000005481,-1.69,-2.12,-0.79,0.24 ,-2.94,-1.64,-1.4 ,-1.09,-0.6 ,-0.69
S000005484,-3.18,-2.32,-0.15,0.18 ,-0.92,0.12 ,-0.38,0.1  ,-0.74,-0.54
S000005485,-2.32,-1.84,-0.62,-0.49,-1.29,-0.22,-0.69,-0.15,-0.03,-0.22
S000005487,-1.6 ,-2.06,-0.81,0.33 ,-2.56,-1.15,-0.71,-0.27,0.15 ,0.11
S000005488,-0.42,-0.92,-0.27,-0.22,2.64 ,2.46 ,2.46 ,2.31 ,2.72 ,2.61
S000005491,0.28 ,0.25 ,0.18 ,0.03 ,0.76 ,1.16 ,2.4  ,2.47 ,3.61 ,2.2
S000005500,2.24 ,3.0  ,2.26 ,2.17 ,1.03 ,0.98 ,0.62 ,0.26 ,0.33 ,0.24
S000005510,0.65 ,0.03 ,-0.51,-0.32,2.12 ,2.72 ,2.75 ,2.46 ,2.47 ,2.02
S000005511,0.52 ,0.1  ,-0.45,-0.34,2.37 ,2.93 ,2.27 ,2.63 ,2.32 ,2.05
S000005512,0.15 ,0.1  ,0.0  ,-0.1 ,1.47 ,1.74 ,2.07 ,1.91 ,2.34 ,1.69
S000005513,0.93 ,0.82 ,0.18 ,-0.34,1.96 ,2.38 ,2.46 ,1.94 ,1.78 ,1.71
S000005515,0.43 ,0.01 ,-0.49,0.11 ,3.1  ,1.46 ,-2.94,-2.64,-1.43,-3.84
S000005523,2.33 ,2.53 ,1.14 ,-0.45,1.09 ,1.02 ,1.46 ,1.5  ,2.29 ,2.11
S000005524,0.23 ,2.71 ,0.79 ,0.03 ,0.96 ,0.62 ,0.97 ,1.0  ,1.66 ,1.36
S000005529,1.62 ,1.88 ,1.13 ,0.54 ,4.14 ,3.76 ,4.01 ,4.19 ,4.36 ,3.96
S000005530,-2.0 ,-2.18,-0.1 ,0.39 ,-0.64,-0.15,0.1  ,0.59 ,0.1  ,0.23
S000005551,0.8  ,0.5  ,0.4  ,0.33 ,0.61 ,-1.36,-1.89,-1.69,-1.79,-2.25
S000005553,0.1  ,0.26 ,-0.38,-0.64,0.76 ,1.46 ,1.9  ,2.13 ,2.0  ,1.68
S000005557,0.9  ,0.33 ,0.61 ,-0.1 ,1.46 ,2.89 ,3.94 ,3.9  ,3.9  ,4.28
S000005558,2.14 ,2.24 ,0.46 ,-0.32,1.22 ,2.46 ,2.91 ,3.03 ,2.54 ,2.94
S000005560,-0.25,-0.17,-0.42,-0.45,0.96 ,1.28 ,1.82 ,2.12 ,1.91 ,1.85
S000005562,1.56 ,1.38 ,0.91 ,0.56 ,2.04 ,1.85 ,2.2  ,2.68 ,2.71 ,2.7
S000005570,0.91 ,0.98 ,0.53 ,0.26 ,1.43 ,1.25 ,2.66 ,2.22 ,1.85 ,2.19
S000005578,1.54 ,1.01 ,0.15 ,-0.23,2.08 ,2.62 ,2.47 ,2.58 ,2.4  ,2.24
S000005589,-1.64,-2.47,-1.06,0.24 ,-3.64,-2.06,-1.89,-1.89,-2.0 ,-2.06
S000005621,-2.84,-3.47,-1.18,-0.01,-3.06,-1.29,-1.36,-1.56,-1.74,-2.0
S000005622,-1.47,-2.4 ,-1.12,0.11 ,-3.64,-2.32,-1.47,-1.51,-1.43,-1.43
S000005626,-0.01,0.42 ,-0.34,-0.86,0.08 ,1.08 ,2.12 ,1.58 ,2.43 ,2.38
S000005634,0.38 ,-0.51,0.18 ,0.18 ,-1.89,-1.43,-1.43,-1.43,-2.06,-2.25
S000005646,2.24 ,2.0  ,2.15 ,0.2  ,1.9  ,2.17 ,2.4  ,2.25 ,2.65 ,2.78
S000005647,1.54 ,1.21 ,1.2  ,-0.32,1.37 ,1.43 ,1.77 ,1.51 ,2.38 ,2.56
S000005654,3.11 ,2.77 ,2.81 ,2.24 ,0.04 ,-0.42,-0.32,-0.67,-0.56,-1.51
S000005656,2.17 ,2.03 ,1.41 ,0.98 ,1.32 ,0.87 ,1.14 ,1.09 ,1.29 ,1.13
S000005659,-1.51,-1.79,-1.32,-0.25,-2.12,-2.4 ,-2.47,-2.64,-2.74,-2.64
S000005660,0.44 ,0.11 ,-0.64,-0.25,1.01 ,0.93 ,1.58 ,1.82 ,2.23 ,2.39
S000005671,-2.25,-1.79,0.36 ,0.68 ,-0.14,0.59 ,0.55 ,0.81 ,1.11 ,1.16
S000005677,-0.22,-0.06,-0.18,-0.36,-1.4 ,-1.56,-2.18,-2.25,-2.32,-2.25
S000005678,0.59 ,0.2  ,-2.56,-0.18,1.8  ,1.8  ,1.89 ,1.56 ,1.67 ,1.66
S000005679,-0.42,-1.25,-1.22,-1.0 ,-1.29,-1.6 ,-2.4 ,-2.25,-2.32,-2.25
S000005685,-2.18,-0.15,0.0  ,0.04 ,-0.12,-0.3 ,-0.36,-0.15,-0.03,0.07
S000005693,-2.12,-2.32,-1.43,-0.4 ,-2.84,-2.25,-2.06,-1.47,-1.47,-1.43
S000005694,-1.12,-0.94,-0.34,-0.18,-1.47,-1.56,-1.6 ,-1.6 ,-2.18,-2.0
S000005699,1.42 ,1.13 ,0.36 ,-0.51,1.45 ,1.75 ,4.18 ,3.95 ,3.99 ,3.55
S000005704,0.0  ,-0.18,-0.32,0.04 ,1.58 ,3.82 ,3.82 ,3.37 ,3.1  ,3.2
S000005710,2.24 ,2.05 ,2.07 ,1.74 ,-0.47,-0.76,-1.09,-1.06,-1.03,-1.25
S000005712,-0.12,0.0  ,-0.54,-0.3 ,0.68 ,3.25 ,4.52 ,3.34 ,3.95 ,3.03
S000005719,1.19 ,1.34 ,1.12 ,0.94 ,1.24 ,1.56 ,1.98 ,2.36 ,2.27 ,2.12
S000005724,0.6  ,0.58 ,0.06 ,0.37 ,-1.29,-2.64,-2.84,-2.56,-2.74,-2.56
S000005732,-3.32,-2.32,-0.01,0.44 ,-2.18,-1.6 ,-1.84,-1.84,-2.4 ,-2.12
S000005741,1.7  ,1.55 ,0.96 ,0.43 ,1.87 ,2.07 ,2.12 ,1.67 ,1.87 ,1.75
S000005750,-1.79,-1.69,-0.94,-0.56,-2.06,-2.06,-2.47,-2.25,-2.32,-1.79
S000005756,0.66 ,0.65 ,0.94 ,0.39 ,2.34 ,1.26 ,1.4  ,1.45 ,1.29 ,1.04
S000005760,-1.69,-1.69,-0.84,0.01 ,-2.56,-1.64,-0.81,-0.27,-0.45,0.32
S000005765,-0.6 ,-0.6 ,-0.27,-0.38,-1.84,-2.18,-2.56,-2.25,-2.25,-2.25
S000005766,-0.15,-0.14,-0.12,-0.18,-1.43,-1.89,-2.06,-1.89,-2.25,-1.94
S000005773,-1.09,-0.92,-0.34,0.03 ,-0.12,-3.06,-4.32,-4.32,-5.64,-6.64
S000005774,-0.67,-0.81,-0.38,-0.01,-0.18,-2.94,-3.84,-3.84,-4.64,-5.64
S000005798,-3.32,-2.74,-0.54,0.07 ,-1.47,-0.34,-1.12,-1.15,-1.29,-1.29
S000005799,-1.04,-1.45,-1.54,-1.42,0.56 ,1.37 ,-0.02,-1.33,-2.09,-2.26
S000005815,1.92 ,1.99 ,1.71 ,0.7  ,3.02 ,2.83 ,2.8  ,3.17 ,2.96 ,2.75
S000005819,-1.74,-2.32,-0.89,0.16 ,-3.32,-1.79,-0.94,-0.51,-0.38,-0.22
S000005820,-2.25,-2.25,-0.04,0.54 ,-1.29,-0.01,0.24 ,0.86 ,0.67 ,0.78
S000005829,2.23 ,2.61 ,2.21 ,2.14 ,1.57 ,1.86 ,1.67 ,1.76 ,1.43 ,1.69
S000005836,-3.64,-3.06,-0.86,0.24 ,-3.84,-3.18,-3.84,-3.32,-3.84,-3.84
S000005837,-3.64,-2.64,-0.64,0.1  ,-3.32,-2.56,-3.64,-2.94,-3.64,-4.06
S000005839,-1.18,-2.06,-0.81,0.0  ,-3.06,-1.89,-1.15,-0.74,-0.92,-0.81
S000005840,1.3  ,0.82 ,2.27 ,2.52 ,0.98 ,-1.0 ,-1.74,-1.74,-1.29,-2.0
S000005842,0.66 ,0.4  ,1.29 ,1.28 ,-0.06,-2.25,-2.4 ,-2.32,-2.32,-3.06
S000005862,-0.75,-0.4 ,-0.55,-0.5 ,-0.87,-1.84,-1.42,-2.32,-1.43,-1.3
S000005867,-2.84,-1.25,-0.35,0.01 ,-1.3 ,-0.81,-0.99,-1.03,-1.07,-1.1
S000005868,-2.0 ,-0.67,-0.75,-0.4 ,-1.79,-1.74,-2.56,-2.84,-1.91,-2.4
S000005888,-1.4 ,-1.14,-0.96,-0.4 ,-1.39,-2.29,-2.56,-2.74,-2.43,-2.19
S000005896,-1.64,-2.56,-1.47,-0.14,-3.84,-2.18,-2.0 ,-1.6 ,-1.51,-1.43
S000005901,2.58 ,1.76 ,1.08 ,-0.1 ,2.28 ,1.25 ,0.95 ,0.33 ,0.16 ,-0.04
S000005902,2.75 ,2.57 ,3.57 ,3.02 ,-1.6 ,-1.43,-1.69,-1.15,-1.12,-0.56
S000005933,-2.3 ,-1.53,-0.85,-0.42,-1.9 ,-1.45,-2.84,-1.42,-1.79,-1.57
S000005935,-1.84,-1.89,-2.64,-2.47,-1.51,-2.4 ,-1.84,-2.18,-2.64,-2.64
S000005945,0.64 ,0.33 ,0.33 ,0.5  ,1.14 ,0.91 ,1.01 ,1.41 ,2.38 ,2.64
S000005949,-0.09,-0.14,-0.34,-0.67,-0.07,-1.47,-2.0 ,-2.32,-2.32,-2.18
S000005964,-3.64,-1.74,-0.54,-0.22,-2.32,-1.36,-1.84,-1.36,-1.43,-1.64
S000005965,-2.56,-2.25,-0.43,0.0  ,-2.06,-1.03,-1.79,-1.43,-1.29,-1.74
S000005969,-0.58,-0.92,-0.71,-0.47,-0.43,-1.56,-1.89,-2.56,-1.94,-2.47
S000005973,0.32 ,0.31 ,0.46 ,0.18 ,0.92 ,1.79 ,1.91 ,2.04 ,2.33 ,2.48
S000005982,1.53 ,0.29 ,0.63 ,-0.04,-0.27,-1.36,-3.18,-3.32,-3.47,-3.32
S000005992,0.87 ,0.93 ,0.8  ,0.91 ,0.39 ,1.71 ,1.79 ,2.34 ,2.16 ,2.45
S000006000,-1.89,-2.74,-1.09,-0.34,-3.18,-2.18,-1.51,-1.25,-1.12,-0.89
S000006002,-1.89,-1.89,-0.49,0.43 ,-2.4 ,-1.56,-1.25,-1.18,-0.79,-0.25
S000006009,0.1  ,0.24 ,0.0  ,0.41 ,2.74 ,2.64 ,2.92 ,3.19 ,3.42 ,3.43
S000006011,-1.03,-2.12,-0.94,0.33 ,-3.47,-2.4 ,-1.36,-1.32,-1.36,-1.22
S000006014,-2.25,-1.5 ,-0.43,0.04 ,-2.64,-1.25,-1.47,-1.4 ,-1.79,-1.69
S000006016,-2.4 ,-2.06,-0.6 ,0.14 ,2.49 ,3.48 ,1.74 ,0.65 ,0.18 ,-0.4
S000006044,1.6  ,0.96 ,0.37 ,0.23 ,2.23 ,2.02 ,2.49 ,1.87 ,1.85 ,2.0
S000006047,-2.56,-1.69,-0.6 ,-0.45,-1.4 ,-1.4 ,-1.12,-1.43,-1.32,-1.43
S000006052,-1.51,-2.94,-1.64,-0.07,-3.84,-2.84,-2.32,-2.47,-2.47,-2.4
S000006063,-2.0 ,-2.4 ,-1.62,-0.19,-3.19,-2.0 ,-1.29,-1.04,-1.18,-1.14
S000006064,-2.32,-2.52,-1.14,-0.21,-3.19,-1.86,-1.31,-1.07,-0.68,-0.57
S000006080,0.65 ,0.44 ,0.4  ,0.31 ,1.85 ,2.4  ,2.48 ,2.4  ,2.34 ,2.24
S000006081,-0.33,-0.63,-0.41,-0.2 ,-2.54,-2.51,-2.43,-2.43,-2.77,-2.59
S000006084,-1.54,-0.39,0.06 ,-0.04,-0.15,-2.03,-2.56,-2.52,-2.65,-3.0
S000006086,1.53 ,0.93 ,0.31 ,-0.23,1.87 ,2.21 ,2.59 ,2.17 ,2.4  ,2.35
S000006087,1.66 ,1.4  ,-0.08,-0.04,1.56 ,2.01 ,2.54 ,2.23 ,2.03 ,2.11
S000006106,0.34 ,0.33 ,-0.11,-0.38,2.1  ,1.98 ,2.24 ,2.04 ,2.69 ,3.0
S000006107,0.67 ,1.73 ,0.38 ,-0.05,3.42 ,3.52 ,3.93 ,3.99 ,4.21 ,4.64
S000006118,-1.05,-0.87,-0.78,-0.04,-3.47,-0.69,-0.79,-1.6 ,-1.6 ,-0.48
S000006119,-1.67,-2.19,-0.88,0.29 ,-3.0 ,-1.94,-1.1 ,-0.91,-0.93,-0.96
S000006128,-2.19,-1.42,-0.75,-0.47,-0.82,-0.74,-0.47,-0.3 ,-0.41,-0.81
S000006132,-2.87,-2.03,-1.09,-0.52,-1.86,-1.5 ,-1.36,-1.04,-1.43,-1.21
S000006134,1.13 ,0.99 ,0.93 ,0.67 ,1.06 ,1.32 ,1.66 ,1.83 ,2.34 ,2.59
S000006141,-1.97,-2.64,-1.58,-0.28,-2.89,-2.32,-2.03,-1.62,-1.79,-1.81
S000006142,-0.75,-0.3 ,-0.89,-0.71,-0.39,-0.89,-1.71,-1.81,-2.33,-2.0
S000006144,0.26 ,0.62 ,-0.11,-0.55,1.03 ,4.24 ,5.17 ,4.86 ,4.87 ,5.09
S000006147,-2.64,-2.06,-1.37,-0.76,-2.45,-2.08,-2.42,-2.1 ,-2.35,-2.45
S000006151,1.33 ,0.88 ,-0.14,-0.84,2.75 ,3.54 ,3.98 ,3.91 ,4.26 ,4.18
S000006166,-1.7 ,-1.4 ,-0.9 ,-0.34,-1.29,-1.25,-2.23,-2.12,-2.36,-2.32
S000006177,-0.43,0.61 ,0.42 ,0.52 ,-0.15,-2.03,-2.18,-2.44,-3.06,-3.06
S000006184,-1.39,-0.87,-0.27,0.01 ,-1.67,-1.12,-2.18,-2.1 ,-2.48,-2.43
S000006186,2.6  ,1.52 ,-0.18,-1.74,0.45 ,-0.11,-1.03,-1.32,-1.94,-1.98
S000006194,-1.01,-1.08,-0.59,-0.48,-1.94,-2.08,-2.89,-3.18,-3.32,-3.12
S000006195,1.37 ,1.27 ,0.49 ,-0.31,-0.88,-1.1 ,-1.92,-2.03,-2.03,-2.6
S000006201,-0.54,0.49 ,-0.47,-0.32,2.16 ,3.19 ,3.83 ,4.04 ,4.36 ,4.87
S000006206,2.56 ,3.55 ,2.81 ,1.54 ,0.33 ,0.79 ,0.8  ,1.03 ,1.12 ,1.26
S000006214,-2.73,-2.62,-1.35,-0.7 ,-2.68,-1.91,-1.93,-1.82,-2.59,-2.19
S000006219,-0.35,-0.39,-0.21,-0.22,0.84 ,1.97 ,2.09 ,2.55 ,1.99 ,2.17
S000006234,0.23 ,0.33 ,-0.22,-0.48,1.5  ,2.99 ,2.85 ,3.29 ,2.98 ,3.07
S000006237,-0.49,-0.5 ,0.07 ,0.06 ,-1.03,-2.12,-2.48,-2.4 ,-2.4 ,-2.56
S000006239,2.07 ,1.8  ,2.5  ,2.04 ,1.25 ,0.7  ,0.35 ,0.57 ,0.38 ,0.53
S000006247,-1.67,-2.22,-1.17,0.14 ,-2.65,-1.47,-0.79,-0.77,-0.07,-0.27
S000006248,-1.84,-2.23,-1.23,-0.2 ,-2.98,-2.09,-1.59,-1.34,-1.25,-1.11
S000006265,1.06 ,0.79 ,0.63 ,0.29 ,1.51 ,2.01 ,2.1  ,1.83 ,2.19 ,2.07
S000006278,-1.14,-1.43,-0.37,-0.22,-2.94,-3.74,-5.06,-5.06,-5.64,-5.06
S000006306,-1.07,-1.81,-0.67,0.33 ,-3.06,-2.22,-1.69,-1.49,-1.81,-1.58
S000006314,-2.29,-1.92,-0.64,-0.02,-1.76,-1.67,-1.52,-1.42,-1.76,-1.52
S000006320,-0.11,-0.24,-0.5 ,-0.45,-0.2 ,-0.4 ,-1.43,-1.7 ,-2.24,-2.06
S000006323,0.24 ,-0.11,0.27 ,0.03 ,-0.18,-2.79,-3.35,-3.74,-3.64,-4.19
S000006348,-2.84,-2.43,-0.8 ,-0.33,-1.81,-0.69,-0.7 ,-0.63,-0.59,-0.63
S000006349,1.1  ,0.69 ,0.43 ,-0.48,-2.6 ,-2.43,-2.15,-2.1 ,-1.52,-1.69
S000006354,1.15 ,0.71 ,0.31 ,0.43 ,2.44 ,3.15 ,3.36 ,2.73 ,3.59 ,2.99
S000006355,0.59 ,0.72 ,0.22 ,-0.04,1.65 ,2.35 ,2.92 ,1.89 ,2.65 ,1.89
S000006360,-2.32,-2.52,-1.76,-1.18,-1.02,-0.89,-0.84,-0.93,-1.23,-0.81
S000006361,-2.43,-2.03,-1.81,-1.74,-1.34,-1.03,-1.84,-1.76,-1.86,-1.58
S000006362,0.21 ,-0.24,-0.08,-0.04,0.98 ,1.96 ,2.24 ,2.36 ,2.46 ,2.47
S000006371,3.9  ,4.89 ,3.25 ,3.08 ,1.28 ,0.95 ,1.35 ,1.7  ,2.74 ,2.26
S000006388,2.04 ,1.99 ,0.68 ,-0.35,2.16 ,2.11 ,1.39 ,1.31 ,0.3  ,1.41
S000006397,-0.29,0.5  ,-0.23,-0.71,1.02 ,1.82 ,2.66 ,2.26 ,2.04 ,1.63
S000006398,1.75 ,2.24 ,1.04 ,1.05 ,4.95 ,3.98 ,3.03 ,2.05 ,1.39 ,1.05
