gene_id,120,240,360,480,600,720,1440,2880,4320,7200
S000000002,-0.14,0.19,2.5,2.84,3.27,2.13,2.5,2.66,4.16,3.52
S000000023,1.16,0.15,-3.84,-2.84,-2.4,-1.94,-1.74,-2.18,-2.12,-1.74
S000000024,1.25,0.18,3.58,1.24,0.0,1.53,1.67,1.88,2.41,2.74
S000000027,0.06,0.81,1.5,0.96,1.06,0.61,1.05,1.28,1.59,3.19
S000002134,0.53,0.62,3.79,3.0,2.46,2.65,2.43,3.75,3.79,3.05
S000000036,-0.01,-0.15,-1.69,-2.32,-1.6,-0.45,-0.56,-0.2,-2.06,-4.32
S000000050,0.18,0.99,2.15,4.71,3.94,5.18,4.99,4.41,4.52,3.35
S000000056,0.06,0.57,3.28,2.04,1.24,1.21,0.39,0.1,0.44,2.32
S000000057,0.32,1.07,2.39,2.17,1.51,3.76,1.19,1.3,2.75,5.99
S000000058,-0.25,-0.2,-0.47,-0.07,-0.43,0.43,-0.74,-0.09,0.34,3.47
S000000070,0.02,0.42,-1.77,-1.58,-1.09,-1.1,-0.99,-1.49,-1.44,-3.62
S000000084,-0.09,-0.45,-0.56,1.04,-0.38,-0.36,-1.03,-0.43,-1.79,-3.64
S000000088,0.29,-0.12,1.34,1.49,1.47,1.2,1.51,1.95,3.24,2.62
S000000094,-0.03,-0.43,-2.32,-2.32,-1.15,-0.1,-0.14,-0.6,-3.64,-3.84
S000000105,0.28,-0.23,-2.25,-1.25,-0.18,-0.86,-1.6,-1.84,-3.32,-0.1
S000000111,-0.09,0.89,4.98,5.82,6.02,5.39,4.91,5.49,3.59,4.36
S000000120,-0.34,-0.54,-4.06,-2.56,-2.56,-2.32,-2.32,-2.64,-4.32,-3.32
S000000123,0.5,0.04,-2.94,-2.56,-2.32,-1.74,-2.18,-1.79,-2.32,-4.06
S000000124,0.12,0.15,-4.64,-3.32,-2.94,-2.84,-2.18,-2.32,-2.47,-3.18
S000000135,0.42,-0.1,-3.84,-3.18,-3.64,-2.47,-3.06,-3.18,-4.06,-5.64
S000000139,0.06,0.39,4.24,5.51,3.79,3.99,2.63,2.73,0.43,1.75
S000000141,0.96,1.49,3.05,3.93,3.42,2.94,2.09,2.41,1.63,1.79
S000000144,-0.25,-0.2,2.12,2.24,1.42,1.52,2.61,1.62,3.23,3.51
S000000145,0.31,0.43,3.58,3.97,3.29,3.97,4.66,2.65,4.62,5.01
S000000150,-0.15,-0.54,-3.47,-2.74,-2.47,-2.32,-1.09,-1.94,0.42,-0.71
S000000160,0.18,0.93,3.7,3.92,3.77,3.42,3.34,2.86,3.32,0.77
S000000166,-0.29,-0.1,-1.22,-1.4,-0.49,-1.29,-1.43,-2.47,-0.47,-3.84
S000000168,-0.01,-0.23,-3.84,-3.47,-3.32,-2.84,-2.64,-3.18,-2.84,-4.64
S000000173,0.59,-0.2,-3.47,-2.25,-1.89,-1.69,-2.18,-1.36,-2.74,-3.47
S000000183,0.48,0.23,-3.18,-2.56,-2.4,-1.94,-1.89,-1.94,-1.74,-0.89
S000000188,-0.1,-0.09,-3.47,-3.64,-3.06,-2.56,-2.32,-3.06,-2.56,-3.47
S000000207,0.58,0.77,1.7,0.28,0.74,0.65,0.0,-0.74,2.4,4.17
S000000210,0.16,0.68,3.53,3.11,3.2,3.08,3.66,3.79,2.32,2.72
S000000215,-0.14,0.01,-1.4,-1.29,-1.03,-1.22,-1.12,-1.94,-3.64,-3.64
S000000229,0.07,-0.34,-1.94,-2.0,-1.69,-1.06,-1.4,-1.84,-1.29,-3.47
S000000235,-0.04,0.12,-1.74,-1.89,-2.25,-2.32,-2.18,-2.56,-2.47,-4.32
S000000238,0.57,-0.42,-3.18,-2.18,-2.06,-2.06,-2.64,-2.56,-1.4,-1.89
S000000250,0.44,0.31,1.76,2.05,2.95,2.95,2.37,3.07,4.15,3.69
S000000251,-0.79,0.01,1.56,1.33,2.03,1.74,2.41,2.64,2.86,3.19
S000000252,0.26,-0.07,-3.48,-2.6,-3.21,-2.3,-2.4,-2.44,-2.62,-3.45
S000000254,-0.1,0.25,4.96,5.47,4.65,4.49,4.88,4.4,2.72,2.71
S000000255,-1.15,-0.09,4.33,4.73,4.45,3.91,4.37,2.99,1.6,2.32
S000000256,0.88,1.16,3.32,2.4,1.97,1.62,0.07,0.98,0.12,-0.29
S000000272,0.38,0.1,2.24,1.5,1.34,1.32,1.21,1.62,3.67,3.16
S000000276,0.77,2.94,6.04,5.1,5.4,6.03,6.43,5.85,6.74,6.22
S000000280,0.2,0.65,2.14,1.92,2.17,2.1,2.11,2.81,3.83,3.57
S000000283,0.53,-0.86,-2.47,-1.47,-2.25,-1.25,-1.09,-2.06,-1.43,-3.18
S000002156,0.1,0.04,-3.18,-2.84,-2.4,-2.0,-2.0,-2.32,-2.4,-4.32
S000000292,-0.36,-0.47,-4.32,-1.64,-1.74,-1.22,-1.89,-2.4,-3.64,-2.47
S000000293,0.3,0.46,-3.06,-1.56,-0.71,-0.3,-0.94,-0.74,-3.18,-0.84
S000000297,0.11,0.26,-1.79,-1.56,-0.51,0.72,0.42,-0.2,-3.47,-2.94
S000000309,0.11,0.82,2.91,0.98,0.12,-0.09,0.06,0.97,3.3,2.54
S000000310,-0.03,0.31,-2.94,-2.12,-1.89,-1.94,-2.25,-2.18,-2.94,-3.47
S000000320,-0.06,-0.32,4.98,2.46,2.93,5.1,4.8,4.56,1.63,1.94
S000000321,-0.3,-0.54,4.36,0.71,0.84,3.68,3.32,1.74,0.2,1.4
S000000322,0.3,-0.2,-1.36,-1.25,-1.09,-0.79,-1.43,-1.43,-2.47,-3.64
S000000324,0.55,1.08,3.17,2.09,1.85,0.85,0.86,0.88,0.26,0.88
S000000325,0.08,-0.07,-2.74,-1.94,-1.79,-1.69,-2.32,-2.94,-3.64,-4.06
S000000336,-0.38,0.41,3.76,4.14,3.53,2.95,2.83,0.68,0.57,3.11
S000000351,-0.49,0.51,2.48,3.84,3.67,3.34,3.74,4.12,4.63,5.33
S000000358,0.57,0.1,-2.12,-2.12,-1.64,-1.51,-1.56,-1.74,-3.18,-2.84
S000000373,0.85,0.92,4.7,2.94,2.68,3.53,3.78,3.71,3.66,2.48
S000000385,0.23,0.15,-3.84,-3.18,-2.74,-2.4,-2.12,-2.94,-3.47,-2.94
S000000387,0.33,1.06,4.61,3.02,2.34,2.87,2.85,2.89,3.87,4.79
S000000390,-0.6,-0.69,-0.36,-0.15,-0.64,-0.17,-0.81,-1.22,-4.64,0.34
S000000393,0.85,-0.03,-3.84,-3.32,-3.64,-2.56,-2.32,-2.56,-1.69,-3.06
S000000395,0.34,0.12,-3.64,-3.32,-3.32,-2.4,-2.06,-2.25,-2.84,-3.64
S000000407,-0.29,-0.04,2.81,2.54,2.48,2.5,2.04,3.7,3.4,3.45
S000000416,0.23,-0.22,2.5,1.94,1.66,1.67,2.13,1.74,3.69,4.75
S000000434,-0.54,0.71,3.86,4.73,3.85,4.01,3.83,1.7,2.28,2.08
S000000445,0.26,0.54,3.25,3.66,0.26,3.93,0.26,2.38,1.15,3.17
S000000451,0.12,-0.22,-3.47,-2.25,-1.89,-1.79,-1.69,-1.09,-1.84,-2.32
S000000452,0.23,0.33,-3.64,-1.94,-1.4,-1.32,-1.43,-1.29,-4.32,-3.06
S000000453,0.06,0.0,-1.89,-0.58,-0.62,-0.62,-0.38,0.16,-3.06,-4.32
S000000456,-0.86,-0.71,-3.06,-2.64,-2.4,-2.64,-2.56,-3.18,-1.56,-2.32
S000000489,0.31,1.07,4.95,2.46,3.38,4.12,3.98,3.29,2.76,1.16
S000000500,-0.79,-0.89,-0.1,2.6,4.54,5.14,5.59,3.74,4.54,4.91
S000000501,-0.03,0.77,2.75,3.7,3.71,2.66,2.86,2.94,2.31,2.26
S000000502,-0.43,-0.1,4.24,2.08,1.57,1.24,1.54,1.57,3.44,2.7
S000000507,0.41,0.79,1.14,0.89,0.37,0.01,0.64,0.89,0.78,3.47
S000000530,-0.81,0.25,2.17,3.75,2.56,2.1,1.38,2.64,1.82,2.95
S000000535,0.9,1.22,-0.58,-1.22,-0.07,0.21,-0.23,-0.38,-2.74,-3.64
S000000542,-0.69,-1.29,-4.32,-3.06,-2.64,-3.18,-2.12,-2.94,-2.18,-2.32
S000000545,0.71,1.24,4.45,4.38,2.86,4.61,2.24,2.79,1.35,3.57
S000000547,0.66,0.16,3.51,3.16,2.66,3.5,1.56,2.48,0.7,2.29
S000000559,0.58,-0.1,-3.47,-2.18,-2.32,-1.22,-1.09,-1.79,-2.74,-0.43
S000000564,0.5,-0.18,-5.06,-2.18,-2.18,-1.84,-1.25,-1.94,-2.18,-3.64
S000000569,-0.17,-1.79,0.4,0.14,-0.49,-1.09,-0.94,-4.06,-3.84,-3.06
S000000595,-0.12,-0.23,-1.06,-0.79,-0.92,-1.43,-1.74,-1.84,-3.32,-3.64
S000000598,-0.45,-0.17,3.82,5.72,5.57,5.1,5.35,4.93,3.59,4.0
S000000601,-0.34,-0.42,0.68,-0.29,0.11,-0.45,-0.6,-0.17,1.37,3.28
S000000603,-0.76,-0.47,3.33,4.6,5.14,5.5,5.74,2.68,7.82,7.76
S000000606,0.31,0.85,-0.25,-0.84,-0.81,0.82,0.58,0.76,-2.74,-4.06
S000000615,-0.15,0.54,5.88,4.84,3.08,4.99,4.52,3.76,2.75,4.65
S000000627,-0.45,-0.4,-2.74,-2.12,-2.84,-2.84,-2.64,-3.32,-3.06,-4.32
S000000639,-0.17,-0.43,-2.12,-1.74,-2.18,-2.4,-3.06,-2.64,-3.32,-2.56
S000000649,-0.54,-0.04,-2.64,-1.94,-2.56,-2.06,-1.89,-1.22,-3.18,-2.64
S000000653,-0.62,0.41,-5.64,-3.18,-3.32,-2.74,-1.89,-2.84,-3.06,-3.47
S000000668,-0.2,-0.89,-4.64,-2.94,-2.64,-2.56,-2.4,-2.94,-4.06,-3.32
S000000684,0.0,0.59,0.24,-0.03,-0.69,-0.56,-1.74,-2.0,-2.47,-3.84
S000000687,0.15,0.11,4.24,3.42,3.03,3.14,2.54,2.93,2.27,1.63
S000000695,-0.45,0.29,0.63,1.84,2.45,3.16,3.96,3.23,2.55,1.55
S000002172,0.18,-0.25,-3.47,-2.56,-2.56,-2.12,-2.94,-2.47,-2.74,-1.03
S000002179,0.24,1.87,4.28,2.72,2.95,3.18,3.43,3.84,0.86,0.48
S000002182,-0.76,-0.49,2.73,2.31,2.42,2.52,3.2,3.0,3.25,3.05
S000002183,-0.54,0.26,1.77,1.13,1.33,0.9,1.12,1.63,2.5,3.89
S000002205,0.37,0.16,0.24,0.07,-0.92,-0.03,-0.71,-0.18,0.07,-3.84
S000002209,-0.25,-0.69,-3.64,-2.47,-2.25,-1.94,-1.84,-2.25,-2.47,-1.94
S000002213,-0.12,0.34,-1.47,-1.22,-0.89,-0.56,-2.74,-1.25,-3.32,-2.64
S000002219,0.03,-0.09,-3.47,-2.56,-2.56,-2.47,-2.32,-2.84,-2.94,-2.64
S000002221,-0.49,-0.58,0.04,-2.84,-3.32,-2.47,-2.12,-2.0,-1.18,-2.06
S000002233,0.26,0.16,-2.84,-3.47,-3.06,-3.06,-2.84,-2.64,-2.25,-2.18
S000002240,0.42,-0.07,-3.32,-2.56,-3.06,-1.89,-1.6,-1.89,-2.94,-4.32
S000002241,0.73,0.49,-3.18,-3.84,-3.32,-3.18,-3.06,-3.06,-2.74,-2.32
S000002242,0.87,0.98,-0.89,-0.6,-0.79,-0.51,-0.69,-1.4,-1.79,-3.18
S000002243,0.01,0.52,3.28,3.76,3.99,3.69,2.94,2.94,3.72,3.29
S000002268,0.64,0.55,3.34,2.65,1.12,2.88,1.51,2.07,0.45,-0.42
S000002269,-0.32,-0.63,-1.62,-1.87,-1.89,-1.76,-2.06,-1.52,-3.75,-2.84
S000002282,0.85,1.18,4.32,2.86,2.72,3.13,2.94,2.79,3.54,2.82
S000002307,0.64,0.08,-3.47,-1.84,-1.94,-1.29,-0.54,-1.84,-1.89,-2.64
S000002312,0.44,-0.07,-3.84,-2.18,-1.89,-1.79,-1.09,-2.06,-0.32,-1.32
S000002326,-0.25,-0.81,-4.32,-2.64,-2.94,-2.74,-1.94,-2.47,-2.64,-2.4
S000002328,-0.79,0.1,3.66,3.4,0.46,3.4,1.51,0.69,2.31,4.28
S000002340,0.55,2.02,3.19,3.91,2.96,3.39,2.38,1.89,0.87,4.78
S000002350,-0.18,-0.23,-2.06,-2.47,-2.94,-2.64,-2.0,-2.18,-2.4,-3.64
S000002352,-0.14,-0.09,0.64,0.31,-0.47,-0.29,-0.67,-0.6,-1.0,-4.64
S000002358,-0.27,0.25,3.57,3.16,2.64,2.58,3.13,3.89,3.68,2.5
S000002360,0.08,-0.4,-3.32,-2.4,-2.12,-1.94,-1.43,-2.12,-1.18,-3.32
S000002363,0.19,0.37,5.8,4.63,4.47,5.19,5.54,5.38,6.11,4.71
S000002377,0.23,-0.09,1.46,0.6,0.38,3.14,3.05,3.88,2.09,3.92
S000002382,-0.15,-0.34,2.47,0.8,1.46,1.52,3.08,1.73,4.14,2.0
S000002393,0.29,1.06,2.54,1.11,1.68,1.94,1.35,1.44,2.35,3.75
S000002419,-0.23,-0.14,-2.18,-1.6,-1.69,-1.51,-2.0,-2.25,-2.64,-4.32
S000002425,-0.15,0.87,3.31,2.25,2.66,2.73,2.97,2.9,3.31,1.64
S000002428,0.26,0.46,-1.0,-3.32,-1.56,-0.67,-1.36,-0.76,-1.03,-3.06
S000002430,-0.04,0.5,-1.84,-2.25,-2.06,-1.47,-2.32,-2.25,-2.56,-4.06
S000002432,-0.15,-0.1,-4.06,-3.64,-3.47,-2.74,-2.74,-2.94,-3.06,-5.06
S000002440,-0.42,0.16,0.29,0.0,-0.34,-0.4,-2.18,-2.25,-3.84,-2.47
S000002444,-0.54,-0.89,-4.32,-3.47,-3.84,-3.32,-4.06,-3.64,-4.32,-3.64
S000002455,-0.12,0.03,-0.12,-0.12,-0.2,0.12,-0.06,0.33,0.07,-3.47
S000002457,0.1,1.01,-0.94,-0.62,-0.34,0.07,-0.81,0.21,-1.47,-4.32
S000002466,-0.23,0.33,2.22,2.28,2.28,1.94,2.36,2.95,3.86,3.17
S000002467,0.41,0.04,-3.43,-1.57,-1.36,-1.04,-1.28,-2.21,-1.46,0.7
S000002471,-0.25,-0.47,-3.84,-3.32,-2.84,-2.74,-2.84,-2.84,-3.47,-3.47
S000002477,0.36,0.73,4.41,3.71,4.09,3.62,4.06,4.27,4.2,3.41
S000002481,0.32,0.33,4.62,2.36,3.16,3.24,2.95,2.9,2.5,0.86
S000002484,0.39,0.99,2.01,1.91,2.4,2.64,2.79,3.06,4.34,3.27
S000002490,0.58,-0.12,-3.47,-2.84,-1.89,-1.74,-2.06,-2.12,-1.74,-1.29
S000002492,0.32,0.14,3.55,2.24,2.12,2.8,3.27,3.46,2.24,1.44
S000002494,0.7,-0.47,-4.32,-3.06,-2.56,-2.06,-2.4,-3.47,-3.47,-3.32
S000002498,-0.18,-0.25,-3.32,-2.12,-2.0,-1.84,-1.69,-1.56,-3.06,-2.74
S000002503,0.12,0.52,3.74,2.81,2.83,2.92,2.75,3.56,3.87,4.8
S000002508,0.01,-0.32,-4.32,-3.32,-3.32,-2.64,-2.47,-3.18,-3.84,-3.06
S000002518,0.1,-0.45,0.12,-0.43,0.6,0.18,0.9,-0.51,3.64,4.83
S000002519,-0.1,-0.25,0.25,0.25,0.99,0.98,0.62,0.34,3.01,4.43
S000002555,0.37,0.75,2.87,3.88,3.51,3.5,2.0,2.96,2.24,1.84
S000002565,-0.1,-0.04,-1.4,-1.12,-0.76,-0.94,-1.51,-0.38,-3.18,-3.47
S000002568,-0.4,-0.84,-4.64,-2.47,-2.4,-2.32,-1.4,-2.56,-2.47,-3.18
S000002572,-0.03,-0.27,-4.06,-2.64,-2.4,-2.4,-2.06,-2.47,-2.74,-3.64
S000002578,0.03,0.84,5.24,5.0,4.14,4.46,3.79,4.2,3.81,4.0
S000002585,0.11,1.27,3.99,4.89,4.62,4.03,3.38,3.49,3.17,1.77
S000002592,-0.01,-0.32,-3.47,-1.94,-2.25,-1.74,-1.47,-1.69,-1.43,-0.22
S000002614,0.32,-0.2,-0.54,-0.22,-0.06,-0.22,0.06,-0.15,3.31,-0.79
S000002617,-0.04,0.25,-1.32,-2.18,-2.32,-2.74,-3.06,-2.12,-1.6,-3.84
S000002618,0.86,0.87,-1.43,-1.47,-1.43,-1.74,-1.94,-1.64,-2.47,-3.32
S000002619,0.4,-0.22,-2.25,-1.69,-1.25,-1.69,-1.15,-1.56,-1.32,-3.18
S000002631,-0.43,0.0,1.7,1.73,2.27,2.63,3.5,1.84,2.79,2.03
S000002648,-0.04,-0.57,-0.69,-0.94,-1.06,-0.98,-0.87,-0.66,-0.97,-3.95
S000002655,-0.29,0.19,3.12,1.68,1.6,2.01,2.12,2.19,3.99,3.07
S000002664,0.23,-0.03,1.24,3.52,4.6,4.52,4.14,2.9,7.37,5.65
S000002666,0.19,1.01,3.22,2.88,2.92,2.86,2.93,3.71,2.9,1.66
S000002670,0.12,0.17,1.68,1.76,1.66,1.92,2.51,2.94,3.74,4.49
S000002681,-0.03,0.12,1.15,1.06,0.72,1.32,1.61,1.39,3.92,3.66
S000002683,0.2,0.48,1.51,2.19,2.38,2.03,2.85,2.97,3.53,2.06
S000002685,0.65,1.4,2.35,2.28,2.17,1.96,2.44,2.45,4.07,5.6
S000002688,0.1,0.06,-0.89,-1.56,-0.97,-1.03,-1.32,-1.56,-3.18,-2.18
S000002706,0.32,1.06,2.56,3.61,3.36,2.4,1.42,1.9,0.66,0.07
S000002711,-0.04,-0.43,-1.29,-1.0,-0.76,-1.12,-0.79,-0.89,-1.79,-5.64
S000002729,-0.62,-0.34,-3.64,-2.32,-2.94,0.23,-2.94,-3.18,-2.74,-2.84
S000002732,0.19,-0.36,-3.47,-2.47,-2.0,-1.74,-1.89,-2.0,-0.86,-2.47
S000002749,-0.18,-0.69,-3.64,-2.4,-1.69,-1.89,-1.74,-1.89,-2.84,-3.64
S000002750,1.42,1.78,3.84,3.02,2.38,1.34,0.7,2.27,1.95,1.66
S000002751,0.97,1.87,3.25,1.74,1.39,0.62,0.72,1.36,2.11,2.04
S000002766,0.32,0.64,4.22,2.96,2.69,3.03,3.03,3.21,2.57,1.55
S000002769,0.2,-0.38,-3.64,-2.12,-2.18,-1.84,-1.69,-2.25,-1.6,-2.0
S000002788,0.54,1.39,0.74,2.79,3.69,4.27,2.92,1.91,3.4,0.71
S000002790,0.31,0.08,-2.18,-2.12,-2.47,-1.47,-1.89,-1.74,-2.12,-4.06
S000002793,-0.43,-0.36,-2.32,-1.94,-2.12,-1.89,-1.94,-2.18,-2.84,-3.84
S000002807,0.1,0.2,-4.64,-3.32,-2.18,-2.25,-1.47,-2.94,-2.74,-3.18
S000002825,-0.36,-0.49,-3.84,-2.84,-3.18,-2.56,-2.64,-3.47,-3.84,-3.47
S000002826,0.36,-0.01,-3.84,-3.18,-2.94,-2.4,-2.32,-3.18,-2.74,-4.32
S000002855,-0.56,-0.58,-5.06,-4.06,-3.84,-3.32,-2.64,-2.64,-3.32,-3.64
S000002857,-0.51,-0.76,-6.64,-3.64,-3.18,-3.18,-2.4,-2.84,-3.18,-3.18
S000002861,-0.2,0.11,3.72,2.09,2.12,2.49,1.68,1.26,0.72,0.7
S000002873,-0.14,-0.74,-4.64,-3.06,-2.47,-2.0,-2.18,-1.84,-2.32,-0.94
S000002879,0.29,-0.43,-4.06,-3.84,-3.64,-2.74,-2.64,-3.06,-3.18,-3.18
S000002904,0.5,-0.25,-3.25,-1.39,-2.57,-2.16,-1.84,-2.23,-3.2,-2.74
S000002910,-0.04,-0.51,-3.06,-2.4,-2.32,-2.74,-2.12,-2.0,-2.4,-3.64
S000002912,0.11,0.7,1.52,1.02,1.33,0.82,1.24,1.19,2.69,3.71
S000002913,-0.27,-0.15,2.0,1.63,1.61,1.28,1.26,0.89,3.49,4.63
S000002915,-0.3,-0.22,-3.32,-1.15,-0.36,-0.81,-0.94,-1.47,-2.56,0.12
S000002916,-0.1,-0.51,-0.43,-0.51,-0.38,-0.89,-1.94,-3.18,-1.74,-0.76
S000002924,0.45,0.74,3.59,2.42,2.28,1.93,1.24,0.97,0.07,0.55
S000002937,0.71,0.73,2.42,2.29,2.73,1.62,1.51,1.88,2.49,3.28
S000002941,-0.04,1.0,4.33,3.04,3.28,3.13,3.37,3.59,3.49,3.74
S000002942,-0.4,0.21,0.7,1.09,1.3,1.77,0.7,1.44,2.95,4.59
S000002944,-0.4,-0.29,1.56,5.63,5.61,4.46,4.01,4.08,2.76,3.01
S000000737,1.24,1.82,4.61,3.77,4.45,4.51,4.57,4.57,5.51,5.09
S000000738,0.52,0.91,3.28,3.12,3.16,2.58,2.51,2.81,4.02,4.28
S000000750,0.95,1.75,3.82,4.51,3.79,3.84,3.35,3.44,3.6,3.67
S000000752,0.51,0.31,-3.64,-2.74,-3.06,-2.18,-2.47,-3.06,-3.06,-3.18
S000000765,-1.56,0.54,3.12,2.35,0.95,1.29,0.31,2.57,3.21,4.31
S000000766,0.14,-0.34,-3.18,-3.84,-3.64,-4.06,-4.32,-3.84,-3.47,-2.94
S000000772,0.08,-0.49,-2.18,0.06,-0.81,-1.03,-1.03,-1.09,-1.69,-3.18
S000000780,0.56,0.53,-3.64,-2.84,-2.94,-2.0,-1.69,-3.18,-2.64,-5.64
S000000784,0.7,0.58,-0.18,0.01,-0.47,3.26,0.77,-0.04,0.4,-2.06
S000000796,-0.01,0.08,3.22,1.03,0.86,0.59,0.88,0.61,0.56,1.88
S000000808,-0.45,-0.67,-4.06,-2.84,-2.25,-2.4,-1.64,-2.25,-2.0,-2.94
S000000811,0.03,0.18,-1.56,-0.62,-0.81,-0.97,-1.56,-0.89,-2.32,-3.18
S000000814,0.01,-0.03,-0.04,-1.0,-1.09,-1.22,-1.09,-0.76,-1.03,-3.18
S000000817,-0.47,-0.22,2.12,2.28,3.37,3.17,2.85,2.58,3.46,1.99
S000000822,0.77,0.93,3.39,2.63,1.78,2.97,2.62,2.42,2.83,2.27
S000000825,-0.27,-0.04,-1.51,-0.4,-0.58,-1.12,-1.43,-2.12,-4.06,-2.94
S000000826,-0.01,-0.07,4.17,5.0,4.87,4.57,4.32,4.57,4.85,4.08
S000000827,-0.15,-0.6,-3.18,-1.79,-1.79,-2.06,-1.4,-1.74,-1.89,-2.94
S000000838,0.19,-0.58,-3.18,-2.18,-1.94,-1.43,-1.94,-2.0,-2.06,-3.32
S000000841,-0.47,0.12,2.07,1.4,1.18,0.97,1.62,2.05,3.3,1.96
S000000845,-0.15,-0.1,-4.06,-1.56,-2.18,-2.64,-2.94,-3.64,-4.32,-5.06
S000000851,0.5,-0.36,-2.94,-2.18,-2.47,-1.69,-2.32,-1.94,-3.47,-2.94
S000000854,0.08,-0.07,-4.06,-1.4,-1.6,-0.76,-0.36,-0.3,-2.94,-3.64
S000000855,0.7,1.63,5.06,4.37,4.01,3.35,2.38,3.48,2.26,1.91
S000000856,0.05,0.51,2.09,0.11,0.32,0.9,0.84,2.02,3.29,1.25
S000000857,0.56,-0.01,-3.18,-3.06,-2.84,-2.64,-2.74,-1.84,-1.89,-3.47
S000000864,0.39,0.28,-2.25,-3.18,-2.25,-1.15,-1.25,-1.06,-3.32,-2.64
S000000867,0.14,0.16,3.89,6.38,5.05,5.27,4.91,2.98,-1.12,1.26
S000000869,0.83,2.09,6.36,4.9,4.86,4.32,4.21,3.63,1.16,3.58
S000000872,0.08,-0.04,-3.47,-1.18,-0.03,-0.04,-2.06,-1.69,-2.84,-2.12
S000000876,0.4,-0.15,-3.64,-3.32,-3.84,-2.4,-2.25,-2.84,-2.74,-2.25
S000000881,-0.36,0.7,3.99,3.82,3.14,3.06,3.2,2.13,3.2,3.13
S000000888,-0.01,0.37,-3.84,-1.89,-1.36,-1.22,-1.4,-1.6,-3.32,-3.47
S000000892,-0.12,-0.23,-2.64,-1.74,-1.32,-1.43,-1.74,-1.36,-3.47,-3.32
S000000904,-0.14,-0.3,-4.06,-4.06,-3.32,-3.06,-2.47,-2.74,-3.32,-4.64
S000000912,-0.69,-1.15,-5.64,-2.06,-2.56,-2.32,-2.12,-2.0,-3.18,-2.32
S000000919,0.45,0.25,-3.06,-2.74,-2.56,-1.94,-2.18,-2.12,-2.47,-4.06
S000000923,-0.49,0.56,2.93,1.82,2.32,2.59,1.65,2.05,3.84,3.83
S000000928,0.19,-0.03,-4.64,-2.84,-2.64,-2.06,-1.32,-2.56,-2.25,-3.84
S000000929,0.52,0.03,-3.32,-2.18,-2.06,-1.79,-2.12,-2.32,-2.25,-2.84
S000000933,0.23,-0.14,-2.84,-3.32,-2.94,-2.47,-2.06,-2.64,-3.32,-5.06
S000000943,0.79,1.37,3.4,2.77,2.27,1.99,1.56,2.5,2.97,2.12
S000000947,-0.25,-0.04,-2.94,-0.04,-1.03,-0.6,-2.0,-1.74,-3.47,-3.47
S000000952,-0.23,0.93,5.96,5.21,5.02,4.55,4.87,4.69,6.11,6.39
S000000960,-0.27,0.43,2.74,3.01,2.48,2.45,3.47,2.27,1.45,1.73
S000000964,0.55,0.11,2.48,1.49,1.84,1.89,2.09,1.44,3.74,5.27
S000000980,0.01,0.86,0.49,1.1,0.19,0.25,-0.42,0.18,-0.1,-3.47
S000001894,-0.2,-0.4,-1.84,-1.0,-0.97,-1.18,-1.12,-0.86,-1.25,-3.18
S000028628,-0.97,0.73,1.39,-2.06,-0.94,-3.32,0.64,0.29,0.61,1.32
S000001880,0.74,2.6,5.75,5.3,3.87,5.91,5.27,6.15,4.9,4.88
S000001872,0.29,-0.07,-2.0,-1.4,-1.15,-0.84,-1.29,-1.22,-2.56,-3.18
S000001871,0.25,-0.43,-3.32,-1.51,-1.84,-0.94,-0.74,-1.06,-0.51,-1.0
S000001864,-0.54,0.18,5.08,6.12,5.25,5.07,3.96,4.54,2.78,3.66
S000001857,0.19,0.0,-1.03,-1.6,-0.74,-1.09,-2.4,-3.06,-2.74,-3.84
S000001849,-0.32,0.12,-2.32,-1.79,-1.64,-2.0,-2.0,-2.4,-1.79,-3.32
S000001843,-1.32,0.19,3.71,2.64,2.2,1.99,2.1,1.27,2.48,2.94
S000001842,-1.09,0.24,3.61,3.47,2.1,2.37,1.58,2.68,2.15,2.95
S000001836,-0.6,0.24,0.65,1.73,2.23,2.44,3.27,2.27,0.52,1.27
S000001898,0.26,-0.36,-0.15,-0.64,-0.3,-0.2,-0.62,-0.76,-1.64,-6.64
S000001905,-0.42,-0.69,-1.03,-2.0,-1.51,-1.64,-2.18,-2.12,-2.64,-3.32
S000001910,0.58,0.68,3.32,2.13,2.34,2.15,2.1,1.09,0.4,0.31
S000001911,-0.15,0.71,3.84,2.89,3.48,2.34,2.03,1.84,1.74,3.11
S000001912,0.49,0.36,1.16,0.4,0.92,0.7,1.22,0.69,-0.36,-3.47
S000001913,-1.09,-0.45,2.32,2.09,1.49,1.76,1.42,-0.56,0.79,3.76
S000002104,-0.09,-0.36,-4.06,-3.18,-3.06,-2.47,-2.94,-2.94,-5.06,-5.64
S000001940,0.31,0.38,0.26,0.5,0.42,-0.45,-1.56,-1.84,-3.47,-4.32
S000001944,0.29,-0.23,0.33,-0.07,0.52,2.04,0.7,0.06,0.67,4.11
S000001949,1.39,2.79,4.29,2.73,3.2,3.0,2.63,3.45,2.15,1.56
S000002976,0.24,-0.15,-2.74,-1.47,-1.4,-0.79,-2.84,-2.25,-4.32,-2.32
S000002989,-0.06,-0.07,-1.0,-1.25,-0.79,-1.43,-2.84,-1.51,-2.32,-4.06
S000002997,0.63,0.81,-3.64,-3.06,-2.74,-2.64,-1.69,-1.84,-1.32,-1.36
S000002998,0.29,-0.14,-3.64,-2.94,-2.84,-2.0,-2.56,-2.18,-3.32,-3.84
S000002999,-0.29,-0.22,-3.47,-4.32,-4.06,-3.06,-2.0,-3.32,-3.32,-4.06
S000003005,1.66,1.78,4.18,2.56,2.35,2.62,2.68,2.09,0.48,0.28
S000003007,0.33,-0.1,-1.94,-1.47,-2.0,-2.18,-2.64,-3.18,-1.36,-1.09
S000003044,-0.15,-0.36,-4.06,-3.18,-2.94,-2.74,-2.64,-2.56,-3.64,-4.06
S000003045,-0.67,-0.92,-2.32,-0.32,-0.86,-1.18,-1.69,-1.6,-3.32,-1.89
S000003046,0.14,-0.18,-5.06,-2.64,-2.12,-1.69,-1.25,-2.25,-1.84,-2.84
S000003064,0.07,0.28,2.54,1.48,2.22,1.96,2.37,2.67,3.62,3.18
S000003065,-0.2,-0.29,-1.84,-1.4,-1.29,-1.6,-2.06,-2.4,-2.94,-3.47
S000003067,-0.22,-0.76,-3.47,-2.12,-2.32,-1.89,-2.18,-2.56,-2.56,-4.06
S000003069,0.19,-0.04,-0.45,-1.56,-1.25,-1.64,-2.74,-2.47,-3.32,-2.64
S000003070,-0.25,-0.04,-3.47,-2.94,-2.32,-2.12,-2.25,-2.56,-2.32,-4.06
S000003071,-0.2,-0.3,-3.47,-3.18,-3.06,-2.64,-2.56,-2.56,-1.09,-3.64
S000003073,-0.17,0.12,-2.4,-1.69,-1.84,-1.56,-1.51,-2.18,-3.18,-4.32
S000003079,0.33,-0.6,-3.64,-1.94,-1.94,-1.79,-1.4,-2.25,-2.25,-1.22
S000003088,0.29,-0.51,-4.64,-3.18,-2.94,-2.06,-2.25,-2.47,-3.64,-3.47
S000003089,-0.6,0.89,2.86,4.54,4.69,4.76,5.04,3.93,5.28,3.88
S000003091,-0.06,-0.32,-3.84,-3.84,-3.84,-3.47,-2.94,-3.84,-3.64,-4.32
S000003103,0.28,-0.12,-3.32,-2.64,-2.64,-2.64,-2.47,-3.18,-3.06,-4.06
S000003115,-0.36,-0.17,-3.84,-3.18,-3.47,-3.47,-2.56,-4.06,-3.47,-5.64
S000003116,-0.22,-0.23,-3.64,-2.25,-1.94,-2.0,-1.74,-2.4,-2.47,-2.32
S000003124,0.08,0.63,4.33,4.42,4.41,4.51,4.91,4.84,5.39,4.42
S000003125,-0.2,-0.36,-3.64,-4.32,-4.06,-4.64,-4.06,-4.06,-3.18,-4.64
S000003133,-0.23,0.07,0.36,0.14,0.37,0.64,0.5,0.6,1.36,3.66
S000003134,0.18,-0.1,0.61,1.21,0.44,1.23,1.33,0.69,1.5,4.22
S000003137,-0.25,-0.38,-3.32,-1.89,-1.36,-1.51,-1.15,-1.15,-1.32,-2.64
S000003139,0.28,-0.27,-5.64,-3.06,-2.32,-2.06,-1.79,-2.0,-2.56,-3.06
S000003145,-0.74,-0.69,0.59,1.12,1.24,1.14,3.25,4.36,6.15,6.14
S000003148,-0.03,-0.27,2.36,1.77,2.18,2.26,2.75,2.75,4.66,4.03
S000003152,-0.22,0.01,1.26,0.99,1.62,1.87,2.86,3.97,4.15,4.4
S000003155,0.52,1.06,2.84,4.0,3.53,2.93,2.35,2.87,2.7,1.92
S000003156,0.18,1.17,2.49,3.05,3.23,2.56,2.47,2.36,2.51,1.62
S000003157,-0.06,0.06,-2.4,-3.06,-3.32,-2.64,-2.32,-2.84,-2.74,-4.32
S000003159,0.14,0.83,2.2,3.17,2.93,2.43,2.42,1.91,4.01,3.84
S000003160,-0.14,0.15,2.03,1.74,1.89,1.64,1.69,2.21,3.66,4.4
S000003161,-0.01,0.18,1.69,1.37,0.65,0.94,1.4,1.52,4.43,4.19
S000003173,-0.62,-0.25,0.98,1.41,3.51,3.07,2.67,1.76,5.52,4.85
S000003176,0.28,0.52,3.29,3.99,1.93,3.16,2.19,2.2,1.31,2.1
S000003203,0.68,1.31,-3.06,-2.18,-1.69,-0.94,-0.89,-2.0,-2.12,-4.06
S000003214,-0.64,-0.56,-1.84,-0.92,-1.79,-1.74,-1.64,-2.32,-4.32,-5.06
S000003216,-0.79,-0.36,-0.76,-0.42,-0.58,-1.0,-0.36,-1.15,-0.38,-3.47
S000003224,-0.42,-0.6,-0.71,-0.86,-1.03,0.8,2.56,2.63,3.78,4.24
S000003228,-0.34,0.14,3.47,2.52,2.69,2.29,2.11,2.2,1.38,1.46
S000003251,0.26,1.13,4.0,2.99,3.56,3.22,2.34,2.66,2.02,0.42
S000003254,0.71,-0.49,1.96,1.04,0.72,1.26,1.77,1.04,3.17,2.73
S000003259,0.2,0.16,-3.47,-2.64,-2.06,-1.79,-1.74,-1.89,-2.4,-3.84
S000003264,0.17,0.16,-0.01,0.26,0.92,1.26,1.57,1.56,2.57,3.29
S000003266,-0.17,0.04,-4.06,-3.32,-3.32,-2.74,-2.25,-3.18,-2.64,-4.64
S000003269,0.31,-0.09,-1.06,-0.92,-0.79,-0.86,-1.84,-1.69,-3.32,-3.32
S000003275,-0.3,0.32,5.63,4.8,5.49,5.56,5.85,5.38,5.82,6.19
S000003284,-0.54,-0.22,4.62,2.25,2.37,2.38,4.18,2.79,5.92,5.81
S000003290,-0.1,-0.18,0.61,0.58,0.38,0.24,-0.14,-0.74,-0.92,-4.64
S000003299,-0.25,-0.18,4.1,5.98,5.98,5.45,4.99,4.14,1.4,2.66
S000003311,-0.32,-0.2,-3.47,-3.06,-1.56,-2.56,-1.12,-1.84,-0.49,-0.3
S000003317,0.18,0.23,-3.84,-3.47,-2.74,-2.32,-2.47,-2.32,-3.06,-4.32
S000003319,-0.54,-0.09,-0.74,-0.69,0.01,3.04,4.0,4.25,-0.92,0.58
S000003320,-0.58,0.3,5.98,3.49,4.91,5.46,6.01,5.54,5.12,3.09
S000003335,0.18,-0.18,-5.06,-3.18,-3.18,-2.84,-2.32,-2.56,-1.6,-3.84
S000003342,-0.12,-0.04,3.01,3.31,3.36,2.71,2.95,3.24,4.9,3.83
S000003350,0.4,-0.06,-2.64,-2.84,-2.94,-2.56,-2.25,-2.18,-1.84,-3.84
S000003352,0.31,-0.23,0.29,-0.23,-0.47,-0.34,-0.6,-0.64,-1.79,-3.32
S000003374,-0.64,-0.71,2.76,3.61,2.7,2.03,2.83,2.97,3.44,2.43
S000003376,-0.71,-0.09,0.49,0.93,0.53,1.63,4.46,3.79,2.65,1.26
S000003377,0.84,0.07,-4.32,-2.18,-2.0,-1.29,-1.22,-1.18,-1.79,-2.4
S000003378,-0.64,-0.29,2.68,2.97,2.65,3.64,4.46,4.46,3.43,2.11
S000003380,-0.22,-0.32,-3.47,-3.64,-3.64,-3.18,-2.47,-2.84,-3.47,-4.06
S000003383,0.14,-0.09,-2.74,-2.06,-1.51,-1.94,-2.84,-1.84,-3.47,-2.32
S000003393,-0.06,0.01,2.74,2.69,2.79,3.66,4.17,3.99,4.09,3.41
S000003404,-0.47,0.04,-0.54,-0.14,-0.86,-1.18,-1.4,-2.47,-3.47,-0.76
S000003405,0.58,-0.3,-3.32,-2.0,-1.64,-1.32,-1.51,-2.12,-1.89,-2.06
S000003406,-0.18,0.41,3.67,3.19,2.09,1.7,2.04,0.16,1.1,1.19
S000003408,-0.97,-0.94,-2.84,-2.0,-1.69,-3.47,-1.69,-1.84,0.56,-2.06
S000003409,0.25,-0.1,-3.18,-1.51,-0.22,-1.74,-0.58,-1.6,-0.15,-2.0
S000003410,0.26,-0.58,-0.27,-0.4,-0.51,0.06,-0.43,-0.22,-0.38,-3.47
S000003412,-0.54,-0.84,-1.09,-0.81,0.51,0.54,1.32,0.04,-0.81,-3.47
S000003414,0.34,0.59,1.14,1.55,1.82,0.94,0.88,1.01,2.08,3.24
S000003415,0.64,1.07,2.47,2.84,2.88,2.47,1.59,3.3,3.78,3.97
S000003417,0.41,0.1,-3.18,-1.79,-1.89,-1.43,-2.25,-2.32,-5.06,-4.64
S000003421,0.55,0.43,-0.92,-0.43,0.51,0.41,-0.09,0.14,-2.25,-3.32
S000003426,-0.15,0.62,3.96,2.73,2.4,1.9,1.33,1.74,0.19,0.03
S000003432,-0.54,-0.89,-4.06,-1.94,-1.6,-1.29,-1.32,-1.51,-2.47,-2.06
S000003433,0.28,0.5,5.0,4.15,3.85,4.24,5.0,4.3,5.34,4.3
S000003436,0.07,0.41,-1.84,-1.56,-1.29,-1.43,-1.0,-1.03,-1.18,-3.64
S000003446,0.08,-0.07,-4.32,-2.94,-3.06,-2.4,-2.0,-2.94,-2.64,-3.47
S000003460,0.01,0.12,-1.03,-1.29,-1.15,-2.0,-1.94,-1.79,-3.18,-1.74
S000003466,-0.17,-0.58,-2.06,1.91,1.05,0.2,-2.32,-2.25,-3.18,-2.25
S000003468,-0.54,-0.23,5.84,5.53,4.62,5.41,5.86,4.14,5.78,8.09
S000003475,-0.38,-0.56,4.57,4.81,5.07,4.48,4.94,5.42,5.99,6.89
S000003476,0.12,1.32,3.11,3.37,3.27,3.03,2.46,2.23,0.94,0.4
S000003477,-0.17,-0.69,-4.32,-2.84,-2.64,-1.69,-1.64,-2.25,-2.12,-2.18
S000003480,-0.43,1.15,5.27,3.64,3.38,4.06,4.25,2.8,3.1,2.12
S000003482,0.6,0.82,3.75,4.57,2.58,3.06,2.92,3.37,1.91,0.93
S000003484,0.4,-0.3,0.23,0.12,-0.14,-0.47,-0.76,0.39,-0.67,-4.32
S000003486,0.13,0.43,-1.1,-1.52,-0.57,0.02,-0.15,-0.43,-3.0,-3.35
S000003488,-0.49,0.06,3.67,2.58,1.58,3.54,2.9,2.38,1.42,2.01
S000003496,-0.36,-0.56,-3.84,-2.84,-3.32,-3.32,-3.06,-3.32,-4.64,-2.94
S000003504,0.07,0.0,-3.32,-1.94,-2.74,-2.64,-1.56,-1.4,-1.22,-1.74
S000003517,0.12,-0.69,-4.06,-2.56,-2.47,-1.94,-1.79,-1.84,-3.64,-4.64
S000003521,-0.67,0.01,3.95,2.69,2.25,1.67,1.84,3.01,3.32,2.94
S000003522,-0.92,-0.1,4.01,2.2,1.95,1.09,1.44,2.71,3.8,2.22
S000000993,0.44,0.03,-3.32,-2.56,-2.4,-1.74,-1.47,-2.06,-1.56,-1.94
S000001007,2.0,-1.84,-0.69,0.41,-1.6,2.46,1.85,-3.32,2.32,5.58
S000001013,0.85,1.15,5.08,4.29,4.24,3.89,3.41,3.25,3.01,3.46
S000001016,0.06,0.33,2.17,1.41,2.09,3.02,1.84,1.75,4.1,3.57
S000001024,-0.38,0.4,3.25,4.42,1.98,3.86,0.91,1.13,1.1,2.3
S000001025,0.42,0.11,-3.84,-2.94,-2.84,-2.06,-1.43,-2.4,-3.64,-5.06
S000001033,-1.12,-0.84,0.03,0.0,0.1,0.11,-0.32,-0.74,-3.84,2.08
S000003529,-1.52,1.25,1.64,3.14,1.34,3.17,2.43,1.66,2.23,3.9
S000001052,-0.29,-0.32,-3.84,-3.32,-3.32,-3.06,-2.64,-3.18,-3.18,-2.94
S000001061,-0.3,0.12,-2.94,-1.74,-1.32,-1.6,-2.0,-2.25,-3.64,-3.47
S000001062,-0.92,-1.15,-4.06,-2.32,-3.32,-3.18,-3.06,-2.94,-2.32,-2.4
S000001063,-0.45,-0.2,-3.64,-3.18,-2.56,-2.32,-1.89,-1.94,-0.86,-1.29
S000001067,-0.03,0.14,-3.64,-1.47,-1.69,-1.4,-2.12,-2.06,-2.32,-3.84
S000001068,-0.27,-0.06,-0.71,-1.12,-0.97,-1.29,-1.64,-1.51,-1.4,-3.18
S000001075,-0.72,-0.92,0.21,1.63,1.13,1.8,1.94,4.37,1.69,2.32
S000001091,0.32,0.32,-2.32,-0.81,-1.47,-1.74,-2.4,-1.79,-3.32,-3.06
S000001093,0.53,0.92,2.51,3.59,3.2,2.63,1.86,2.21,2.55,1.45
S000001094,0.3,-0.15,-4.32,-3.06,-2.47,-2.18,-2.4,-2.47,-2.25,-2.84
S000001106,0.1,-0.45,-4.64,-2.32,-1.84,-1.79,-1.94,-1.89,-2.94,-3.64
S000001107,0.61,-0.36,-4.64,-2.25,-2.47,-1.69,-1.32,-2.32,-3.47,-3.06
S000001108,0.72,0.07,-5.06,-2.18,-1.79,-1.74,-1.6,-2.0,-2.84,-3.64
S000001110,0.28,-0.09,-3.32,-2.64,-2.47,-2.4,-3.18,-2.32,-3.84,-5.06
S000001129,-0.43,0.43,3.55,3.64,2.09,3.95,2.59,2.04,1.72,2.48
S000001130,0.03,-0.18,-5.06,-1.79,-2.18,-1.89,-1.32,-1.51,-1.69,-1.47
S000001131,-0.64,-1.4,-3.47,-3.32,-2.94,-2.56,-2.47,-2.94,-2.25,-2.64
S000001138,-0.25,-0.18,4.24,5.64,4.88,5.02,5.0,4.33,6.05,6.37
S000001139,0.59,0.41,4.19,3.41,3.24,3.41,3.53,3.35,4.11,5.49
S000001146,-0.22,0.58,3.64,1.78,1.1,1.39,1.76,0.58,-0.79,-1.22
S000001150,-0.43,-0.45,-1.56,-1.47,-1.32,-1.36,-1.56,-2.12,-2.64,-3.47
S000001165,-0.01,0.49,-1.22,-0.71,-1.03,-1.18,-1.69,-1.32,-3.32,-2.47
S000001170,-0.43,-0.38,-4.32,-3.47,-2.94,-3.18,-3.32,-3.84,-4.64,-4.32
S000001180,-0.67,0.28,1.77,1.76,2.62,2.25,2.85,2.42,3.91,4.48
S000001181,-0.32,0.06,3.3,2.43,2.94,5.96,7.17,6.69,7.54,8.86
S000001182,-0.6,0.57,3.2,1.87,2.48,2.18,2.36,1.76,2.56,1.42
S000001186,0.41,0.28,0.23,-0.69,-0.62,0.44,-3.32,-1.43,-1.89,-2.18
S000001185,-0.22,-0.43,-3.64,-2.25,-2.32,-2.4,-2.32,-1.64,-2.74,-3.64
S000001191,0.43,0.14,-3.18,-2.0,-1.89,-1.4,-1.18,-1.84,-1.94,-1.74
S000001203,0.0,0.37,2.75,2.18,2.91,2.76,3.51,3.57,5.66,3.72
S000001212,-0.06,-0.32,-4.32,-3.18,-2.47,-2.32,-2.06,-2.12,-3.18,-1.47
S000001213,0.67,0.0,-4.64,-2.0,-2.32,-1.69,-1.56,-2.25,-2.18,-3.18
S000001217,0.41,0.73,-0.92,-1.29,-0.54,0.46,0.45,0.0,-2.18,-3.84
S000001234,-0.01,0.34,0.2,-0.25,-0.43,-0.94,-0.58,-0.54,-4.06,0.14
S000001246,-0.07,-0.25,-4.06,-2.94,-3.32,-2.84,-2.56,-3.06,-3.47,-4.32
S000001251,0.01,-0.06,-3.18,-1.89,-1.74,-1.56,-1.56,-2.06,-2.74,-2.47
S000001254,-0.79,-0.71,0.56,0.97,0.75,0.38,1.1,1.83,3.38,2.63
S000001258,-0.56,-0.62,-2.84,-2.94,-1.25,-0.6,-0.64,-0.94,-3.18,-3.32
S000001259,0.3,0.7,-2.64,-2.18,-2.4,-1.32,-1.29,-2.25,-2.84,-3.32
S000006432,-0.62,0.33,-0.45,-0.38,-0.94,-1.84,-1.18,-0.74,-1.89,-3.84
S000001277,0.58,0.39,-0.23,-1.56,-2.4,-2.32,-2.56,-0.45,-3.32,-2.4
S000001280,0.16,-0.09,-4.32,-3.18,-2.94,-2.84,-2.64,-2.94,-3.18,-4.06
S000001286,0.11,0.15,1.7,1.37,2.11,1.02,2.69,3.13,3.88,1.6
S000001301,0.15,-0.03,-1.0,-0.56,-0.17,-0.81,-1.47,-1.64,-3.32,-2.94
S000001307,0.23,0.57,4.79,3.62,3.57,4.15,4.87,3.87,4.97,6.66
S000001309,0.36,0.39,-0.94,0.24,-0.25,0.44,0.9,0.86,2.32,3.87
S000001313,0.37,0.01,0.45,1.14,-0.25,-0.1,-0.84,-1.43,-1.56,-3.32
S000001314,0.0,-0.18,-3.84,-3.32,-3.18,-2.74,-2.4,-3.32,-2.56,-4.64
S000001315,-0.51,-0.79,-5.64,-5.64,-4.06,-2.25,-2.25,-2.47,-3.84,-4.32
S000001319,-1.09,-0.49,4.89,6.46,6.88,6.43,6.39,5.31,6.91,5.97
S000001340,-0.49,-0.25,-2.94,-2.18,-2.25,-2.32,-2.64,-2.12,-4.64,-4.32
S000001356,0.63,0.7,-2.25,-0.94,-0.2,-0.2,-0.62,-0.38,-1.51,-3.47
S000001359,1.33,0.53,3.6,2.34,2.18,1.9,2.36,2.24,3.92,3.06
S000001361,-0.01,-0.23,2.37,1.78,0.58,2.81,1.16,2.0,1.18,4.24
S000001363,-0.32,0.33,4.04,3.35,3.4,3.47,3.82,2.67,4.52,4.07
S000001369,0.06,0.57,3.06,2.59,2.58,2.59,3.01,3.44,4.59,3.79
S000001373,0.58,2.13,3.52,0.6,0.43,-0.09,0.32,1.08,0.5,-0.43
S000001375,-0.89,-0.45,3.21,1.3,1.81,1.32,1.5,1.6,1.23,2.04
S000001382,-0.15,0.28,1.6,1.43,1.18,1.19,1.37,1.63,4.94,2.55
S000001386,0.57,1.24,3.31,1.36,2.1,2.29,1.54,1.79,1.15,0.24
S000001389,0.28,-0.15,-3.84,-3.18,-2.56,-2.32,-1.51,-2.0,-1.43,-2.94
S000001395,0.4,0.16,-3.32,-3.32,-3.32,-2.47,-2.32,-3.06,-2.32,-4.06
S000001398,0.74,0.78,5.3,6.08,4.06,5.99,3.4,3.63,3.67,6.36
S000001407,0.01,0.03,-1.18,-1.06,-1.43,-1.15,-2.0,-1.79,0.3,3.46
S000001408,0.14,0.32,2.29,2.09,1.9,2.1,2.38,2.75,4.0,3.81
S000001417,0.55,0.51,1.66,2.19,2.0,2.48,1.4,2.53,2.86,4.29
S000001422,-0.1,-0.03,1.82,2.1,1.26,3.48,1.3,1.1,2.97,3.18
S000001424,0.68,0.54,4.18,2.63,1.8,1.93,0.42,-0.54,-0.54,-0.07
S000001434,-0.23,0.11,2.58,2.35,3.19,2.54,1.32,1.31,1.45,1.37
S000001451,-0.3,-0.84,-4.64,-3.32,-2.56,-2.84,-2.74,-2.84,-3.47,-3.06
S000001456,-0.51,0.38,1.69,1.55,0.77,2.5,1.58,3.71,0.66,1.88
S000001465,-0.36,-0.86,-5.06,-2.47,-2.64,-2.25,-2.25,-2.4,-3.64,-3.06
S000001477,0.79,1.14,2.64,2.84,2.57,2.96,3.27,2.58,5.03,4.41
S000001478,0.1,0.85,4.6,3.73,3.7,2.86,3.05,2.9,2.05,2.18
S000003545,0.55,-0.69,-1.6,-2.32,-1.47,-1.43,-1.32,-2.4,-1.06,-3.18
S000003565,-0.29,-0.62,-0.51,0.92,0.03,-0.4,-0.43,-0.64,0.07,3.28
S000003578,0.1,0.95,1.69,1.36,1.3,1.47,1.42,1.84,3.55,2.72
S000003581,-0.42,0.23,3.71,4.95,3.26,4.93,4.14,3.8,2.29,3.29
S000003584,0.08,0.62,3.56,2.81,3.0,3.61,2.93,2.46,2.43,3.99
S000003587,-0.81,-0.03,-1.03,-0.6,-0.79,-0.81,-1.56,-1.0,-0.45,-3.64
S000003593,-0.22,0.15,3.2,1.89,0.98,3.63,1.54,2.23,2.28,2.79
S000003598,0.03,0.45,-0.38,-0.3,0.25,0.04,-0.54,0.06,-0.94,-3.84
S000003602,0.19,0.93,3.13,3.22,3.26,2.62,2.64,3.27,4.38,4.09
S000003603,-0.18,0.41,2.2,2.16,1.99,1.46,1.85,2.35,2.98,3.83
S000003605,-0.22,-0.79,-4.64,-2.94,-2.47,-2.74,-2.4,-2.56,-2.74,-4.64
S000003615,0.53,1.74,1.58,2.95,2.72,2.41,1.91,3.17,0.64,1.89
S000003624,0.03,1.23,1.51,4.12,3.36,2.98,2.84,2.92,2.5,2.98
S000003625,-0.22,-1.94,2.6,3.93,3.93,3.53,3.97,3.64,2.73,3.14
S000003638,0.31,0.41,2.44,2.88,3.23,1.95,2.18,1.91,2.0,3.35
S000003639,0.33,0.1,3.47,3.44,3.52,3.23,3.23,3.12,4.52,3.87
S000003643,-0.54,-1.15,-0.89,-1.43,-1.69,-0.34,-0.6,-0.23,0.44,-4.64
S000003647,0.18,-0.56,-1.79,-1.84,-1.56,-1.4,-1.51,-1.51,-3.06,-5.06
S000003652,0.3,0.38,1.65,2.19,3.13,3.94,4.59,5.04,5.74,6.41
S000003660,0.08,0.18,-0.51,-0.76,-0.6,-1.12,-1.43,-0.86,-1.22,-3.64
S000003674,0.77,0.3,-2.56,-1.29,-1.47,-1.29,-1.36,-1.56,-2.74,-4.06
S000003677,-0.06,0.19,3.46,1.94,1.77,2.08,2.18,2.08,3.07,3.14
S000003678,0.64,0.67,3.24,2.35,2.06,2.66,2.73,2.71,3.37,2.94
S000003680,-0.15,0.0,4.89,3.66,1.92,4.02,4.01,3.33,1.42,5.41
S000003684,0.24,0.1,-3.64,-2.47,-2.47,-2.12,-2.4,-1.89,-2.4,-2.47
S000003689,-1.43,-0.64,0.79,6.09,3.45,2.15,2.78,0.42,-0.12,1.88
S000003691,-0.69,-0.49,3.24,2.46,1.86,1.61,2.09,1.56,3.29,4.02
S000003693,0.0,-0.07,-2.64,-0.79,-1.89,-1.79,-1.84,-1.15,-3.18,-6.64
S000003694,0.5,0.69,-1.89,-1.06,-0.17,-1.11,-3.21,-1.38,-3.48,-3.4
S000003697,0.55,1.05,4.52,3.51,3.71,2.98,3.5,3.17,2.32,1.51
S000003699,-0.62,0.03,3.79,2.13,3.21,2.65,3.77,3.61,5.65,4.67
S000003700,0.76,1.59,2.66,2.29,2.42,2.98,3.23,3.34,4.28,2.8
S000003702,0.62,1.56,3.09,3.57,3.28,2.97,2.34,3.56,4.21,4.66
S000003703,0.32,0.34,-1.0,-0.49,-0.47,-0.74,-1.22,-1.18,-1.94,-5.64
S000003713,-0.38,-0.47,-4.06,-4.06,-3.47,-3.06,-0.76,-2.94,-2.94,-3.84
S000003715,0.12,0.28,-1.09,-1.79,-1.18,-1.6,-1.25,-1.43,-2.12,-3.18
S000003719,0.31,-0.27,-2.74,-1.56,-1.29,-2.18,-2.56,-2.12,-1.74,-3.32
S000003721,-0.04,0.1,2.01,2.12,1.88,1.39,1.59,1.87,3.54,1.81
S000003725,0.41,0.1,-3.64,-2.4,-2.56,-2.4,-1.79,-1.84,-2.56,-2.64
S000003726,0.29,0.38,-3.84,-3.64,-3.47,-3.06,-2.56,-3.47,-3.18,-4.32
S000003727,0.37,-0.09,-3.47,-2.06,-2.18,-1.94,-2.32,-2.64,-1.64,-1.94
S000003728,0.15,0.49,-0.47,-1.0,-0.97,-1.09,-1.4,-1.43,-3.32,-2.56
S000003736,0.16,-0.14,-3.47,-2.47,-1.89,-1.64,-1.25,-1.47,-2.47,-2.74
S000003767,0.66,-0.17,-2.18,-1.79,-1.84,-2.25,-1.84,-2.84,-2.84,-6.64
S000003768,0.68,0.82,2.29,2.21,3.71,3.4,4.21,3.23,4.33,4.91
S000003771,-0.3,-0.22,-0.27,-0.89,-0.74,-0.67,-0.94,0.75,-3.18,0.37
S000003777,-0.47,-0.74,-4.32,-2.12,-1.69,-1.4,-1.29,-1.22,-1.64,-3.47
S000003781,-0.43,0.1,1.77,2.7,0.4,1.9,-0.76,-1.15,3.59,-0.22
S000003802,-0.3,-0.86,-3.84,-2.4,-1.69,-1.47,-1.32,-1.6,-2.94,-2.64
S000003809,-0.17,0.32,1.04,3.51,2.66,0.63,-0.51,0.58,-0.81,-1.18
S000003824,-0.27,-0.14,-3.32,-2.84,-2.74,-2.18,-2.64,-2.84,-2.0,-2.06
S000003825,0.26,-0.6,-3.32,-2.25,-1.89,-2.32,-2.0,-2.74,-1.56,-2.64
S000003830,0.58,0.1,-2.12,-2.06,-1.64,-2.18,-2.94,-2.18,-3.18,-2.56
S000003831,0.08,-0.42,-5.64,-4.06,-3.64,-3.18,-2.64,-3.84,-3.18,-5.64
S000003832,0.34,-0.47,-4.32,-2.74,-2.47,-2.47,-2.32,-3.06,-2.32,-3.18
S000003834,0.92,1.32,3.3,4.22,3.23,3.39,2.4,2.93,2.5,3.4
S000003838,0.63,0.97,1.73,3.62,2.57,2.17,1.34,2.05,1.85,1.85
S000003839,-0.97,0.24,0.28,1.6,1.08,2.53,1.6,1.08,1.84,3.33
S000003854,-0.12,-0.34,0.12,-0.25,0.06,0.12,1.26,1.84,2.72,4.03
S000003855,0.28,0.31,-2.94,-2.06,-1.84,-1.79,-1.69,-2.0,-2.47,-3.18
S000003856,-0.4,-0.49,3.02,5.92,6.08,4.99,5.44,3.28,2.17,2.66
S000003857,0.33,0.54,4.99,3.28,3.5,3.5,3.42,3.29,2.72,2.47
S000003858,-0.22,-0.76,-3.32,-3.47,-2.4,-2.84,-1.94,-2.12,-1.79,-0.49
S000003882,0.28,0.83,2.53,3.44,2.87,2.06,0.68,1.66,0.54,0.03
S000003884,-0.06,-0.34,-3.84,-3.32,-3.47,-3.47,-2.64,-3.32,-4.06,-6.64
S000003904,0.14,-0.3,-1.79,-1.12,-1.25,-1.79,-1.64,-1.89,-4.32,-3.84
S000003906,-0.06,-0.06,-4.64,-3.64,-3.32,-2.84,-2.47,-2.64,-3.18,-5.06
S000003916,0.36,-0.06,1.97,1.81,1.77,1.79,2.66,2.57,4.61,3.53
S000003917,-0.54,0.1,1.71,1.48,2.83,2.96,3.48,3.41,1.18,1.45
S000001489,0.67,0.08,-4.32,-4.06,-3.64,-2.94,-2.56,-3.32,-2.47,-3.47
S000001492,0.69,-0.43,-5.64,-3.84,-3.64,-2.94,-3.18,-2.64,-2.74,-4.64
S000001507,-0.25,-0.23,-2.25,-1.64,-1.6,-1.56,-1.43,-1.89,-1.64,-3.84
S000001509,-0.23,0.16,4.5,3.32,4.03,4.29,3.91,3.43,5.92,8.26
S000001521,-0.22,-0.51,1.23,0.96,0.59,0.82,0.64,0.04,3.46,1.91
S000001530,-0.27,-0.54,-0.92,-0.29,-0.3,-0.81,-0.62,-1.18,-4.32,-0.64
S000001539,-0.76,-0.64,-3.32,-2.74,-3.32,-2.47,-1.69,-1.94,-3.06,-3.47
S000001561,-0.12,-0.89,-5.64,-4.32,-3.84,-3.47,-3.18,-3.84,-4.32,-6.64
S000001563,-0.6,-0.56,-1.64,-2.12,-1.89,-2.06,-1.4,-1.64,-3.84,-4.32
S000001564,0.15,0.04,-3.84,-3.32,-2.25,-2.25,-2.74,-3.32,-4.06,-3.47
S000001565,0.26,-0.3,-3.84,-2.32,-2.0,-2.25,-0.74,-1.32,-0.34,-0.84
S000001568,0.98,1.77,4.29,4.52,4.52,3.72,2.67,2.92,1.99,2.37
S000001574,0.1,0.99,5.22,3.45,2.97,2.9,2.15,2.34,3.32,1.79
S000001576,0.11,0.41,5.4,4.55,4.5,4.26,4.37,4.02,4.73,1.9
S000001582,1.23,0.1,-4.32,-2.12,-2.4,-1.74,-1.51,-1.74,-1.32,-1.69
S000001586,1.12,1.47,3.48,2.43,2.31,2.57,2.19,1.76,0.07,-0.92
S000001590,-0.67,0.06,1.93,1.96,2.29,3.55,4.8,2.82,2.91,2.55
S000001592,0.07,1.02,3.9,4.52,4.46,3.38,3.19,3.01,3.59,5.0
S000001610,-0.18,-0.29,-1.36,-1.79,-1.51,-1.32,-2.74,-1.69,-3.47,-4.06
S000001624,0.2,0.86,2.97,3.97,3.72,2.69,2.26,1.32,0.37,-0.18
S000001625,0.49,0.86,3.19,2.54,2.5,2.34,2.11,1.03,1.59,0.91
S000001626,0.36,-0.2,-4.64,-1.84,-2.47,-2.12,-1.6,-2.0,-1.94,-2.18
S000001631,0.12,1.16,4.29,5.31,4.23,4.41,3.36,3.23,1.71,1.76
S000001633,0.26,0.98,3.94,3.63,3.73,3.14,3.13,1.95,1.35,0.65
S000001634,-0.58,0.03,3.59,2.3,1.34,2.22,2.29,1.8,0.6,0.93
S000001635,0.21,0.53,-1.03,-1.51,-0.71,0.1,-0.09,-0.97,-2.74,-3.32
S000001636,-0.56,-0.09,-1.94,-1.89,-1.84,-1.06,-0.81,-1.15,-3.18,-3.47
S000001639,0.49,0.15,-3.47,-2.56,-2.32,-1.79,-1.36,-0.74,0.43,0.06
S000001655,0.73,0.21,-4.32,-2.32,-1.89,-1.89,-2.0,-1.64,-2.47,-3.64
S000001663,0.28,0.3,-2.74,-2.84,-2.74,-1.94,-1.79,-2.06,-2.18,-3.64
S000001664,0.32,-0.36,-3.32,-2.0,-1.69,-2.06,-1.89,-1.94,-1.47,-2.64
S000001670,0.14,1.2,3.15,4.19,4.7,4.52,4.86,2.96,5.94,4.25
S000001671,-0.18,0.28,3.28,2.52,3.55,3.31,3.39,3.35,4.38,2.43
S000001695,0.28,-0.3,-1.47,-1.15,-0.86,-0.97,-1.4,-1.29,-2.64,-3.18
S000001699,-0.17,-0.18,-1.03,-1.12,-1.56,-1.79,-1.15,0.11,-1.43,-3.84
S000001700,-0.84,-0.1,5.67,6.23,5.27,5.38,5.03,5.31,6.42,7.13
S000001709,0.91,0.25,-0.01,-0.03,0.03,0.0,-0.42,-0.6,-1.84,-3.47
S000001711,0.81,0.28,0.84,0.12,0.19,0.25,-0.15,-0.25,-2.18,-3.47
S000001717,0.08,0.01,3.7,3.3,3.51,4.17,3.78,1.67,4.17,4.02
S000001734,-0.34,-0.27,-3.18,-2.47,-1.89,-2.32,-1.84,-2.06,-2.47,-2.12
S000001741,-0.17,0.39,-0.03,-0.25,0.0,1.76,2.49,2.14,1.75,5.11
S000001742,-1.47,-0.54,0.49,-0.69,-0.29,0.73,2.24,2.03,1.57,4.71
S000001747,-0.29,0.16,0.89,2.76,2.87,3.82,3.38,4.84,3.34,3.16
S000001751,0.14,-0.41,-3.48,-3.32,-1.58,-2.59,-1.48,-1.86,-1.76,-2.94
S000001757,-0.23,-0.2,3.51,2.75,1.1,3.23,0.73,1.64,2.36,3.41
S000001764,0.1,-0.92,-4.64,-2.64,-2.56,-2.47,-1.64,-2.84,-2.94,-2.74
S000001766,0.08,0.57,3.76,3.0,2.84,2.38,3.2,2.54,2.75,1.5
S000001767,0.08,-0.12,-2.18,-1.47,-1.47,-1.32,-1.69,-1.74,-2.47,-3.32
S000001768,0.77,-0.17,-3.32,-2.25,-2.25,-2.18,-1.94,-2.32,-2.84,-2.18
S000001775,0.58,0.44,3.01,2.99,3.64,2.78,2.0,1.77,2.21,0.8
S000001783,0.73,0.54,0.4,-0.23,-0.04,-0.06,0.3,0.86,2.73,3.37
S000001784,-0.18,0.83,3.83,3.31,4.29,4.64,4.61,2.92,4.58,1.51
S000001789,0.44,0.01,-4.06,-2.74,-2.64,-1.89,-1.84,-2.0,-1.74,-3.06
S000001800,-0.2,-1.12,-3.32,-2.84,-2.84,-2.64,-2.94,-2.84,-1.64,-0.92
S000001802,0.03,-0.25,-3.18,-3.06,-2.84,-2.4,-2.12,-2.64,-2.12,-2.74
S000001805,0.21,0.15,4.98,6.73,6.97,6.73,7.18,5.18,5.43,6.33
S000003931,-0.74,-1.25,-5.64,-3.64,-3.84,-2.74,-2.32,-3.47,-2.56,-4.64
S000003934,-0.51,-0.97,-4.64,-2.94,-2.56,-2.47,-2.25,-2.84,-1.4,-3.32
S000003941,-0.09,-0.28,-0.41,-0.36,-0.45,-0.69,-1.21,-1.4,-1.84,-3.77
S000003943,-0.12,0.34,2.5,2.32,2.6,2.26,2.78,3.08,4.21,4.01
S000003944,0.63,0.36,-1.79,-1.09,1.88,-0.4,-0.25,-0.06,-0.43,-5.06
S000003946,0.51,1.12,3.56,2.56,2.3,2.34,1.51,1.96,1.69,-0.34
S000003947,-0.12,-0.45,-2.0,-1.84,-2.25,-2.47,-1.84,-1.36,-2.18,-3.32
S000003949,0.11,0.48,3.74,3.22,2.7,2.67,2.73,3.13,3.1,0.93
S000003958,-0.69,-1.12,-3.64,-2.4,-1.89,-1.64,-1.6,-1.64,-2.47,-1.51
S000003964,0.87,1.66,4.75,5.22,5.44,4.97,4.84,4.61,5.64,4.13
S000003967,-0.03,-0.54,-5.06,-3.64,-3.32,-3.06,-2.4,-3.18,-3.47,-5.06
S000003968,-0.06,-0.23,-3.84,-3.32,-2.74,-2.32,-1.79,-2.4,-3.47,-5.06
S000003992,0.18,-0.51,-3.64,-1.79,-1.89,-1.47,-1.32,-1.18,-2.84,-3.32
S000003993,-0.29,-0.38,-3.47,-2.74,-2.32,-2.0,-1.51,-2.0,-3.64,-1.64
S000003999,0.11,-0.27,-4.64,-2.74,-2.47,-2.56,-2.06,-2.32,-2.12,-3.84
S000004019,-0.15,-0.58,-3.18,-2.74,-3.64,-2.74,-2.47,-3.32,-3.18,-5.06
S000004028,0.45,0.81,2.29,2.96,3.43,2.78,2.29,2.07,1.51,2.15
S000004034,0.1,0.21,-2.06,-2.74,-2.06,-0.74,-0.6,-1.25,-4.64,-4.64
S000004038,0.08,0.4,-4.06,-2.74,-2.84,-2.18,-2.4,-2.06,-3.32,-2.12
S000004046,-0.49,-0.45,-4.32,-0.29,0.29,0.51,-0.12,-0.86,-2.84,-2.32
S000004048,0.69,1.73,-2.56,-2.47,-2.32,-0.92,-0.64,-2.0,-2.32,-3.84
S000004050,-0.07,-0.3,-3.18,-2.74,-2.25,-2.4,-2.64,-3.06,-4.64,-4.32
S000004051,-0.2,-0.34,-5.06,-4.32,-4.32,-3.84,-3.06,-3.32,-4.64,-5.06
S000004052,-0.01,-0.2,-4.64,-4.64,-3.64,-3.18,-3.32,-4.32,-5.64,-5.06
S000004053,-0.58,-0.79,-4.32,-2.84,-2.84,-2.06,-1.89,-2.47,-3.47,-2.64
S000004060,-0.12,0.39,3.46,1.81,1.52,2.72,2.91,2.77,0.77,1.29
S000004065,0.53,-0.76,-4.32,-3.18,-2.84,-2.4,-2.18,-2.56,-1.64,-4.64
S000004066,0.21,-0.12,-3.32,-2.64,-2.47,-1.94,-1.6,-2.0,-1.43,-2.56
S000004070,0.12,0.82,3.71,2.69,3.08,2.23,3.28,3.42,3.53,1.63
S000004073,0.6,-0.29,-3.84,-2.18,-2.12,-1.74,-2.18,-2.4,-3.47,-3.47
S000004076,0.11,-0.3,-1.03,-0.43,0.45,0.01,0.14,-0.01,-1.06,-5.06
S000004090,0.2,0.12,-0.84,-0.71,-1.06,-0.92,-1.32,-1.18,-2.12,-3.18
S000004119,-0.74,-1.25,-5.06,-2.4,-3.32,-2.64,-2.18,-2.94,-2.47,-3.32
S000004124,-0.69,-0.42,-2.47,-3.56,-2.52,-1.69,-1.52,-2.96,-4.69,-4.35
S000004127,-2.25,-0.94,-2.47,-2.4,-2.47,-5.64,-1.43,-1.56,0.1,0.56
S000004132,0.23,0.03,3.05,3.91,4.83,4.91,5.2,5.12,6.55,6.99
S000004139,-0.74,-0.12,4.06,3.36,3.5,3.72,3.83,3.2,5.24,5.09
S000004140,0.58,0.64,-2.84,-2.25,-2.06,-1.29,-1.47,-1.18,-2.18,-4.64
S000004142,-0.4,0.15,2.97,2.95,2.95,2.36,2.72,3.2,2.69,3.25
S000004143,-0.14,-0.03,-1.94,0.06,0.33,-0.6,-1.03,-1.69,-4.06,-4.06
S000004146,-0.32,0.04,1.23,1.36,1.62,1.48,2.36,2.87,3.46,2.8
S000004148,-0.14,0.24,1.12,1.48,0.91,1.26,1.09,1.32,1.65,3.56
S000004154,-0.27,0.54,4.47,2.95,3.34,4.03,5.13,4.42,4.94,1.75
S000004164,0.03,0.49,4.48,5.74,6.44,5.52,5.3,5.26,4.85,1.1
S000004165,0.56,-0.23,-5.64,-3.32,-3.18,-2.84,-2.64,-3.32,-3.06,-3.84
S000004168,0.63,1.85,5.9,5.32,4.66,5.08,4.25,4.74,3.73,3.75
S000004169,0.33,-0.69,-3.18,-2.25,-1.69,-2.47,-2.4,-2.74,-0.6,-3.06
S000004170,0.03,-0.17,-4.32,-3.84,-2.18,-3.64,-2.56,-2.56,-1.79,-4.06
S000004173,0.4,-0.12,-3.32,-2.4,-0.92,-1.74,-1.79,-2.12,-3.32,-2.18
S000004175,0.5,-0.3,-4.64,-3.64,-3.18,-2.64,-2.32,-2.94,-2.18,-4.32
S000004176,0.58,-0.58,-4.64,-2.94,-2.74,-2.32,-2.47,-2.56,-3.84,-3.84
S000004186,0.54,-0.42,-5.06,-3.06,-3.32,-2.18,-2.06,-2.47,-4.06,-4.32
S000004187,0.01,-0.22,-5.64,-3.64,-3.32,-2.94,-2.94,-3.47,-4.32,-3.64
S000004188,0.5,-0.09,-5.06,-3.06,-3.32,-2.47,-2.25,-2.47,-3.32,-1.79
S000004190,0.67,0.81,-0.6,-0.69,-0.27,-0.4,-0.76,-0.58,-1.69,-3.64
S000004202,0.53,0.44,-1.74,-0.4,0.18,-0.25,-0.38,-0.94,-1.51,-5.06
S000004212,0.88,-0.22,-4.32,-2.06,-2.12,-1.32,-1.03,-1.79,-3.32,-3.18
S000004239,-0.56,-0.84,-6.64,-5.06,-4.32,-3.64,-3.64,-3.84,-3.84,-5.06
S000004248,0.44,1.5,4.55,3.5,4.01,3.22,2.53,2.9,2.32,2.03
S000004253,0.3,0.12,-0.1,-1.22,-0.27,-0.62,-0.04,-1.18,0.57,-4.64
S000004254,0.45,0.2,-3.18,-2.64,-2.25,-2.0,-1.69,-1.89,-2.25,-3.47
S000004260,0.46,0.68,3.6,2.21,2.53,2.55,2.16,2.5,3.12,1.56
S000004264,0.34,-0.07,-0.74,-0.54,-0.27,-0.18,-0.18,-0.56,-1.18,-3.84
S000004266,0.24,-0.15,-4.64,-2.25,-1.89,-1.64,-1.79,-2.06,-2.84,-3.84
S000004272,0.43,0.46,1.24,0.87,1.24,0.74,0.77,0.84,0.2,-3.47
S000004274,0.41,0.39,2.12,1.45,1.67,1.9,1.98,0.91,4.27,1.76
S000004282,-0.34,-0.34,-1.89,-1.25,-1.64,-1.94,-1.64,-2.0,-2.64,-3.18
S000004284,-0.51,-0.17,-3.64,-2.32,-2.32,-2.74,-2.4,-2.84,-3.18,-4.64
S000004288,-0.23,-0.27,2.16,2.08,1.55,1.66,2.52,1.33,3.69,2.81
S000004289,1.57,0.58,1.45,0.64,0.77,0.41,0.6,3.21,1.14,1.29
S000004292,0.16,0.15,-2.64,-2.47,-1.84,-2.06,-2.12,-2.0,-3.32,-3.84
S000004294,-0.51,-1.15,-2.4,-2.56,-1.25,-1.36,-1.18,-0.01,-3.06,-3.32
S000004295,0.0,0.15,2.36,3.58,4.14,3.2,1.75,3.49,1.51,-0.76
S000004299,-0.18,-0.6,-0.12,0.03,0.77,0.6,1.0,3.94,0.77,1.06
S000004302,-0.23,0.24,3.49,3.78,4.01,3.14,3.61,2.62,3.54,5.18
S000004303,0.53,1.02,4.77,5.53,6.23,5.43,5.82,4.63,6.41,8.12
S000004306,0.89,0.5,-0.81,-0.97,-0.58,-1.0,-1.94,-1.84,-1.89,-4.06
S000004317,-0.76,-0.79,-4.64,-3.64,-4.32,-4.06,-2.84,-3.18,-2.0,-3.84
S000004318,0.03,0.21,0.76,1.18,0.72,0.9,1.26,1.29,0.06,3.84
S000004319,-1.47,0.21,3.98,4.35,2.65,4.21,3.46,1.32,1.93,6.15
S000004323,-1.06,-0.76,0.56,-0.25,-0.6,-0.89,-0.14,-4.64,0.01,-0.29
S000004325,-0.17,-0.17,-4.06,-3.18,-2.64,-2.56,-2.0,-2.56,-2.64,-4.32
S000004331,-0.42,-0.42,-3.32,-3.06,-2.94,-2.84,-3.47,-4.06,-4.64,-5.06
S000004332,0.24,0.46,-2.64,-2.32,-2.74,-2.12,-3.06,-3.06,-3.84,-5.06
S000004336,-0.01,-0.1,-3.32,-2.56,-2.56,-2.06,-2.06,-2.0,-2.74,-2.84
S000004337,-0.32,0.31,3.24,2.46,2.75,2.07,2.72,2.77,4.82,4.36
S000004346,-0.3,-0.17,-0.81,-0.34,-0.4,-0.62,-1.22,-0.34,-1.84,-3.32
S000004348,0.06,0.9,3.97,3.2,2.86,3.38,2.92,3.62,4.33,2.45
S000004359,0.69,-0.01,-3.84,-3.18,-3.47,-3.06,-2.4,-3.64,-2.4,-5.06
S000004364,0.38,-0.03,-4.64,-3.18,-2.32,-2.56,-2.94,-3.18,-2.4,-2.94
S000004369,0.14,-0.22,3.88,6.33,6.35,6.0,5.54,3.31,2.22,2.76
S000004380,-0.09,0.18,-3.18,-2.64,-2.47,-2.06,-2.12,-1.94,-3.18,-3.84
S000004393,-0.38,-0.89,-3.84,-2.32,-2.4,-1.74,-1.4,-1.4,-0.89,-1.51
S000004400,0.14,0.62,1.23,0.71,1.11,0.9,1.17,1.41,0.07,-3.64
S000004401,-0.18,-0.67,-4.32,-2.84,-2.84,-1.94,-1.79,-2.4,-2.84,-2.56
S000004405,-0.14,-0.64,-4.64,-5.06,-5.06,-5.06,-5.06,-5.06,-5.06,-4.32
S000004424,0.03,0.43,-2.64,-2.25,-2.64,-1.69,-1.94,-2.32,-3.18,-4.06
S000004427,-0.06,-0.03,-4.32,-2.64,-2.74,-2.94,-2.56,-2.84,-2.47,-2.18
S000004440,-0.38,-0.56,-5.06,-4.06,-3.32,-3.18,-2.18,-2.84,-3.18,-4.32
S000004467,0.43,-0.04,-2.84,-2.56,-1.25,-0.69,-0.74,-2.4,-3.84,-3.18
S000004480,-0.49,-0.49,-3.64,-2.56,-2.4,-2.47,-1.94,-2.25,-1.94,-1.79
S000004484,0.1,-0.47,-3.32,-1.89,-2.0,-1.94,-2.12,-2.56,-2.74,-2.4
S000004486,0.1,-0.51,-3.64,-3.64,-3.18,-2.84,-2.64,-3.47,-3.64,-3.06
S000004488,0.06,-0.36,-3.84,-3.84,-3.47,-3.06,-3.06,-3.47,-3.84,-3.64
S000004490,-0.01,0.58,0.59,0.64,0.51,0.32,-0.32,-0.06,-2.94,-4.32
S000004493,-0.27,-0.34,-2.0,-0.84,-1.0,-0.92,-1.18,-1.51,-3.47,-2.32
S000004506,0.37,0.52,5.21,5.85,5.74,5.92,5.54,5.1,5.3,4.36
S000004507,0.19,0.18,-3.18,-2.84,-2.25,-2.47,-2.84,-2.74,-1.43,-1.03
S000004518,-0.06,-0.07,5.22,4.03,4.75,3.57,3.14,3.02,5.6,2.64
S000004520,0.18,-0.14,-4.06,-3.64,-3.47,-3.32,-3.06,-4.06,-2.32,-3.64
S000004539,-0.12,-0.49,-2.56,-2.25,-1.36,-1.69,-1.09,-2.32,-2.47,-3.64
S000004545,-0.29,-0.62,-4.06,-2.94,-1.94,-2.74,-1.79,-2.4,-2.12,-4.32
S000004558,0.2,-0.32,-5.06,-2.94,-2.18,-1.94,-1.43,-2.18,-2.64,-4.32
S000004573,0.46,0.39,-0.97,-1.4,-1.32,-1.06,-1.25,-1.4,-3.18,-3.64
S000004587,-0.36,-0.17,1.59,1.78,2.29,1.84,2.71,2.66,3.75,5.64
S000004589,0.75,1.24,4.42,4.6,3.68,3.4,2.79,2.72,1.86,1.77
S000004592,0.01,0.31,-3.18,-0.74,0.1,0.82,1.29,0.58,-1.25,-0.6
S000004597,0.07,1.93,4.45,3.91,4.01,4.94,4.68,3.37,4.8,5.67
S000004605,0.15,0.3,-0.45,-0.45,0.4,-0.36,-2.0,-0.92,-1.79,-4.06
S000004616,1.15,0.15,-4.06,-1.64,-1.84,-1.32,-0.84,-1.09,-1.64,-3.18
S000004619,-0.4,-0.01,0.57,0.0,0.93,0.68,1.53,0.1,3.21,5.87
S000004620,0.24,0.2,0.54,0.77,0.69,1.04,0.99,0.59,3.57,-0.81
S000004628,-0.22,0.01,0.53,0.51,0.45,0.64,0.38,0.5,-1.6,-3.64
S000004632,-0.36,-0.37,1.89,1.24,1.56,1.67,1.82,1.49,2.98,3.61
S000004643,0.15,0.69,2.49,1.99,2.25,1.69,2.65,2.56,3.04,4.19
S000004644,0.39,0.72,2.65,1.9,2.61,2.84,2.77,2.43,3.44,2.63
S000004686,0.08,-0.06,5.09,4.77,3.91,4.72,4.67,5.33,7.04,5.45
S000004696,0.65,1.03,4.12,2.95,3.36,3.46,3.86,4.13,4.47,3.36
S000004699,0.25,-0.94,-1.22,-3.84,-3.32,-2.94,-3.06,-3.06,-3.64,-2.56
S000004702,0.34,0.25,0.5,0.66,0.44,1.01,3.7,2.59,3.76,5.96
S000004705,-0.03,0.61,-0.54,0.11,-0.14,-0.74,-0.69,-1.03,-1.29,-3.47
S000004711,0.54,2.05,4.86,4.33,4.14,4.5,3.94,3.14,1.19,2.4
S000004713,-0.67,0.03,4.73,4.96,5.47,5.46,6.71,4.15,6.86,8.13
S000004714,-0.23,-0.42,-3.64,-1.03,-1.18,-0.92,-0.89,-0.6,-0.89,-0.86
S000004716,0.38,0.38,3.88,3.24,3.53,3.43,3.28,2.33,4.09,1.97
S000004720,0.1,0.68,2.68,2.44,1.85,2.9,2.69,2.14,4.46,6.19
S000004722,-0.4,-0.34,-3.06,-3.84,-4.64,-3.32,-3.18,-4.06,-4.32,-5.06
S000004724,-0.07,0.16,1.52,2.13,2.57,3.78,4.85,3.82,3.73,2.31
S000004730,-0.49,-0.47,-3.18,-2.0,-1.74,-2.4,-2.64,-2.84,-2.06,-1.43
S000004732,-0.38,-0.74,-1.47,-1.25,-0.76,-1.0,-1.18,-1.6,-1.18,-3.18
S000004735,-0.1,-1.21,-3.56,-1.9,-1.86,-1.4,-0.86,-1.02,-1.86,-0.51
S000004738,-0.15,-0.64,-5.64,-3.84,-4.06,-2.84,-2.56,-3.06,-4.64,-5.06
S000004742,0.31,0.54,1.68,1.57,0.72,1.8,1.12,1.21,2.79,5.67
S000004744,0.12,0.82,1.23,1.36,1.3,1.4,1.21,1.06,4.18,5.09
S000004747,0.24,0.42,3.22,2.3,2.22,2.19,2.01,1.04,1.81,-0.07
S000004750,-0.2,-0.54,-3.64,-3.84,-3.47,-2.47,-2.84,-3.06,-0.29,-5.06
S000004751,-0.43,-0.4,-3.84,-3.32,-3.64,-3.18,-2.94,-2.4,-1.94,-2.84
S000004779,-0.5,0.19,2.14,1.67,0.55,1.1,2.11,0.65,4.41,3.04
S000004784,0.79,1.41,3.65,1.62,1.9,2.19,2.65,3.37,0.72,0.2
S000004786,0.1,0.91,3.0,2.55,2.83,3.56,3.53,3.42,3.91,4.51
S000004787,-0.2,0.28,5.24,5.52,4.8,6.09,5.71,5.24,5.81,7.4
S000004789,-0.2,0.06,-1.22,-0.79,-0.67,-0.67,-1.15,-1.0,2.4,3.32
S000004793,0.38,0.82,3.7,3.28,3.54,3.41,3.66,4.24,4.37,2.65
S000004798,0.0,-0.74,-0.81,-1.03,-1.22,-1.25,-1.4,-0.47,-0.42,-3.32
S000004803,0.21,0.19,1.5,2.43,3.16,2.99,4.07,3.54,6.74,6.74
S000004807,-0.09,-0.51,-3.84,-3.18,-3.18,-2.64,-2.64,-2.4,-3.06,-2.94
S000004815,-0.45,-0.29,-3.64,-2.18,-2.25,-1.94,-2.4,-3.06,-4.06,-3.84
S000004816,-0.07,0.3,0.58,0.71,0.3,-0.3,-1.0,-0.18,-1.06,-3.32
S000004819,-0.86,-0.27,5.05,5.07,3.06,4.23,3.72,2.63,3.52,5.33
S000004825,-0.27,-0.4,-1.06,-1.03,-1.32,-1.4,-1.74,-1.06,-1.69,-5.06
S000004827,-0.42,-0.6,-1.47,-3.32,-2.25,-2.84,-1.79,-3.06,-4.06,-0.81
S000004828,0.14,0.77,-0.74,-1.51,-0.18,-1.15,-4.06,-2.12,-3.32,-2.74
S000004830,-0.32,-0.54,-5.64,-3.18,-3.32,-2.74,-2.64,-4.06,-4.32,-3.64
S000004831,-0.36,-0.49,0.07,-0.42,-0.89,-0.97,-0.32,-0.56,-3.47,-0.25
S000004841,0.67,0.41,0.58,0.36,0.29,0.14,-0.1,0.61,-0.09,-3.18
S000004842,-0.45,-1.96,-5.85,-3.6,-4.06,-2.89,-2.59,-2.5,-4.06,-3.69
S000004843,0.01,-0.29,-3.47,-3.18,-2.94,-2.84,-2.56,-2.18,-2.84,-2.94
S000004848,0.55,-0.03,-1.6,-1.56,-1.36,-1.64,-1.94,-2.0,-3.18,-3.64
S000004852,-0.06,-0.38,-4.32,-2.94,-2.94,-2.4,-1.74,-2.4,-1.79,-1.69
S000004855,-0.38,-0.23,-4.64,-3.64,-4.06,-3.18,-2.64,-3.18,-3.64,-4.64
S000004860,-0.71,-0.67,-4.32,-1.89,-1.6,-1.32,-1.22,-1.64,-0.36,-1.47
S000004863,-0.28,0.61,2.65,1.94,2.09,2.85,1.89,1.59,2.44,3.61
S000004864,0.59,1.41,1.94,2.53,2.42,2.81,1.72,2.81,2.33,4.31
S000004873,0.16,0.12,-3.47,-2.25,-2.74,-2.64,-2.25,-2.32,-2.18,-3.47
S000004882,0.93,0.26,-3.18,-2.47,-2.06,-1.84,-1.64,-1.15,0.54,0.93
S000004884,0.0,0.48,4.24,2.89,3.3,3.17,3.94,3.61,3.86,3.83
S000004893,0.24,0.67,3.75,1.81,1.04,-0.19,1.14,1.56,3.97,3.29
S000004903,-0.03,-0.92,-5.06,-3.84,-3.64,-3.18,-2.84,-3.64,-3.18,-3.64
S000004905,0.44,0.48,3.78,1.83,2.0,2.22,2.28,2.42,2.08,1.23
S000004915,0.61,1.66,-3.47,-2.47,-1.84,-1.15,-1.32,-2.0,-2.74,-3.06
S000004917,-0.2,0.54,1.75,1.43,1.58,1.41,1.43,1.38,2.07,3.49
S000004921,0.64,0.45,-3.84,-1.47,-0.67,-1.56,-2.12,-2.06,-2.32,-2.64
S000004924,0.07,0.31,-2.74,-1.43,-0.81,-2.06,-3.84,-2.0,-4.64,-4.32
S000004926,-0.22,-0.74,-3.18,-2.47,-2.12,-2.0,-2.0,-1.74,-3.32,-1.89
S000004937,-0.04,-0.18,-2.47,-2.4,-2.47,-2.56,-3.47,-3.64,-3.06,-1.79
S000004941,-1.43,0.4,0.89,0.49,0.76,1.94,3.63,1.87,1.31,2.3
S000004947,0.1,-0.25,-5.06,-3.06,-3.06,-2.47,-2.12,-2.64,-2.4,-1.84
S000004954,0.19,0.53,2.29,2.56,3.13,3.22,3.78,2.79,4.03,7.42
S000004960,1.42,2.38,4.19,4.77,4.63,4.5,3.8,3.69,1.81,0.18
S000004969,-0.79,-0.79,-2.74,-1.56,-2.56,-3.47,-2.47,-1.89,-1.32,-3.32
S000004985,0.0,-0.14,0.1,-0.71,0.11,-0.36,-0.06,-0.43,-1.18,-3.18
S000005005,0.4,-0.09,-4.32,-2.12,-2.0,-1.36,-1.22,-1.74,-1.79,-2.64
S000005006,0.3,-0.38,-4.32,-2.94,-2.47,-2.4,-1.69,-3.06,-2.74,-4.64
S000005009,0.4,0.82,-2.0,-2.56,-2.84,-2.94,-3.64,-2.25,-3.64,-2.06
S000005010,0.1,-0.15,-0.84,-1.4,-1.84,-1.06,-4.32,-3.32,-3.84,-3.84
S000005011,-0.07,0.18,-4.06,-2.94,-2.4,-2.18,-1.94,-3.06,-2.47,-4.06
S000005013,0.39,0.07,-3.64,-3.06,-2.74,-2.12,-2.12,-2.47,-3.64,-3.18
S000005015,0.23,0.06,-0.53,0.04,-0.35,-0.55,-0.86,-1.02,-1.46,-3.19
S000005018,0.04,-0.27,0.6,0.88,0.7,0.79,1.11,1.29,2.75,3.29
S000005019,0.86,-0.43,-4.64,-2.84,-2.4,-1.84,-1.89,-1.89,-1.74,-1.74
S000005021,0.03,0.08,1.26,1.5,0.88,1.49,1.32,2.05,2.45,3.37
S000005029,0.3,-0.12,-0.89,-0.43,-1.12,-0.51,-0.84,-1.18,-2.0,-3.84
S000005037,-1.06,0.42,3.19,2.21,2.9,2.59,3.42,0.91,1.04,3.29
S000005040,-0.81,-0.64,-4.06,-3.84,-3.84,-3.32,-2.94,-3.84,-3.64,-4.64
S000005054,0.39,0.26,-5.06,-3.18,-2.84,-2.06,-1.84,-2.64,-1.12,-1.69
S000005055,0.34,-0.17,-3.32,-2.12,-2.06,-1.09,-1.32,-1.94,-2.47,-2.4
S000005056,0.21,-1.22,-3.47,-3.18,-2.94,-1.84,-1.36,-2.32,-0.69,-1.64
S000005057,-0.22,-0.36,-5.64,-3.47,-2.94,-3.06,-2.06,-2.47,-2.18,-5.64
S000005058,-0.1,-0.42,-5.06,-2.74,-3.18,-2.94,-1.89,-2.74,-3.47,-5.06
S000005059,-0.04,0.44,2.37,2.02,1.15,2.6,2.33,1.26,1.18,3.18
S000005061,-0.84,-0.38,4.15,6.64,5.52,6.49,5.33,4.08,1.37,5.12
S000005062,-0.69,-1.06,-0.15,-0.29,-0.54,-1.03,-0.25,-1.0,-1.43,-3.32
S000005064,-0.51,-1.12,-4.32,-1.51,-2.12,-2.47,-1.18,-2.47,-0.42,-3.32
S000005068,-0.89,-1.09,-3.32,-1.69,-1.56,-2.4,-1.25,-1.15,-0.76,-2.47
S000005069,0.45,1.02,2.54,2.82,2.53,2.9,2.12,2.38,3.72,2.81
S000005076,-0.69,-1.64,-5.64,-3.47,-3.06,-3.32,-2.74,-3.84,-4.64,-4.64
S000005078,0.32,0.86,3.41,3.31,3.46,2.56,2.07,2.79,2.01,2.61
S000005085,-0.43,-0.58,-5.06,-3.64,-3.47,-3.47,-3.64,-3.47,-3.06,-3.18
S000005106,0.25,-0.09,-4.06,-3.47,-3.32,-2.94,-2.32,-2.32,-2.47,-4.64
S000005107,0.09,-0.52,-2.25,-1.31,-1.07,-0.89,-0.96,-1.08,-3.21,-2.75
S000005110,0.69,0.41,-2.84,-1.84,-0.74,-1.03,-0.81,-1.22,-1.32,-4.32
S000005118,0.21,-0.54,-5.06,-3.64,-3.64,0.11,-2.64,-2.94,-3.64,-2.84
S000005119,0.24,-0.4,-5.06,-2.74,-3.18,-2.56,-2.32,-2.32,-2.56,-4.32
S000005122,-0.18,-0.27,-4.32,-3.84,-4.06,-3.64,-2.0,-3.32,-4.06,-5.06
S000005126,-0.15,-0.27,-4.32,-3.32,-3.32,-2.94,-2.47,-3.64,-5.64,-0.92
S000005127,0.04,0.08,1.2,1.4,1.19,1.09,1.1,1.98,1.77,3.52
S000005138,-0.81,0.0,5.18,3.65,3.44,4.09,4.38,1.52,3.1,6.23
S000005139,-0.38,0.24,4.88,4.38,3.11,4.26,4.98,4.48,4.12,5.73
S000005140,-1.0,-0.25,1.73,1.01,1.47,1.76,2.16,-0.64,2.37,4.26
S000005144,-0.12,1.2,4.53,3.7,3.32,4.06,4.8,2.63,2.66,3.79
S000005146,-0.74,-0.18,1.41,2.1,2.25,3.01,3.13,1.15,3.64,5.67
S000005147,-0.17,-0.07,1.49,2.41,2.98,3.11,2.79,2.82,4.83,5.83
S000005164,-0.25,-0.01,-2.0,-1.0,-0.86,-1.32,-2.06,-1.64,-3.47,-4.32
S000005173,0.11,0.07,-0.17,-0.14,0.1,-0.17,-0.56,-0.04,-0.58,-3.32
S000005192,0.04,-1.03,-5.64,-3.64,-4.64,-3.64,-2.94,-4.06,-4.32,-3.64
S000005199,0.41,-0.1,-2.32,-1.64,-1.22,-1.03,-0.36,-0.74,-1.84,-3.64
S000005200,0.33,-0.6,-3.18,-1.43,-1.74,-1.4,-1.51,-1.25,-2.06,-2.06
S000005202,0.49,0.08,-0.49,-0.34,-1.12,-0.81,0.33,-1.09,0.03,-3.47
S000005213,-0.97,0.07,0.39,0.44,0.42,0.21,0.34,1.43,2.36,3.64
S000005218,0.38,1.04,3.86,2.65,2.42,2.73,1.56,1.81,0.2,0.73
S000005245,0.31,-0.15,-3.06,-2.64,-2.74,-2.18,-1.4,-3.47,-4.64,-4.64
S000005246,-0.27,-0.18,-2.27,-2.34,-2.11,-2.35,-1.93,-1.95,-1.83,-3.21
S000005247,-0.42,-0.76,-2.56,-2.64,-2.94,-2.06,-2.06,-3.84,-2.47,-2.0
S000005249,-0.38,-0.29,1.51,1.49,0.23,1.98,0.95,0.83,1.24,4.69
S000005252,-0.04,-0.47,-4.32,-2.74,-2.4,-2.4,-1.74,-1.89,-0.86,-1.06
S000005271,0.32,0.2,0.44,-0.32,-0.4,-0.06,-3.32,-1.15,-3.47,-2.06
S000005285,0.51,0.33,3.47,3.58,3.9,3.41,3.14,3.84,4.76,4.05
S000005286,0.28,-0.43,-1.35,-1.64,-1.16,-1.57,-1.46,-1.3,-1.58,-3.21
S000005292,0.44,-0.01,-3.06,-2.13,-1.52,-1.87,-3.77,-1.95,-2.12,-2.35
S000005315,0.36,0.97,2.55,2.01,1.48,2.08,1.63,1.81,4.51,2.11
S000005326,-0.43,-0.77,-3.56,-1.92,-1.9,-1.7,-2.0,-2.9,-2.59,-3.56
S000005378,-0.71,-0.49,-4.06,-2.56,-2.06,-2.56,-2.18,-3.64,-3.64,-2.0
S000005399,0.33,0.67,-1.02,0.33,-0.03,-1.94,-0.56,-2.56,-1.75,-6.64
S000005400,0.33,-0.3,-0.93,-3.47,-1.82,-2.08,-0.57,-0.37,-2.64,-4.64
S000005401,0.34,-0.2,-2.41,-1.76,-1.73,-1.68,-0.42,-1.94,-3.64,0.52
S000005412,0.1,0.16,1.0,4.25,0.64,-0.97,0.66,0.32,-2.74,-3.32
S000005414,0.24,0.44,3.23,1.93,1.71,1.46,1.53,-0.03,2.29,0.1
S000005416,-0.32,1.22,0.44,1.96,-0.38,2.72,2.0,-0.42,2.0,3.64
S000005420,-1.28,-1.06,0.58,-0.04,0.01,1.19,-0.17,-0.85,-1.84,-4.32
S000005426,1.01,-0.87,1.41,-0.12,0.48,1.26,0.18,-0.84,1.1,3.35
S000005437,0.67,-0.54,-5.06,-0.42,-3.32,-2.74,-2.94,-2.94,-2.64,-5.06
S000005442,0.3,0.7,2.94,1.75,2.15,2.0,2.86,2.1,1.61,3.23
S000005443,-0.09,0.16,1.59,3.45,2.52,3.03,3.11,2.02,4.13,3.45
S000005444,-1.93,-1.36,3.93,2.77,4.92,5.37,5.57,2.71,4.26,5.87
S000005450,-0.89,-0.43,-2.36,-1.42,-0.02,-0.77,-0.69,-0.53,-0.98,-3.18
S000005457,-0.09,0.2,-4.32,-0.01,-1.03,-3.06,-0.64,-2.94,-0.14,-4.64
S000005484,0.34,-0.2,-1.68,-1.35,-1.25,-0.15,-0.97,-1.09,-3.64,0.73
S000005487,0.16,-0.65,-4.08,-1.97,-2.21,-3.19,-1.49,-1.23,-0.98,-1.09
S000005489,0.15,0.28,-0.63,0.5,0.21,0.2,1.82,1.02,0.71,3.24
S000005491,-1.23,0.44,-0.17,1.14,-1.74,0.2,1.71,0.94,2.37,3.37
S000005492,-0.97,-0.42,0.54,-1.61,0.52,-0.04,0.1,1.01,1.74,5.17
S000005497,0.29,0.93,-0.52,-0.45,0.34,-0.29,2.11,-0.84,-0.22,-4.06
S000005499,-0.14,0.27,-3.18,-2.94,-2.17,-2.84,-0.18,-2.74,-1.94,-3.84
S000005507,0.76,-0.03,-1.36,1.12,2.72,2.99,1.25,0.48,3.22,1.3
S000005512,-0.47,1.48,3.55,3.9,2.86,2.29,1.33,1.84,0.38,-5.06
S000005513,-0.14,0.85,4.48,2.82,2.84,0.87,2.83,0.01,3.03,3.04
S000005522,-1.29,-0.24,0.74,1.11,1.28,0.72,1.84,0.28,1.67,3.43
S000005527,-0.83,-0.65,-0.03,-0.68,-1.47,-0.94,-0.76,0.24,-1.51,-3.32
S000005530,-2.36,-0.43,-1.38,-2.94,-1.13,-0.25,-0.38,-1.53,-2.64,-3.64
S000005551,-0.27,-0.02,-1.22,-0.89,-0.97,-1.47,-2.32,0.29,-0.58,-3.18
S000005554,-0.23,-0.23,0.15,-0.38,-0.79,0.06,0.37,0.19,1.97,3.49
S000005556,0.07,-0.15,0.17,1.72,0.26,0.83,0.84,1.06,1.34,3.44
S000005557,-0.53,-0.49,2.63,1.75,0.39,2.08,0.86,2.45,6.39,4.16
S000005558,0.32,0.46,1.37,0.8,1.71,2.14,2.22,2.03,4.15,4.89
S000005566,0.49,0.12,0.69,0.48,0.4,-0.13,1.37,1.63,1.86,3.82
S000005577,0.62,-0.83,-3.84,-0.5,-2.9,-1.35,-0.89,-1.63,-1.34,0.78
S000005578,0.57,-0.04,3.01,0.19,1.81,2.08,1.16,2.36,0.72,3.6
S000005579,0.4,-0.13,0.48,0.56,-0.39,0.84,1.79,1.39,0.96,3.76
S000005586,-0.38,-0.03,0.83,-0.08,-1.34,0.56,0.38,-0.22,-1.18,6.46
S000005590,0.25,-1.19,1.31,2.19,1.58,0.08,2.05,1.45,2.13,3.8
S000005591,0.66,1.39,3.36,1.26,3.16,2.29,1.45,1.35,1.55,2.22
S000005593,0.3,-0.25,0.69,-0.86,-0.82,-0.07,-1.56,-1.36,0.84,-3.47
S000005601,-1.37,0.44,0.89,0.32,0.73,0.83,1.05,-0.14,0.5,3.24
S000005609,-0.84,-0.84,-0.29,-3.18,-0.49,-1.15,-0.01,0.36,0.24,1.55
S000005615,-0.82,-0.44,0.33,0.03,0.33,-0.15,-0.04,0.61,1.08,3.19
S000005617,-0.25,0.44,-3.32,-2.56,-2.74,-2.06,-0.01,-2.59,-1.51,0.13
S000005619,-0.94,-0.76,-0.7,-0.4,0.56,0.61,-0.21,0.75,0.35,3.29
S000005621,0.08,-0.47,-1.87,0.19,-0.49,-0.74,-1.25,-3.47,-2.27,-2.74
S000005622,0.23,-0.23,-3.84,-1.94,-3.47,-2.47,0.57,-0.58,-0.15,1.18
S000005626,-0.04,-0.27,2.42,2.83,2.79,4.54,2.96,1.93,2.59,5.29
S000005654,0.78,1.37,-0.49,-1.12,-0.03,0.07,-0.58,0.18,0.07,-3.64
S000005661,-1.25,-0.27,-3.32,0.48,-0.54,1.46,0.77,5.67,1.93,2.9
S000005671,0.37,-0.49,-4.19,-2.13,-2.0,-1.6,-1.43,-1.48,-1.15,-1.84
S000005672,0.8,0.3,-3.47,-2.07,-1.69,-1.32,-0.94,-0.79,-0.56,-1.84
S000005678,0.48,0.64,3.08,2.63,2.42,2.62,2.8,2.99,3.84,2.83
S000005685,0.11,-0.02,-1.2,-0.9,-1.24,-1.64,-1.38,-1.08,-1.69,-3.17
S000005694,0.58,-0.07,-1.84,-1.81,-1.98,-1.52,-1.42,-2.01,-1.62,-3.19
S000005704,0.14,0.36,4.6,3.41,4.33,3.84,4.6,4.54,5.04,4.74
S000005712,-0.93,-0.04,4.8,3.44,3.35,3.61,4.5,3.52,0.69,1.98
S000005724,0.72,0.54,-1.07,-1.19,-1.0,-1.49,-1.84,-2.11,-4.08,-3.91
S000005732,0.11,-0.8,-6.14,-2.32,-2.27,-2.12,-2.26,-2.38,-3.32,-4.98
S000005735,-0.37,-0.43,-1.94,-0.94,-1.49,-1.73,-1.42,-1.95,-2.63,-4.32
S000005741,0.4,1.13,3.35,2.37,2.99,2.51,3.26,2.86,3.4,0.54
S000005746,0.24,0.8,3.72,2.86,2.44,2.71,2.52,3.09,4.43,4.69
S000005750,-0.06,0.08,-2.94,-2.09,-2.15,-1.98,-2.36,-2.29,-3.01,-3.21
S000005754,-0.38,0.24,3.26,2.59,2.2,2.1,1.77,2.21,1.51,2.23
S000005760,-0.22,-0.21,-4.06,-3.48,-3.06,-2.79,-2.22,-2.12,-2.49,-2.38
S000005765,0.15,0.2,-1.26,-0.88,-0.74,-1.3,-1.46,-2.36,-2.87,-3.51
S000005767,0.0,-0.17,-1.14,-1.14,-1.18,-1.59,-1.44,-1.44,-2.32,-4.85
S000005769,0.18,-0.66,-3.84,-2.56,-2.36,-2.36,-1.75,-2.48,-3.0,-2.77
S000005771,-0.3,0.22,1.85,1.56,1.43,1.07,1.66,0.95,3.06,3.76
S000005773,-0.43,-0.11,-1.74,-1.47,-0.63,-1.79,-3.74,-2.61,-2.48,-2.13
S000005774,0.1,0.27,-1.34,-1.2,-0.09,-1.15,-3.33,-2.16,-2.09,-2.02
S000005776,-0.25,-0.16,0.93,0.34,0.2,0.21,0.17,0.14,-1.77,-3.44
S000005779,-0.13,0.08,-2.33,-1.67,-1.64,-1.61,-1.74,-1.95,-2.46,-3.56
S000005780,0.45,-0.35,-2.69,-1.69,-1.45,-1.56,-1.82,-1.74,-1.92,-4.74
S000005796,0.36,0.25,-0.3,-0.31,-0.99,-0.43,-0.71,-0.81,-1.3,-3.32
S000005797,0.22,-0.43,-3.84,-2.18,-2.01,-1.78,-2.09,-3.12,-1.91,-1.38
S000005798,0.4,-0.32,-4.85,-2.52,-2.79,-1.71,-1.84,-2.13,-2.98,-3.12
S000005802,0.19,-0.11,-2.18,-1.69,-1.71,-1.46,-1.6,-1.84,-3.66,-2.74
S000005804,0.35,0.34,1.07,0.52,0.44,0.36,-0.17,-0.87,-3.27,-0.91
S000005813,0.52,0.42,-3.98,-2.06,-1.54,-1.38,-1.05,-1.58,-1.06,-1.13
S000005815,-0.25,0.87,4.39,2.9,3.6,3.1,4.03,2.85,1.57,1.49
S000005819,-0.43,-0.28,-4.24,-3.85,-3.4,-3.12,-2.6,-2.84,-2.45,-2.89
S000005820,0.54,-0.16,-5.64,-2.56,-2.13,-1.4,-0.89,-1.54,-0.88,-3.69
S000005829,-0.46,-0.33,-3.29,-0.21,-0.19,-0.07,0.07,1.11,0.86,1.33
S000005836,-0.73,-0.91,-6.64,-4.48,-4.32,-4.48,-3.84,-4.19,-3.9,-5.35
S000005837,0.21,0.06,-6.14,-3.95,-3.64,-3.25,-3.48,-3.58,-4.48,-5.64
S000005839,0.41,0.4,-3.95,-3.48,-3.12,-2.4,-2.4,-2.45,-2.89,-3.18
S000005842,-0.36,0.04,-3.98,-2.37,-1.2,-2.6,-3.29,-3.12,-2.65,-2.7
S000005844,0.18,0.43,2.07,0.73,1.16,1.29,0.26,0.19,3.83,3.62
S000005850,-0.26,-0.56,-2.57,-1.82,-1.62,-1.89,-2.09,-2.24,-3.95,-4.85
S000005853,0.46,-0.34,-2.48,-1.9,-1.17,-1.62,-1.47,-1.83,-3.06,-3.4
S000005875,-1.33,-0.65,-0.23,3.97,2.85,2.33,2.21,2.19,0.56,1.86
S000005896,0.09,-0.21,-3.69,-4.32,-3.84,-2.89,-3.0,-3.98,-3.4,-4.91
S000005901,0.56,1.01,3.77,3.64,4.05,4.62,3.02,3.17,4.06,2.99
S000005909,-0.25,-0.35,0.94,2.75,3.46,2.26,1.1,2.48,3.83,2.51
S000005910,-0.5,-0.03,1.23,1.25,2.26,2.18,0.73,1.78,4.57,5.5
S000005918,-0.7,-0.33,1.3,1.31,1.36,1.95,3.13,4.67,3.96,2.71
S000005949,0.13,-0.39,-2.02,-0.68,-0.8,-1.05,-1.48,-1.91,-3.13,-3.85
S000005954,-2.32,-1.36,-1.25,-1.6,-1.15,-1.79,-0.69,-0.32,3.96,4.16
S000005958,-0.33,-0.34,-2.7,-2.16,-2.29,-2.05,-2.12,-2.3,-3.62,-3.74
S000005964,0.31,-0.13,-4.64,-2.96,-3.06,-2.25,-2.19,-2.22,-2.09,-2.15
S000005965,0.69,-0.25,-4.19,-2.56,-2.25,-1.79,-1.92,-1.95,-2.32,-2.61
S000005975,-0.19,-0.04,3.79,5.04,4.64,4.17,5.36,5.57,6.08,5.01
S000005978,0.22,-0.11,2.37,1.85,2.32,2.15,1.86,2.1,3.27,3.59
S000005995,0.51,0.13,-0.15,-0.16,0.44,0.8,0.55,0.18,1.47,3.57
S000006000,-0.65,-0.85,-4.56,-4.35,-3.95,-3.47,-2.5,-2.84,-3.56,-5.14
S000006002,-0.32,-0.28,-4.48,-3.51,-3.41,-3.19,-2.65,-3.24,-3.06,-4.98
S000006007,0.02,-0.54,-3.41,-1.45,-1.44,-1.29,-1.31,-1.06,-2.16,-4.0
S000006011,-0.02,-0.18,-3.95,-3.32,-2.95,-2.56,-2.74,-2.37,-3.98,-4.74
S000006013,0.16,0.96,0.09,0.34,0.82,0.85,1.1,1.08,3.71,4.39
S000006015,-0.17,-0.09,-0.57,-0.18,-0.14,-0.59,-1.29,-1.34,-2.67,-3.63
S000006044,-0.83,0.48,3.92,1.93,2.68,2.22,2.4,2.46,1.37,-0.66
S000006047,-0.03,-0.86,-4.45,-2.17,-1.61,-2.16,-2.0,-2.18,-3.91,-1.84
S000006050,-0.32,-0.5,-0.76,-1.7,-1.4,-1.84,-1.19,-1.6,-1.03,-3.56
S000006055,0.64,0.82,3.93,5.3,4.9,4.63,3.75,3.79,2.68,1.83
S000006056,-0.15,-0.22,1.35,2.34,2.29,1.96,1.16,1.49,3.59,3.82
S000006057,0.14,-0.85,0.06,0.23,1.01,0.65,0.29,1.08,3.23,2.31
S000006063,0.34,0.22,-3.19,-3.06,-2.94,-2.4,-1.92,-2.07,-3.25,-4.08
S000006064,-0.27,-0.3,-4.48,-3.48,-3.47,-3.48,-2.74,-2.96,-2.94,-3.41
S000006068,0.21,-0.33,2.47,2.41,3.42,2.91,3.65,3.0,6.11,6.8
S000006077,0.58,0.34,2.06,3.19,2.25,2.5,2.44,1.65,0.8,0.53
S000006081,0.34,-0.3,-3.32,-2.4,-1.99,-1.72,-1.61,-2.32,-2.74,-3.7
S000006104,-0.11,-0.23,-3.06,-2.16,-1.97,-1.71,-1.97,-1.74,-3.85,-2.35
S000006106,-0.34,0.46,2.96,2.97,1.83,2.82,2.26,3.55,2.11,5.64
S000006107,0.17,0.56,4.48,3.95,3.46,4.24,4.13,4.68,4.35,6.32
S000006119,-0.09,-0.4,-4.24,-3.34,-3.03,-2.6,-2.38,-2.62,-3.95,-5.35
S000006122,-0.98,-0.43,4.05,4.02,4.59,3.19,3.08,2.11,4.91,6.14
S000006132,-0.3,-0.57,-5.64,-3.66,-3.56,-3.66,-3.06,-4.06,-4.06,-3.41
S000006133,0.07,-0.35,-3.35,-2.6,-2.76,-1.97,-2.54,-1.89,-1.93,-1.01
S000006141,0.19,0.12,-3.4,-2.52,-2.4,-2.32,-2.34,-2.44,-2.81,-4.48
S000006144,0.1,-0.42,4.91,4.91,2.1,7.03,6.31,6.06,4.24,7.9
S000006147,-0.14,-0.72,-4.81,-3.42,-2.81,-2.56,-1.97,-2.39,-3.59,-4.11
S000006148,-0.14,-0.81,-3.32,-3.47,-2.4,-2.95,-2.65,-3.25,-4.48,-3.64
S000006151,-0.07,0.16,5.74,4.08,4.04,4.16,4.4,5.21,7.0,5.77
S000006158,-0.39,-0.33,-2.66,-2.03,-2.25,-2.48,-2.19,-2.48,-2.52,-4.19
S000006159,0.08,-0.26,-1.94,-1.86,-1.79,-1.97,-1.89,-1.74,-2.06,-3.19
S000006164,0.14,-0.25,-1.32,-1.54,-1.33,-1.25,-1.6,-1.78,-3.74,-3.69
S000006166,-0.21,-0.66,-2.6,-2.81,-2.79,-2.84,-2.89,-3.33,-3.66,-2.11
S000006178,0.09,0.12,1.73,1.03,1.25,0.98,0.9,0.32,0.37,4.82
S000006183,0.1,0.43,1.91,3.33,3.1,2.29,1.31,0.5,-0.16,-0.88
S000006184,0.31,-0.76,-2.69,-1.58,-1.89,-1.92,-2.75,-2.56,-1.33,-3.35
S000006187,0.22,-0.27,-4.19,-2.47,-2.52,-2.25,-1.7,-2.65,-4.35,-1.54
S000006189,0.24,-0.11,0.78,0.58,0.69,0.91,1.74,0.94,3.23,2.96
S000006194,-0.08,-0.28,-3.42,-2.73,-2.95,-2.73,-2.95,-3.16,-3.38,-4.07
S000006196,-0.07,-0.06,1.89,1.52,0.44,2.32,1.06,-0.32,0.87,4.19
S000006197,0.31,1.08,1.33,1.57,0.96,1.84,2.35,1.51,2.42,3.55
S000006201,-0.22,-0.08,1.8,1.3,1.63,2.76,4.5,4.51,3.83,2.62
S000006205,0.1,-0.02,1.87,2.95,4.21,4.23,4.36,2.53,6.22,6.69
S000006206,-0.7,-0.53,1.81,4.37,5.78,5.33,4.47,2.74,3.67,4.08
S000006210,-0.08,-0.2,1.39,3.46,3.05,4.08,1.44,1.62,3.41,4.33
S000006229,0.29,0.37,0.87,0.06,0.34,0.59,0.81,1.24,2.63,3.43
S000006230,-0.19,0.33,3.76,2.99,3.27,3.4,3.67,3.02,4.63,3.12
S000006234,-0.75,-0.47,3.61,3.46,2.52,3.38,2.86,2.51,2.23,3.56
S000006236,-0.46,-0.61,-0.38,-0.62,-0.19,-0.66,0.01,-0.07,-0.99,-4.32
S000006237,0.11,-0.55,-2.84,-1.94,-1.52,-2.04,-2.7,-2.34,-4.56,-5.06
S000006238,0.15,-0.01,-1.65,-1.62,-0.75,-1.51,-1.7,-1.48,-1.95,-3.77
S000006240,-0.29,-0.24,-0.66,-1.01,-0.74,-0.99,-0.93,-1.04,-2.56,-3.41
S000006248,0.02,-0.09,-3.23,-3.04,-2.99,-2.67,-2.31,-2.58,-2.51,-3.13
S000006253,0.22,-0.13,0.9,0.99,0.97,1.26,1.52,1.93,2.71,3.32
S000006264,0.02,-0.38,-3.62,-3.19,-3.08,-3.25,-3.66,-3.58,-1.7,-2.19
S000006265,-0.61,-0.21,3.21,2.21,2.48,2.28,2.89,2.98,4.43,4.53
S000006278,0.11,-0.37,-3.33,-2.65,-2.29,-2.29,-3.47,-2.48,-5.14,-3.84
S000006284,-0.34,-0.31,-2.09,-2.0,-1.89,-1.74,-1.92,-2.79,-2.49,-4.06
S000006306,-0.2,0.24,-3.58,-3.27,-3.56,-3.51,-2.89,-2.84,-3.66,-4.69
S000006314,-0.87,-0.75,-5.64,-3.58,-3.4,-3.06,-2.94,-3.33,-3.29,-4.69
S000006316,0.15,-0.88,-3.48,-2.58,-2.56,-2.56,-1.6,-2.53,-1.39,-1.69
S000006322,-0.22,-0.56,-2.85,-3.12,-2.29,-2.6,-2.89,-3.27,-3.62,-3.84
S000006323,0.0,-0.29,-2.74,-2.41,-1.31,-1.84,-4.32,-2.16,-4.19,-2.77
S000006330,-0.15,-0.1,-1.76,-1.5,-1.15,-1.35,-0.79,-0.79,-1.9,-3.24
S000006333,0.08,-0.34,-0.95,-0.87,-1.1,-1.01,-1.5,-1.29,-1.44,-4.32
S000006334,-0.38,-0.27,-1.14,-1.29,-1.33,-1.62,-1.32,-1.13,-1.67,-5.14
S000006336,-0.41,-0.47,-2.9,-3.66,-3.56,-1.93,-2.79,-2.84,-2.84,-4.14
S000006340,0.1,-0.87,-3.24,-2.75,-2.67,-2.01,-2.25,-2.5,-2.02,-3.18
S000006341,0.34,-0.06,-3.4,-2.25,-1.76,-1.58,-1.53,-1.07,-1.43,-2.16
S000006348,-0.32,-0.85,-3.95,-2.06,-2.44,-2.06,-0.8,-2.11,-2.75,-2.59
S000006349,0.27,-0.09,-3.32,-1.69,-1.74,-2.06,-2.66,-0.7,-3.4,-3.41
S000006353,0.0,0.66,2.78,1.86,2.16,2.19,2.12,2.08,3.6,3.39
S000006354,-0.55,0.0,4.28,2.58,3.99,3.2,3.83,3.34,7.16,8.66
S000006355,-0.66,0.1,3.74,3.51,4.36,3.91,4.39,4.59,6.5,8.45
S000006367,0.2,-0.18,-3.74,-2.4,-2.48,-1.84,-1.99,-1.13,-2.56,-3.85
S000006388,-0.03,0.36,3.52,1.53,1.81,1.53,2.04,1.88,2.85,3.18
S000006391,0.25,0.01,-2.6,-1.98,-1.76,-1.95,-1.66,-1.62,-3.27,-3.85
S000006394,-0.08,-0.93,-3.33,-1.88,-1.65,-1.59,-1.74,-1.22,-2.98,-1.47
S000006395,0.25,0.77,2.89,3.5,3.56,2.84,1.75,2.64,0.89,0.06
S000006396,-0.33,-0.89,1.4,1.72,0.63,3.47,1.88,1.07,-0.23,2.64
