gene_id   ,1    ,2    ,3    ,4    ,5    ,6    ,7
S000001166,-0.17,-0.47,-0.79,3.19 ,4.48 ,4.06 ,4.57
S000003377,-0.38,-3.47,-1.4 ,-0.09,-0.89,-1.03,-0.54
S000001470,-0.17,2.41 ,1.68 ,-0.67,-0.74,-1.84,-1.4
S000003378,-0.17,-1.51,-2.25,-2.94,-3.47,-3.06,-2.94
S000004256,-0.09,0.59 ,0.0  ,0.37 ,1.48 ,0.97 ,2.18
S000004331,0.12 ,-1.64,-2.18,-2.32,-2.0 ,-1.32,-0.56
S000003771,-0.04,2.34 ,0.06 ,-0.58,-0.64,-1.25,-1.09
S000001013,-0.17,0.06 ,-1.64,-2.74,-3.32,-3.47,-3.47
S000004783,-0.58,0.38 ,0.63 ,1.16 ,1.8  ,1.59 ,1.34
S000001471,-0.49,2.14 ,1.51 ,-0.15,-0.12,-0.42,-0.54
S000001095,-0.01,2.89 ,-0.29,-0.38,0.93 ,1.18 ,0.73
S000006314,-0.25,-1.94,-1.22,-0.43,0.25 ,0.74 ,0.45
S000004184,-0.03,-3.06,-3.64,-4.06,-4.06,-3.06,-3.47
S000001014,-0.34,1.26 ,2.14 ,3.49 ,3.67 ,2.83 ,1.04
S000004860,-0.23,0.24 ,-0.1 ,-0.43,-1.29,-1.89,-2.0
S000003380,-0.06,-1.84,-1.64,-2.32,-2.25,-1.36,-0.56
S000004185,-0.12,-0.4 ,0.2  ,1.24 ,2.46 ,2.03 ,2.47
S000003084,-0.22,0.67 ,0.21 ,2.52 ,4.64 ,3.76 ,4.35
S000005460,-0.32,0.77 ,0.92 ,1.87 ,1.73 ,1.01 ,1.32
S000000016,-0.51,-0.62,-0.76,3.74 ,4.54 ,3.22 ,4.33
S000006315,-0.23,0.87 ,0.66 ,0.95 ,1.88 ,1.93 ,1.7
S000001473,-0.22,1.63 ,0.19 ,-0.97,-0.51,-0.17,-0.06
S000001097,-0.32,2.26 ,-0.32,-0.42,0.77 ,1.0  ,0.63
S000001668,-0.15,-0.67,-0.43,-1.94,-2.4 ,-2.32,-2.4
S000001170,-0.15,-0.84,-0.69,1.34 ,1.64 ,1.38 ,1.19
S000005732,-0.42,-3.84,-2.4 ,-1.25,-2.32,-1.43,-0.76
S000003086,-0.29,0.83 ,0.1  ,-0.04,1.74 ,0.8  ,1.1
S000004186,0.04 ,-4.06,-2.56,-1.69,-2.74,-1.29,-2.12
S000002904,-0.12,-2.4 ,-1.43,-0.81,-1.89,-0.81,-0.76
S000001016,-0.23,1.77 ,2.1  ,2.93 ,2.43 ,1.42 ,0.75
S000004187,0.19 ,-2.25,-2.32,-1.15,-1.64,-0.86,-0.67
S000001670,-0.15,1.74 ,-0.74,-0.71,-0.76,0.9  ,2.13
S000005661,-0.25,0.83 ,0.16 ,-0.54,-0.71,-1.74,-1.79
S000002905,-0.18,-0.49,-1.69,-1.64,-2.25,-2.12,-2.25
S000004188,0.21 ,-2.12,-2.18,-0.79,-1.56,-0.84,-0.56
S000005734,-0.15,-1.84,-2.25,-1.56,-2.32,-2.47,-2.84
S000005464,-1.18,2.6  ,2.73 ,3.04 ,3.75 ,3.18 ,2.93
S000003777,-0.06,2.1  ,1.74 ,1.28 ,0.48 ,0.84 ,1.24
S000005735,-0.25,-2.32,-1.84,-1.89,-2.32,-2.64,-2.47
S000005589,-0.06,-1.74,-2.06,-1.79,-2.18,-1.18,-0.74
S000005662,-0.2 ,1.12 ,0.37 ,-0.58,-0.74,-2.0 ,-2.4
S000001477,0.07 ,0.28 ,0.43 ,-0.27,0.08 ,1.43 ,2.14
S000005663,-0.2 ,-0.62,-1.56,-1.47,-2.47,-1.69,-1.89
S000005070,-0.2 ,0.75 ,1.03 ,1.41 ,2.04 ,1.6  ,2.13
S000001672,-0.06,0.24 ,-0.54,1.52 ,2.95 ,2.93 ,3.44
S000001020,-0.23,0.63 ,-0.49,-0.32,1.87 ,1.59 ,2.23
S000003780,-0.38,0.2  ,-0.62,-1.79,-2.12,-1.64,-0.92
S000005072,-0.22,-0.04,-0.2 ,2.74 ,3.75 ,3.23 ,4.29
S000005877,-0.47,1.53 ,1.52 ,2.54 ,2.41 ,1.5  ,0.82
S000001271,-0.2 ,0.3  ,-0.12,-0.89,-1.89,-2.25,-2.12
S000000451,-0.22,-2.32,-1.51,-0.54,-1.36,-0.14,-0.51
S000005878,-0.34,3.34 ,3.84 ,3.99 ,3.95 ,3.75 ,2.14
S000002540,0.0  ,-0.51,-0.06,0.06 ,1.1  ,1.46 ,1.55
S000004544,-0.15,0.07 ,-0.54,-1.29,-1.94,-1.25,-1.22
S000002261,0.11 ,0.33 ,1.29 ,1.71 ,2.54 ,2.71 ,2.76
S000000168,0.61 ,-1.6 ,-1.94,-2.32,-2.56,-1.6 ,-0.54
S000005214,-0.15,0.4  ,0.45 ,1.27 ,1.79 ,2.11 ,2.52
S000000381,-0.17,-0.94,-1.06,-1.29,-2.0 ,-1.4 ,-2.4
S000003160,-0.56,0.76 ,0.71 ,1.53 ,1.86 ,1.17 ,1.07
S000005399,-0.25,-1.43,-2.32,-2.32,-2.25,-1.69,-0.97
S000000917,-0.2 ,-0.07,0.37 ,2.32 ,4.15 ,3.7  ,4.66
S000000736,-0.51,0.14 ,0.71 ,1.56 ,0.79 ,0.52 ,0.8
S000003667,-0.3 ,-0.42,0.3  ,1.07 ,1.6  ,1.2  ,0.75
S000000845,0.12 ,-0.56,-1.12,-1.03,-1.94,-1.89,-2.18
S000005882,-0.49,-2.4 ,-0.94,-0.38,2.41 ,3.01 ,3.1
S000000383,-0.43,-0.49,-0.01,0.45 ,1.66 ,0.56 ,1.39
S000000737,0.1  ,0.36 ,-0.81,-1.47,-2.12,-1.6 ,-1.43
S000001919,-0.58,-0.64,-0.38,4.13 ,4.29 ,4.57 ,5.65
S000000919,0.24 ,-2.0 ,-1.4 ,-1.94,-2.12,-1.29,-0.54
S000002472,-0.69,-0.64,-0.1 ,1.79 ,2.94 ,2.75 ,2.22
S000005218,-0.17,-0.32,-0.56,-2.0 ,-2.47,-2.56,-2.64
S000002156,0.15 ,-1.89,-1.12,-1.47,-1.84,-1.15,-0.51
S000003596,-0.25,1.86 ,-0.4 ,-1.74,-1.69,-1.69,-2.06
S000003164,-0.32,0.54 ,-0.58,-1.74,-1.84,-1.51,-1.36
S000000848,0.04 ,-0.25,0.15 ,0.72 ,1.94 ,1.8  ,1.93
S000000174,-0.09,0.99 ,1.1  ,1.47 ,1.95 ,2.46 ,2.71
S000006396,-0.42,-0.42,1.84 ,1.94 ,1.04 ,1.41 ,0.86
S000004633,-0.14,0.44 ,-0.22,-0.89,-1.51,-2.47,-2.25
S000004710,-0.2 ,0.5  ,-1.18,-1.94,-2.56,-2.84,-3.47
S000005813,-0.27,-1.89,-0.64,0.23 ,-0.51,-0.58,-0.2
S000000742,-0.34,-0.1 ,0.77 ,1.88 ,2.77 ,2.71 ,1.73
S000002195,-0.03,-2.56,-1.89,-0.62,-1.94,-2.0 ,-2.0
S000004711,-0.38,0.77 ,0.12 ,0.15 ,-0.81,-1.69,-2.18
S000001525,0.11 ,0.2  ,0.74 ,2.04 ,2.23 ,3.16 ,3.76
S000003945,-0.04,-0.54,0.58 ,0.7  ,1.53 ,1.12 ,1.37
S000000564,-0.01,-2.84,-0.84,-0.54,-1.32,-1.29,-1.18
S000005221,-0.18,2.29 ,0.66 ,0.11 ,0.99 ,0.06 ,0.83
S000003856,-0.03,1.49 ,0.63 ,-1.47,-1.94,-2.4 ,-2.18
S000001924,-0.32,0.84 ,1.3  ,1.95 ,2.67 ,2.54 ,3.28
S000006011,0.04 ,-2.18,-2.06,-2.84,-2.64,-1.94,-1.15
S000004117,-0.32,-0.54,-0.94,0.5  ,1.54 ,1.21 ,1.18
S000002761,-0.32,0.12 ,-0.58,-1.47,-2.0 ,-2.0 ,-1.51
S000004402,-0.1 ,0.34 ,-0.81,-1.32,-2.06,-1.25,-0.97
S000000851,0.11 ,-1.22,-0.97,-1.6 ,-2.56,-1.89,-2.18
S000002197,-0.29,-2.32,-1.4 ,-0.23,-1.47,-1.03,-1.18
S000003857,-0.42,1.66 ,-0.54,-1.25,-1.4 ,-1.03,-0.74
S000003240,-0.25,-0.62,-1.4 ,-2.25,-2.4 ,-1.69,-1.6
S000004403,-0.03,-2.25,0.73 ,1.27 ,-0.89,-0.58,-1.06
S000001421,-0.54,-0.18,0.8  ,3.0  ,3.67 ,3.92 ,2.81
S000006012,-0.18,-0.07,0.23 ,-1.06,-1.51,-2.18,-2.32
S000003947,0.12 ,-0.47,-1.36,-1.25,-2.0 ,-2.12,-2.25
S000002763,-0.14,0.14 ,0.65 ,1.71 ,2.04 ,2.0  ,2.28
S000005297,-0.58,-0.3 ,-1.15,0.12 ,2.45 ,2.31 ,1.43
S000004714,-0.43,1.96 ,1.34 ,0.14 ,-0.42,-0.12,0.51
S000004046,-0.62,-0.6 ,-0.15,-1.94,-2.56,-1.64,-1.47
S000004119,-0.43,-3.32,-1.74,-1.36,-1.84,-1.36,-1.15
S000004639,-0.2 ,0.41 ,-1.09,-1.32,-1.47,-1.69,-2.06
S000000305,0.15 ,-0.74,-1.18,-1.51,-1.94,-1.56,-1.22
S000004332,0.01 ,-1.47,-2.25,-2.06,-1.94,-1.22,-0.51
S000006014,-0.36,-2.47,-1.47,-0.51,-1.47,-0.67,-0.67
S000003860,-0.45,0.37 ,0.59 ,1.43 ,3.11 ,2.49 ,2.44
S000004406,0.1  ,-1.36,-1.69,-2.0 ,-2.4 ,-1.94,-2.74
S000004048,-0.14,-1.29,-1.79,-2.25,-2.74,-2.64,-1.18
S000003949,0.06 ,-1.74,-2.74,-2.94,-3.84,-3.84,-3.32
S000004333,-0.06,-0.43,-0.04,3.1  ,4.73 ,3.69 ,5.12
S000003950,-0.2 ,2.2  ,1.87 ,1.69 ,2.19 ,1.63 ,1.3
S000002693,-0.15,2.37 ,3.27 ,4.38 ,4.27 ,3.39 ,3.43
S000001532,-0.49,-0.2 ,0.73 ,1.0  ,1.93 ,1.32 ,1.06
S000004941,-0.62,0.48 ,0.34 ,-1.03,-0.89,1.45 ,2.65
S000004642,-0.1 ,-1.51,-1.43,-1.94,-2.18,-1.84,-1.69
S000001245,-0.34,1.33 ,1.35 ,2.35 ,2.33 ,0.82 ,1.46
S000000603,-0.09,2.16 ,2.05 ,2.18 ,2.39 ,1.72 ,1.95
S000004335,-0.29,-0.01,-0.45,3.1  ,4.49 ,3.93 ,5.26
S000001246,-0.27,-1.6 ,-1.94,-2.4 ,-2.47,-1.74,-1.0
S000004467,0.01 ,0.78 ,0.7  ,-0.74,-1.69,-2.47,-3.47
S000003456,0.01 ,0.6  ,0.75 ,1.63 ,2.78 ,3.24 ,0.4
S000003952,-0.32,0.65 ,0.16 ,0.11 ,1.86 ,1.97 ,2.28
S000004862,-0.17,-0.58,-1.18,-1.6 ,-2.18,-0.79,0.01
S000000236,0.07 ,-1.25,-1.29,-1.25,-2.0 ,-1.56,-1.22
S000003457,-0.27,1.62 ,1.69 ,3.31 ,4.44 ,4.61 ,5.56
S000000605,0.07 ,-3.32,-1.64,-2.94,-3.64,-3.47,-2.64
S000000606,0.33 ,-2.94,-1.4 ,-2.94,-3.32,-3.47,-2.4
S000003459,0.0  ,0.86 ,0.43 ,0.7  ,1.37 ,1.99 ,2.05
S000004264,-0.42,0.64 ,1.42 ,1.61 ,2.25 ,1.94 ,2.04
S000004340,-0.62,1.87 ,0.45 ,-0.92,-0.89,-1.47,-1.18
S000000023,-0.14,-3.32,-1.84,-1.12,-2.4 ,-1.03,-0.6
S000003460,0.21 ,-0.56,0.84 ,1.48 ,2.43 ,1.8  ,2.2
S000005738,-0.64,-0.32,-0.86,0.38 ,1.54 ,1.42 ,1.12
S000004265,-0.27,-0.18,-0.34,-0.29,0.14 ,0.45 ,-2.18
S000002346,-0.4 ,-1.36,-0.67,3.18 ,4.37 ,3.23 ,3.16
S000003461,-0.15,-0.2 ,0.96 ,1.62 ,2.51 ,2.34 ,2.08
S000001022,-0.27,2.13 ,1.34 ,1.68 ,1.46 ,1.01 ,0.49
S000004266,-0.42,-2.32,-1.36,-0.3 ,-1.22,-1.03,-0.92
S000001251,-0.04,3.08 ,3.96 ,3.16 ,3.13 ,2.45 ,2.76
S000005147,-0.22,1.82 ,0.87 ,0.59 ,1.28 ,0.93 ,1.55
S000001481,0.18 ,2.22 ,1.87 ,-0.03,0.82 ,1.11 ,1.05
S000001676,-0.2 ,-0.45,-1.12,-1.79,-2.18,-2.56,-2.47
S000006324,-0.42,0.57 ,1.49 ,2.37 ,3.33 ,2.72 ,2.69
S000005667,-0.04,-0.09,-1.03,-1.29,-2.18,-2.12,-1.89
S000005740,-0.06,-0.25,0.58 ,1.57 ,3.23 ,3.04 ,3.92
S000000609,0.31 ,-2.32,-0.51,-0.03,-0.84,-0.79,-0.94
S000001024,0.11 ,0.52 ,-0.23,-1.06,-2.18,-1.43,-0.84
S000001106,-0.43,-1.43,-1.29,-1.64,-2.47,-2.18,-1.89
S000003317,0.1  ,-1.56,-1.69,-2.12,-2.56,-1.56,-0.58
S000004796,-0.04,0.4  ,0.61 ,1.5  ,2.41 ,2.2  ,2.21
S000005149,-0.34,0.3  ,-0.43,2.21 ,3.73 ,2.55 ,3.93
S000001181,-0.51,-1.79,-1.06,-1.29,-1.32,-0.29,3.1
S000003319,0.24 ,-1.25,-1.4 ,-1.94,-2.0 ,-1.6 ,-0.56
S000000454,-0.2 ,-0.36,-0.06,2.89 ,3.16 ,1.81 ,2.51
S000003023,-0.15,-2.64,-1.89,-2.4 ,-3.47,-3.84,-4.32
S000005400,0.0  ,-1.89,-1.84,-2.18,-2.32,-1.56,-0.81
S000005078,-0.07,-0.97,-0.86,-0.94,-1.69,-0.29,0.42
S000000105,-0.01,0.62 ,1.04 ,1.3  ,2.52 ,2.15 ,2.24
S000005005,0.0  ,-3.32,-2.18,-1.15,-2.06,-0.89,-0.81
S000005006,-0.09,-2.74,-2.0 ,-1.03,-2.0 ,-0.54,-1.6
S000001713,-0.22,0.86 ,1.07 ,2.99 ,3.69 ,3.09 ,3.55
S000004800,-0.38,-1.36,-0.86,1.0  ,3.35 ,2.95 ,3.07
S000005152,0.31 ,1.0  ,-0.97,-1.29,-1.74,-1.4 ,-1.74
S000005599,-0.58,0.56 ,0.95 ,2.54 ,3.4  ,2.8  ,2.74
S000001111,-0.18,-1.84,-0.3 ,0.18 ,-0.64,-0.76,-0.58
S000005942,-0.3 ,0.2  ,-0.15,2.78 ,3.94 ,3.71 ,4.57
S000000385,0.08 ,-2.12,-2.0 ,-2.64,-2.56,-1.79,-1.0
S000001715,0.15 ,0.4  ,-0.09,-0.71,1.16 ,1.28 ,1.71
S000001280,0.04 ,-2.32,-2.06,-2.47,-2.84,-1.89,-0.89
S000001717,0.19 ,2.55 ,1.38 ,1.42 ,0.82 ,0.77 ,1.44
S000005603,0.0  ,1.11 ,1.75 ,2.19 ,2.16 ,0.88 ,1.58
S000000388,-0.23,0.93 ,1.77 ,2.96 ,3.19 ,3.02 ,3.04
S000005407,0.0  ,0.42 ,-0.14,2.65 ,3.68 ,2.86 ,3.67
S000005605,-0.07,-1.09,-1.25,-1.64,-1.84,-1.56,-2.12
S000000687,0.08 ,0.33 ,-0.74,-1.47,-2.56,-2.06,-1.4
S000005013,-0.06,-1.84,-1.89,-2.06,-2.47,-1.69,-0.74
S000000925,0.0  ,-0.45,-0.23,1.45 ,2.38 ,1.82 ,2.1
S000000390,0.03 ,1.95 ,1.51 ,2.34 ,2.09 ,1.49 ,1.34
S000005948,-0.54,0.28 ,0.34 ,2.61 ,4.24 ,3.45 ,3.67
S000003748,-0.32,1.48 ,0.43 ,0.88 ,2.2  ,1.01 ,2.16
S000001422,-0.03,2.15 ,0.96 ,-0.23,-0.2 ,0.41 ,1.36
S000002626,-0.47,-0.06,0.0  ,3.61 ,5.16 ,4.4  ,5.8
S000001926,-0.2 ,3.25 ,1.08 ,0.7  ,0.98 ,0.33 ,0.64
S000000746,-0.14,-0.54,-1.15,-1.89,-2.47,-1.89,-1.84
S000002910,0.11 ,1.63 ,-0.94,-1.29,-2.32,-1.94,-1.94
S000005891,-0.4 ,-0.14,-0.47,0.66 ,2.07 ,1.23 ,1.94
S000002627,0.03 ,-0.03,0.46 ,0.9  ,1.77 ,1.64 ,2.07
S000002272,-0.51,-0.67,-0.45,1.74 ,3.31 ,2.74 ,3.18
S000005892,-0.51,0.0  ,-0.27,2.12 ,3.08 ,3.25 ,3.67
S000003749,-0.14,-0.6 ,-0.89,-1.89,-2.4 ,-2.47,-2.25
S000001423,-0.64,-0.47,0.49 ,0.42 ,1.28 ,1.58 ,0.7
S000002273,-0.3 ,-0.17,0.01 ,1.08 ,1.79 ,1.91 ,1.66
S000000180,-0.1 ,0.01 ,-0.2 ,0.73 ,2.93 ,3.11 ,3.07
S000001928,-0.49,-0.56,-0.62,3.61 ,4.24 ,3.72 ,2.47
S000000855,-0.3 ,-0.14,0.71 ,-0.3 ,-0.74,-0.97,-2.12
S000000928,-0.25,-2.94,-1.69,-1.32,-2.0 ,-1.6 ,-1.4
S000001603,-0.47,2.8  ,2.92 ,2.18 ,2.24 ,1.96 ,1.96
S000002481,0.25 ,-0.14,-0.69,-1.74,-2.4 ,-2.06,-1.79
S000002554,-0.2 ,-0.49,-0.06,1.1  ,2.12 ,1.8  ,1.8
S000000569,-0.06,-2.4 ,-1.94,-2.64,-3.64,-0.64,0.31
S000003678,-0.14,0.12 ,-1.03,-1.36,-2.12,-1.69,-1.18
S000005819,0.16 ,-1.89,-1.6 ,-2.12,-2.32,-1.29,-0.36
S000002555,0.2  ,-0.34,0.99 ,1.56 ,2.15 ,1.66 ,1.43
S000005893,-0.32,-0.42,-0.22,0.86 ,2.79 ,0.79 ,2.7
S000004122,-0.4 ,1.47 ,0.68 ,1.62 ,1.87 ,0.93 ,0.83
S000001604,-0.38,0.86 ,0.51 ,1.36 ,2.25 ,1.78 ,1.36
S000000929,-0.04,-3.06,-1.29,-0.15,-1.06,-0.74,-0.92
S000000749,-0.43,-0.64,0.25 ,4.17 ,4.98 ,2.97 ,5.84
S000001788,-0.03,-2.12,-2.32,-2.25,-2.84,-2.4 ,-2.32
S000000857,-0.47,2.7  ,1.17 ,0.24 ,1.48 ,0.79 ,0.58
S000001789,0.43 ,-2.47,-1.47,-0.62,-1.6 ,-0.62,-0.34
S000002840,0.24 ,0.37 ,-1.74,-1.4 ,-1.56,-1.51,-1.47
S000001891,-0.38,1.54 ,2.68 ,3.58 ,4.2  ,3.01 ,2.61
S000001533,-0.49,0.54 ,0.1  ,0.56 ,0.49 ,2.69 ,2.05
S000001931,-0.27,-0.38,0.24 ,0.24 ,1.86 ,1.34 ,0.95
S000003680,-0.09,0.42 ,-0.81,-1.32,-2.25,-1.51,-0.76
S000002484,0.04 ,0.01 ,-1.22,-1.47,-1.84,-2.12,-1.84
S000004051,-0.2 ,-2.32,-1.74,-1.74,-1.64,-1.0 ,-0.36
S000004124,-0.29,-2.47,-1.79,-2.84,-3.32,-2.94,-1.69
S000002769,0.15 ,-1.6 ,-0.3 ,-0.38,-0.6 ,0.33 ,0.9
S000004052,-0.15,-2.56,-2.32,-1.94,-1.84,-1.22,-0.69
S000005823,-0.34,-0.3 ,0.0  ,1.32 ,2.05 ,1.62 ,1.34
S000001932,-0.81,-0.47,-0.1 ,1.41 ,2.09 ,2.23 ,0.99
S000003954,-0.64,0.75 ,0.74 ,1.62 ,1.64 ,1.01 ,0.95
S000002916,0.16 ,-2.74,-1.89,1.05 ,3.01 ,2.81 ,3.5
S000004126,-0.15,-1.69,-1.64,-2.94,-2.74,-2.47,-2.64
S000004199,-0.29,0.12 ,1.18 ,2.03 ,2.9  ,2.59 ,2.34
S000000752,0.03 ,-2.12,-1.29,-0.45,-1.18,-0.64,-0.64
S000003682,-0.54,0.81 ,-0.06,0.46 ,1.68 ,1.5  ,1.41
S000004721,-0.6 ,-0.07,0.21 ,1.2  ,1.5  ,1.16 ,0.86
S000003610,-0.22,-1.79,2.09 ,2.23 ,2.03 ,0.49 ,0.31
S000002207,-0.42,-0.69,-0.07,0.04 ,2.03 ,2.38 ,2.19
S000006168,-0.45,0.06 ,-1.18,-1.47,-2.12,-1.84,-1.22
S000005825,-0.3 ,-1.74,-2.25,-2.94,-3.64,-3.06,-3.18
S000003956,-0.51,-0.27,0.07 ,0.83 ,2.05 ,1.58 ,1.23
S000001610,-0.3 ,0.39 ,0.28 ,0.03 ,-0.6 ,-1.25,-1.74
S000003684,-0.17,-2.47,-1.47,-0.51,-0.92,-0.67,-0.81
S000002773,-0.22,-2.84,-1.47,-0.71,-1.06,-1.36,-0.89
S000003251,0.01 ,1.93 ,0.2  ,-0.58,-1.43,-1.29,-0.18
S000005529,-0.29,2.23 ,0.99 ,0.67 ,-0.06,-0.69,-1.43
S000001539,-0.42,-1.03,-2.47,-2.12,-2.56,-1.74,-1.47
S000005309,0.46 ,-0.62,-0.51,0.55 ,1.98 ,1.36 ,1.73
S000001797,-0.38,0.41 ,-0.07,0.93 ,2.53 ,2.3  ,1.93
S000001361,-0.34,0.77 ,-0.43,1.87 ,3.86 ,3.9  ,5.0
S000002776,-0.07,-0.56,-0.36,-1.56,-2.32,-1.74,-1.79
S000004344,-0.84,1.93 ,-0.38,-0.25,-0.38,-0.47,-0.23
S000004651,-0.23,-0.29,1.28 ,0.92 ,1.94 ,0.04 ,1.48
S000006099,-0.36,0.11 ,0.24 ,1.59 ,2.95 ,2.5  ,2.58
S000005533,0.44 ,-0.01,-0.17,-0.22,-0.94,-1.79,-2.06
S000004652,-0.09,-2.25,-1.25,-0.81,-0.89,-0.47,-0.17
S000000244,-0.71,-0.58,-0.69,0.07 ,2.11 ,0.4  ,0.46
S000004346,-0.27,0.18 ,0.08 ,-0.97,-1.43,-1.84,-1.79
S000003170,0.14 ,0.75 ,-0.32,-1.32,-1.94,-1.74,-1.74
S000000106,0.01 ,0.21 ,0.7  ,1.45 ,2.25 ,1.77 ,1.24
S000000615,0.0  ,-0.74,-1.43,-1.47,-2.0 ,-1.84,-1.4
S000001183,0.14 ,-1.84,-1.22,-1.51,-1.89,-0.74,-0.47
S000004420,0.18 ,-0.04,-0.62,-0.89,-1.79,-0.45,-2.25
S000002352,-0.34,1.15 ,1.66 ,2.5  ,2.14 ,1.22 ,0.68
S000000321,0.32 ,-0.29,-0.92,-1.32,-1.64,0.34 ,1.64
S000002707,-0.14,-3.06,-1.43,-0.86,-2.06,-1.6 ,-1.43
S000004421,-0.09,-0.09,-0.6 ,-1.56,-2.0 ,-2.0 ,-2.47
S000003173,-0.04,1.77 ,0.91 ,0.77 ,1.46 ,1.94 ,2.48
S000002354,0.12 ,-0.47,-0.81,-0.94,-1.64,-2.18,-1.84
S000002134,0.19 ,-0.03,-1.03,-1.29,-1.84,-1.94,-1.74
S000000249,0.19 ,0.19 ,0.1  ,1.55 ,2.88 ,3.37 ,3.56
S000003471,-0.3 ,2.2  ,1.71 ,0.9  ,1.08 ,0.5  ,0.12
S000000034,-0.15,-2.74,-1.79,-1.32,-2.12,0.3  ,-0.89
S000004351,0.0  ,-1.74,-2.0 ,-2.74,-3.06,-2.4 ,-1.94
S000003030,-0.1 ,2.26 ,1.7  ,1.27 ,0.71 ,0.16 ,0.12
S000004806,-0.34,-1.69,-0.86,-0.42,0.89 ,0.6  ,0.5
S000005678,-0.23,0.65 ,0.76 ,1.12 ,2.68 ,1.74 ,3.22
S000005751,-0.29,1.71 ,1.88 ,1.29 ,0.99 ,0.57 ,0.4
S000005481,0.11 ,-1.94,-1.32,-2.0 ,-2.12,-1.36,-0.47
S000001720,-0.07,-0.2 ,-0.74,-1.94,-2.12,-1.84,-2.12
S000000036,-0.06,-1.89,-1.69,-2.32,-2.4 ,-0.81,-1.6
S000003105,-0.01,-0.89,-0.49,-1.15,-1.74,-2.06,-1.89
S000005086,-0.56,3.91 ,4.02 ,1.39 ,-0.67,-0.64,-0.76
S000004555,-0.4 ,1.06 ,0.73 ,1.81 ,1.71 ,1.57 ,1.2
S000005679,-0.06,-2.06,-1.36,-1.79,-1.84,-1.64,-1.64
S000003106,0.04 ,-0.51,-0.47,3.16 ,4.55 ,3.68 ,4.82
S000004556,-0.38,1.23 ,1.1  ,1.77 ,2.12 ,1.82 ,1.9
S000005607,-0.27,0.52 ,-0.01,0.16 ,1.65 ,1.76 ,2.06
S000001721,-0.1 ,-0.69,-0.71,-2.84,-3.64,-3.47,-3.84
S000003868,-0.45,-0.74,-1.09,1.03 ,1.86 ,1.66 ,1.65
S000004809,-0.3 ,1.52 ,0.66 ,0.55 ,0.21 ,-0.56,-0.62
S000004882,-0.54,-2.12,-1.12,-0.29,-0.97,-0.51,0.24
S000005754,-0.3 ,0.43 ,-0.49,-1.22,-1.89,-2.18,-1.56
S000002416,-0.32,0.55 ,-0.79,-0.97,-1.56,-0.81,0.03
S000005484,-0.42,-2.12,-1.06,-0.4 ,-1.6 ,-0.01,-0.94
S000003797,-0.2 ,1.62 ,1.39 ,2.71 ,3.59 ,3.61 ,3.93
S000003870,-0.12,2.99 ,1.49 ,-0.27,0.25 ,0.46 ,0.84
S000004558,-0.29,-2.25,-1.69,-0.89,-1.69,-0.89,-0.22
S000003331,-0.71,0.73 ,1.2  ,1.73 ,2.13 ,1.59 ,1.07
S000004811,-0.49,1.97 ,2.54 ,2.27 ,3.53 ,2.84 ,2.48
S000005163,-0.34,0.42 ,0.03 ,0.25 ,2.32 ,2.31 ,2.46
S000006025,-0.36,-0.64,-1.32,-2.06,-2.4 ,-2.32,-2.25
S000005485,-0.07,2.06 ,2.14 ,1.18 ,1.06 ,0.57 ,-0.01
S000001724,-0.2 ,-1.84,-0.84,-1.12,-1.69,-2.25,-2.56
S000005610,-0.58,2.17 ,0.18 ,-0.07,0.34 ,0.36 ,0.03
S000005486,-0.07,1.55 ,1.04 ,-0.54,-1.06,-1.69,-2.12
S000005018,-0.29,0.12 ,-1.51,-1.94,-2.56,-2.74,-2.56
S000004812,0.36 ,0.07 ,0.23 ,-1.03,-1.89,-1.64,-1.22
S000005091,-0.67,0.33 ,0.76 ,0.72 ,1.7  ,1.26 ,1.08
S000005954,-0.56,0.21 ,0.52 ,3.61 ,4.24 ,3.45 ,3.68
S000006027,0.04 ,-1.69,-1.43,-0.92,-1.69,-2.32,-2.32
S000006342,-0.45,1.55 ,0.32 ,-0.54,-0.71,-0.89,-0.71
S000005487,-0.01,-1.6 ,-1.15,-1.74,-2.18,-1.56,-0.62
S000000470,0.15 ,-2.0 ,-0.89,0.0  ,-1.03,-0.27,-0.04
S000001727,-0.43,0.67 ,0.26 ,0.83 ,2.45 ,1.91 ,1.6
S000005955,-0.54,1.53 ,0.89 ,1.75 ,3.24 ,2.63 ,2.56
S000005956,-0.74,0.79 ,0.8  ,1.01 ,2.56 ,1.84 ,1.61
S000000933,0.36 ,-1.89,-1.79,-2.18,-1.94,-1.51,-0.6
S000000399,-0.27,0.39 ,0.1  ,0.75 ,1.84 ,1.79 ,1.28
S000005614,-0.45,1.55 ,0.64 ,0.82 ,0.69 ,0.01 ,-0.12
S000002634,0.08 ,-0.86,-0.34,-1.29,-1.89,-1.89,-2.06
S000000472,-0.3 ,-1.12,-0.15,1.12 ,2.46 ,2.18 ,1.99
S000005022,-0.09,0.31 ,-0.38,-1.32,-1.84,-1.89,-2.18
S000004201,-0.34,-0.06,1.24 ,1.0  ,1.92 ,2.07 ,0.79
S000005023,-0.27,-0.45,-0.56,-1.47,-1.64,-1.74,-2.47
S000002208,0.19 ,-1.43,-0.97,0.25 ,1.67 ,1.97 ,1.87
S000005419,-0.47,2.72 ,1.27 ,0.19 ,0.28 ,-0.15,-0.36
S000005420,-0.07,-1.69,-1.69,-2.18,-3.06,-3.06,-2.84
S000000864,-0.04,-2.12,-0.32,0.53 ,-0.06,-0.1 ,-0.25
S000005901,0.07 ,1.64 ,0.84 ,-0.15,-0.47,-1.12,-1.0
S000004203,-0.3 ,-0.86,-0.25,1.88 ,3.21 ,2.78 ,3.1
S000002209,-0.09,-0.89,-0.71,0.19 ,1.09 ,1.59 ,1.61
S000002490,-0.3 ,-3.32,-1.51,-0.74,-1.22,-0.62,-0.51
S000005236,-0.58,-1.89,-0.14,0.2  ,-0.58,-0.94,-0.79
S000000866,0.16 ,-2.84,-2.32,-2.0 ,-2.84,-1.64,-1.69
S000001883,-0.47,-2.32,-0.38,1.78 ,3.98 ,3.53 ,4.69
S000000758,-0.07,0.34 ,1.51 ,1.07 ,0.52 ,-0.42,-0.62
S000004132,0.26 ,-0.79,-1.25,-2.0 ,-2.0 ,-1.74,-1.47
S000003689,-0.18,2.57 ,0.77 ,1.62 ,1.06 ,0.24 ,-0.3
S000000867,0.36 ,2.1  ,0.7  ,-1.74,-0.49,-0.15,0.41
S000001882,-0.3 ,0.26 ,0.03 ,1.74 ,2.32 ,2.49 ,2.5
S000002213,0.12 ,-1.47,-0.71,-1.64,0.32 ,0.69 ,0.52
S000001543,0.21 ,-1.64,-0.84,-2.4 ,-2.94,-3.32,-2.56
S000002778,-0.51,-0.4 ,0.15 ,0.45 ,2.41 ,0.77 ,2.09
S000002924,-0.32,-0.1 ,-1.43,0.83 ,2.78 ,2.78 ,4.12
S000001880,0.39 ,-0.25,1.85 ,1.06 ,0.93 ,0.63 ,1.7
S000003618,-0.3 ,0.01 ,-0.74,-1.0 ,-2.0 ,-2.06,-2.06
S000002779,-0.29,0.51 ,-0.04,1.99 ,3.71 ,3.85 ,4.24
S000000869,-0.04,-1.74,-2.12,-2.47,-2.74,-2.56,-2.74
S000005536,-0.6 ,-0.23,-0.62,0.19 ,1.93 ,1.46 ,1.06
S000000195,0.23 ,-1.6 ,-0.32,-0.67,-1.25,-2.18,-2.25
S000004732,-0.18,0.85 ,0.06 ,2.3  ,2.9  ,2.7  ,2.88
S000002496,-0.36,0.94 ,0.15 ,1.44 ,2.03 ,1.79 ,0.9
S000006176,-0.51,-0.07,0.03 ,1.33 ,1.83 ,2.06 ,1.61
S000002854,-0.12,1.44 ,2.93 ,3.96 ,3.83 ,4.0  ,3.27
S000000871,-0.17,2.36 ,1.14 ,0.42 ,0.69 ,1.24 ,1.1
S000001877,-0.15,-0.2 ,0.37 ,0.62 ,2.09 ,2.09 ,2.22
S000003694,0.12 ,-0.84,-1.4 ,-2.06,-1.6 ,-1.79,-1.84
S000002782,-0.54,2.42 ,3.35 ,3.73 ,4.32 ,3.77 ,4.1
S000004734,-0.06,0.67 ,1.29 ,1.16 ,1.95 ,0.51 ,1.28
S000005316,-0.2 ,-1.18,-1.94,-2.25,-2.47,-2.64,-2.94
S000004947,-0.32,-2.64,-1.36,-0.97,-1.74,-1.15,-0.6
S000004065,0.2  ,-1.6 ,-2.0 ,-2.32,-2.64,-1.84,-1.06
S000004066,0.12 ,-1.64,-2.0 ,-2.4 ,-2.74,-1.69,-0.94
S000003967,0.1  ,-2.56,-1.94,-1.89,-2.4 ,-1.74,-0.62
S000003695,0.0  ,-0.71,-2.0 ,-2.4 ,-2.84,-2.4 ,-2.64
S000005317,-0.23,-0.36,-0.17,0.7  ,3.38 ,3.22 ,4.55
S000003472,-0.09,-0.17,-0.51,-1.25,-1.79,-2.18,-2.12
S000003968,0.16 ,-2.56,-2.0 ,-1.94,-2.56,-1.84,-0.6
S000001805,0.1  ,-1.18,-2.84,-2.84,-2.0 ,-2.12,-1.12
S000002857,-0.36,-2.64,-1.6 ,-0.43,-0.45,0.19 ,-0.67
S000004660,-0.4 ,-0.54,1.01 ,1.89 ,1.97 ,1.51 ,1.14
S000000697,0.26 ,0.58 ,-0.22,-0.81,-1.51,-0.69,-1.09
S000003473,-0.2 ,1.0  ,0.29 ,-0.09,-0.84,-1.43,-1.69
S000003969,0.04 ,1.0  ,2.75 ,5.35 ,4.31 ,3.84 ,3.58
S000003624,-0.18,1.89 ,1.38 ,1.11 ,1.01 ,0.37 ,0.62
S000001807,-0.09,0.16 ,0.46 ,0.82 ,1.44 ,1.25 ,2.2
S000003970,-0.23,1.3  ,2.03 ,4.53 ,4.24 ,2.79 ,2.36
S000004662,-0.18,-0.49,-0.67,-2.47,-2.84,-2.18,-2.06
S000004281,-0.1 ,0.63 ,1.0  ,1.53 ,2.35 ,1.52 ,2.38
S000000038,-0.17,-2.25,-1.69,-2.25,-2.56,-0.3 ,-2.4
S000005321,-0.38,-2.64,-1.94,-1.64,-2.06,-1.94,-1.6
S000001193,0.11 ,0.86 ,0.57 ,1.18 ,2.79 ,2.51 ,2.65
S000000627,-0.27,-2.56,-1.12,-1.74,-1.84,-1.15,-0.71
S000005544,-0.58,0.48 ,-1.32,-1.79,-2.32,-2.4 ,-2.25
S000004356,-0.42,2.08 ,-0.36,-0.64,0.57 ,-0.18,0.33
S000001194,-0.14,0.76 ,0.25 ,0.68 ,1.29 ,1.53 ,2.06
S000005545,0.12 ,-0.34,0.12 ,1.12 ,1.8  ,1.38 ,1.01
S000004430,-0.07,3.09 ,2.58 ,2.56 ,2.44 ,1.63 ,1.74
S000004885,-0.51,-0.58,0.7  ,1.62 ,2.57 ,2.61 ,1.7
S000002418,-0.27,-1.6 ,-1.79,-1.84,-2.47,-2.0 ,-1.6
S000001195,-0.14,0.62 ,0.2  ,1.43 ,2.79 ,1.74 ,1.83
S000004954,-0.01,1.8  ,-0.07,-1.06,-1.6 ,-0.6 ,0.29
S000001196,-0.49,0.3  ,2.09 ,3.19 ,3.07 ,2.55 ,1.16
S000004285,0.03 ,-2.0 ,-0.58,-0.62,-1.0 ,-0.74,-1.69
S000002419,-0.01,-1.74,-1.74,-1.69,-2.32,-2.18,-1.47
S000001363,-0.17,0.29 ,-1.36,-1.74,-1.89,-1.0 ,-0.64
S000003111,-0.49,-1.09,-0.22,-0.25,0.5  ,1.8  ,-0.67
S000005831,-0.56,0.15 ,-0.25,0.68 ,1.62 ,1.37 ,1.18
S000004359,0.15 ,-1.22,-2.06,-2.0 ,-2.06,-1.22,-0.45
S000003407,-0.2 ,-0.49,0.3  ,-0.81,-1.74,-1.36,-1.29
S000000630,0.23 ,-1.25,-0.2 ,-0.51,1.16 ,1.55 ,1.69
S000003184,-0.42,0.95 ,1.03 ,1.41 ,1.86 ,1.54 ,1.27
S000000120,0.14 ,-2.12,-0.67,0.48 ,-0.27,-0.47,-0.47
S000005833,-0.36,-2.84,-2.4 ,-1.56,-1.64,-1.56,-1.74
S000000260,0.06 ,0.29 ,-0.34,-1.15,-1.89,-1.43,-1.29
S000003481,0.03 ,-0.97,-1.03,-1.74,-1.69,-1.89,-2.4
S000002422,-0.45,2.11 ,2.82 ,3.78 ,3.97 ,3.35 ,2.39
S000003802,-0.51,-2.94,-1.51,-0.94,-1.18,-0.97,-1.15
S000005094,-0.06,0.69 ,1.12 ,1.73 ,2.05 ,1.48 ,1.3
S000005167,-0.17,0.96 ,0.14 ,0.86 ,1.89 ,1.08 ,1.42
S000006344,-0.03,0.25 ,0.04 ,1.07 ,2.95 ,3.12 ,3.58
S000004889,-0.09,1.78 ,0.23 ,0.03 ,-0.22,-0.76,-1.25
S000006345,-0.51,-0.29,0.82 ,1.79 ,2.62 ,1.6  ,1.81
S000003410,0.15 ,0.14 ,-0.22,-1.4 ,-1.84,-1.74,-1.89
S000001293,-0.38,2.93 ,2.05 ,3.14 ,3.25 ,2.66 ,2.14
S000001729,-0.36,0.73 ,-0.25,-0.79,-1.51,-1.56,-1.18
S000001200,-0.51,1.04 ,1.46 ,2.56 ,2.09 ,1.78 ,0.08
S000000263,-0.03,-0.32,-1.03,-1.74,-2.32,-1.32,-1.4
S000005169,-0.42,0.7  ,0.96 ,2.81 ,4.39 ,3.49 ,4.31
S000003411,-0.04,0.77 ,1.2  ,1.22 ,2.18 ,1.34 ,1.49
S000005836,-0.14,-3.06,-2.18,-0.94,-2.12,-1.15,-0.74
S000003043,-0.17,0.86 ,0.93 ,2.05 ,1.9  ,1.74 ,0.3
S000003992,-0.18,-2.47,-1.09,-0.56,-1.43,-0.97,-0.94
S000005024,-0.2 ,0.23 ,0.7  ,1.74 ,2.28 ,1.99 ,1.85
S000004290,-0.38,1.66 ,0.96 ,0.58 ,0.83 ,0.39 ,-0.17
S000006032,-0.25,2.56 ,2.32 ,2.73 ,2.15 ,1.42 ,1.05
S000005492,-0.43,-0.04,-0.56,3.32 ,5.07 ,4.34 ,5.41
S000001296,-0.49,-0.3 ,-0.86,-1.6 ,-1.89,-2.18,-2.47
S000006347,-0.27,-2.56,-0.74,-0.04,-0.74,-0.62,-0.84
S000005617,-0.32,-1.79,-1.6 ,-0.92,0.1  ,0.33 ,0.29
S000003044,0.08 ,-1.64,-2.18,-2.47,-2.56,-1.84,-0.97
S000005763,-0.36,0.12 ,0.11 ,0.58 ,1.7  ,1.2  ,1.3
S000001732,-0.43,-2.64,-0.97,-0.42,-1.43,-0.86,-1.0
S000005098,0.12 ,0.07 ,-0.09,1.04 ,2.13 ,1.77 ,1.8
S000003806,-0.1 ,-0.76,-1.89,-2.18,-2.0 ,-2.32,-2.06
S000006348,-0.49,-2.74,-1.64,-0.76,-1.56,-1.12,-0.89
S000001129,-0.29,-0.79,-1.6 ,-2.18,-2.06,-0.62,-0.07
S000006034,-0.03,1.23 ,0.87 ,1.89 ,2.18 ,1.86 ,1.6
S000003994,-0.42,1.8  ,0.75 ,-0.07,-0.49,-0.27,-0.3
S000003880,-0.43,-0.42,-0.18,1.61 ,3.13 ,2.86 ,2.35
S000003552,-0.34,0.36 ,0.06 ,-1.89,1.95 ,0.26 ,2.26
S000001130,-0.56,-2.64,-0.69,0.16 ,-0.56,-0.34,-0.47
S000006349,-0.23,0.06 ,-1.06,-1.79,-1.94,-1.56,-2.12
S000003046,-0.22,-2.84,-2.0 ,-0.45,0.37 ,0.7  ,0.73
S000001131,-0.3 ,-2.47,-2.06,-0.86,-1.43,-1.22,-1.25
S000001299,-0.45,-0.29,-0.81,0.57 ,2.06 ,2.09 ,1.9
S000006278,0.24 ,-1.74,-1.94,-3.47,-4.06,-3.47,-3.32
S000003553,-0.18,0.82 ,0.78 ,0.66 ,1.98 ,1.81 ,2.07
S000005425,-0.56,0.91 ,-0.17,0.56 ,1.64 ,1.07 ,0.62
S000003554,-0.22,0.94 ,-0.04,0.26 ,1.87 ,0.66 ,2.61
S000005964,-0.2 ,-2.25,-0.69,-0.34,-0.34,-0.12,-0.36
S000005622,0.07 ,-1.79,-1.89,-2.32,-2.4 ,-1.43,-0.43
S000002288,0.14 ,-2.0 ,-1.43,-1.22,-1.56,-1.0 ,-0.51
S000006040,-0.17,1.52 ,1.37 ,2.2  ,1.49 ,1.55 ,1.77
S000005428,-0.54,0.4  ,0.39 ,1.5  ,1.84 ,1.34 ,0.3
S000002363,0.19 ,0.96 ,-0.56,-1.0 ,-1.56,-0.17,0.98
S000006282,-0.4 ,-0.1 ,-0.76,3.37 ,4.33 ,3.29 ,4.47
S000004210,-0.51,1.21 ,0.89 ,2.34 ,3.85 ,2.99 ,3.38
S000005909,-0.06,-0.86,0.07 ,-1.56,-2.47,-1.94,-1.79
S000005429,-0.42,0.37 ,0.19 ,1.29 ,2.23 ,1.83 ,1.76
S000000872,0.11 ,-0.18,1.95 ,1.51 ,0.99 ,0.07 ,0.08
S000004212,-0.1 ,-4.32,-2.56,-1.6 ,-2.56,-0.23,-1.15
S000006283,-0.43,0.42 ,-0.25,0.5  ,2.18 ,2.06 ,1.84
S000000064,-0.29,0.54 ,0.6  ,1.08 ,1.42 ,1.86 ,1.42
S000003696,-0.29,0.45 ,0.04 ,2.39 ,3.98 ,3.33 ,4.6
S000002930,-0.43,-0.4 ,-0.51,3.94 ,4.73 ,4.34 ,4.96
S000003335,-0.27,-2.64,-2.06,-1.0 ,-1.69,-1.29,-0.79
S000004815,-0.14,0.62 ,0.75 ,-0.15,-1.03,-1.06,-1.74
S000004140,0.15 ,-0.42,-1.56,-2.06,-2.12,-1.56,-0.58
S000001696,-0.03,-0.42,-0.76,-0.81,-1.6 ,-2.12,-2.0
S000002931,-0.25,-0.23,0.03 ,3.39 ,4.08 ,3.98 ,5.15
S000005912,0.07 ,-3.06,-3.06,-3.64,-3.84,-3.47,-3.47
S000000767,-0.54,0.01 ,0.94 ,1.81 ,2.51 ,1.28 ,1.92
S000001052,0.01 ,-2.32,-1.64,-2.12,-2.4 ,-1.22,-0.3
S000001949,0.04 ,-2.56,-1.64,-1.18,-2.25,-2.47,-2.4
S000004738,-0.3 ,-2.94,-2.06,-0.81,-2.25,-1.18,-1.56
S000001873,-0.1 ,1.56 ,0.88 ,0.04 ,-0.32,-0.54,-0.47
S000000876,0.4  ,-2.56,-1.84,-1.94,-2.32,-1.43,-0.6
S000000065,-0.14,1.74 ,2.41 ,2.1  ,2.04 ,0.57 ,0.84
S000004143,-0.38,0.99 ,0.57 ,-2.12,-2.64,-3.18,-2.4
S000004566,-0.15,0.53 ,-1.09,-1.69,-2.18,-1.22,-1.94
S000001625,-0.15,-0.29,-0.29,0.18 ,1.82 ,1.8  ,1.77
S000002503,0.18 ,-0.51,-0.79,-0.04,1.33 ,1.51 ,1.86
S000006183,-0.01,0.72 ,0.48 ,-0.25,-0.71,-1.51,-2.25
S000004217,-0.45,-0.58,0.25 ,2.05 ,3.11 ,2.78 ,2.83
S000001626,-0.3 ,-3.84,-1.79,-0.97,-1.56,-1.0 ,-0.64
S000003266,0.0  ,-2.18,-1.47,-2.0 ,-2.06,-1.29,-0.74
S000002788,0.25 ,-3.84,-2.47,-0.89,0.08 ,0.67 ,1.44
S000003339,0.01 ,-0.09,-0.34,0.23 ,1.82 ,1.04 ,1.66
S000001952,-0.38,-2.0 ,-1.74,-2.56,-3.84,-3.47,-3.64
S000002971,-0.27,0.23 ,-0.58,0.6  ,2.1  ,1.84 ,1.86
S000004740,-0.3 ,1.48 ,2.21 ,3.71 ,4.18 ,3.09 ,2.54
S000003701,0.18 ,-2.12,-2.25,-2.74,-3.32,-2.84,-2.74
S000002862,0.3  ,-0.79,-0.06,0.2  ,1.87 ,1.85 ,1.82
S000001951,-0.38,-1.69,-1.18,-2.18,-2.56,-1.94,-2.06
S000005916,-0.07,-1.94,-1.89,-2.32,-2.84,-2.47,-2.94
S000001700,-0.47,0.55 ,-0.64,-1.09,-1.64,-2.0 ,-1.6
S000003628,-0.64,0.58 ,1.37 ,1.71 ,1.94 ,1.29 ,2.18
S000119991,-0.15,0.06 ,0.07 ,1.8  ,1.88 ,3.49 ,2.79
S000001701,-0.2 ,-0.56,-1.15,-1.94,-2.25,-2.12,-2.32
S000003341,-0.12,-0.25,0.21 ,1.29 ,4.05 ,2.53 ,4.08
S000005324,-0.58,0.28 ,-1.09,-1.79,-1.32,-1.36,-1.15
S000006113,-0.49,-0.18,-0.38,0.49 ,1.82 ,2.03 ,1.47
S000001057,-0.81,-0.67,0.12 ,4.27 ,5.58 ,4.85 ,5.88
S000002790,0.45 ,-1.64,-2.12,-1.94,-2.4 ,-1.43,-0.74
S000006186,-0.23,0.9  ,-0.06,-1.94,-2.47,-2.47,-1.25
S000004074,-0.38,0.91 ,0.18 ,0.16 ,1.81 ,1.58 ,1.62
S000003703,0.06 ,-0.15,-0.81,-2.47,-2.74,-2.06,-1.6
S000004744,-0.09,-0.6 ,-1.32,-1.22,-1.74,-2.18,-2.12
S000002792,0.04 ,2.27 ,1.31 ,0.34 ,-0.12,-0.4 ,0.1
S000004433,-0.1 ,-2.25,-2.18,-2.84,-2.94,-2.0 ,-0.64
S000002974,-0.15,-0.71,-1.51,-2.0 ,-2.32,-2.0 ,-1.64
S000006205,-0.23,2.27 ,1.31 ,1.04 ,0.76 ,-0.17,-0.45
S000005326,-0.32,0.51 ,-0.42,-0.47,-1.64,-2.06,-1.84
S000006188,-0.54,0.14 ,1.7  ,1.56 ,2.21 ,1.41 ,1.27
S000001060,-0.32,1.95 ,1.23 ,0.23 ,0.82 ,0.74 ,0.24
S000082441,-0.3 ,0.2  ,0.66 ,1.55 ,2.29 ,2.52 ,1.06
S000006206,-0.34,2.36 ,1.79 ,1.7  ,1.22 ,0.15 ,-0.51
S000002793,0.18 ,-0.84,-1.32,-1.89,-2.12,-1.74,-0.64
S000004958,-0.27,0.48 ,0.93 ,1.75 ,2.57 ,2.29 ,2.75
S000003482,0.08 ,0.55 ,-0.84,-1.12,-1.64,-1.84,-2.4
S000004497,-0.34,0.7  ,0.7  ,1.76 ,3.24 ,2.6  ,2.46
S000002977,-0.07,3.86 ,4.06 ,4.13 ,4.08 ,3.72 ,4.11
S000004959,0.06 ,0.58 ,0.8  ,1.53 ,2.25 ,2.19 ,2.54
S000000336,-0.32,-1.29,-1.22,-1.79,-1.79,0.29 ,-2.06
S000004079,-0.3 ,-1.0 ,-1.47,-2.32,-2.4 ,-1.89,-1.79
S000004960,0.11 ,-0.92,-0.54,-1.69,-2.56,-2.32,-2.64
S000001561,-0.42,-1.6 ,-0.79,0.4  ,-0.38,-0.62,-0.94
S000004364,-0.27,-1.03,-0.29,0.76 ,2.24 ,1.75 ,1.7
S000004437,-0.56,-0.22,1.01 ,2.36 ,2.61 ,2.01 ,0.06
S000006119,-0.12,-1.32,-1.79,-2.47,-2.4 ,-1.64,-0.62
S000003412,0.06 ,0.38 ,-0.25,-0.94,-1.74,-1.51,-1.12
S000005837,-0.03,-2.74,-2.47,-1.03,-2.56,-1.22,-1.4
S000006210,-0.38,2.92 ,1.95 ,1.57 ,1.59 ,0.24 ,-0.64
S000003190,-0.22,-1.47,-0.79,-1.47,-1.4 ,-0.45,-2.56
S000004502,-0.62,-1.64,-1.94,-2.94,-2.84,-2.64,-2.06
S000006211,-0.62,2.12 ,3.45 ,3.89 ,4.21 ,3.33 ,2.75
S000005245,0.18 ,-2.18,-1.79,-2.0 ,-2.25,-1.51,-0.62
S000004963,-0.47,0.0  ,0.21 ,1.52 ,3.01 ,2.33 ,2.3
S000005246,0.2  ,-1.74,-1.32,-2.06,-2.18,-1.51,-0.42
S000004440,-0.04,-2.06,-1.4 ,-2.06,-2.25,-1.64,-0.6
S000004964,-0.6 ,-0.03,-0.1 ,2.4  ,3.94 ,3.22 ,3.85
S000005840,-0.34,-0.07,0.11 ,5.05 ,4.23 ,3.85 ,5.46
S000000803,0.03 ,0.33 ,0.23 ,-0.45,-2.0 ,-1.51,-1.74
S000004369,-0.17,0.37 ,-0.76,-3.32,-3.47,-2.84,-2.06
S000000268,-0.34,-0.38,-0.03,1.29 ,3.35 ,2.67 ,2.55
S000003882,-0.01,-0.84,-0.62,-1.29,-1.94,-2.84,-3.06
S000000050,0.51 ,2.6  ,1.9  ,1.7  ,1.35 ,-0.03,-0.23
S000003417,-0.07,0.58 ,0.38 ,0.78 ,2.63 ,2.23 ,2.67
S000005768,-0.29,-0.23,-0.38,2.36 ,4.24 ,3.5  ,4.96
S000001373,-0.58,0.26 ,-0.43,0.56 ,1.49 ,1.68 ,1.24
S000000805,0.28 ,0.48 ,2.15 ,1.77 ,2.48 ,2.08 ,2.0
S000000051,-0.32,0.83 ,0.58 ,0.82 ,1.4  ,2.05 ,2.24
S000001374,-0.36,-0.64,-0.29,1.46 ,2.88 ,2.65 ,2.46
S000003049,-0.23,1.29 ,2.23 ,3.03 ,2.99 ,2.5  ,2.05
S000003884,-0.2 ,-2.0 ,-2.56,-2.74,-2.94,-2.18,-1.12
S000001209,0.03 ,0.52 ,0.77 ,1.64 ,3.08 ,2.4  ,3.41
S000003419,-0.07,-2.32,-1.43,-1.32,-1.6 ,-0.81,-1.4
S000002432,0.32 ,-1.74,-1.6 ,-1.36,-1.84,-1.51,-0.79
S000005104,-0.15,-1.89,-2.12,-2.56,-3.18,-2.74,-3.32
S000003886,-0.29,0.1  ,-0.51,-1.6 ,-1.94,-1.74,-1.36
S000000273,0.21 ,0.0  ,-2.18,-0.81,0.58 ,0.99 ,1.32
S000003421,-0.27,-0.56,-1.51,-2.64,-3.47,-3.18,-3.84
S000000808,0.06 ,-2.32,-2.06,-1.47,-2.25,-1.47,-1.43
S000006041,-0.45,1.06 ,1.4  ,1.96 ,1.84 ,1.4  ,1.1
S000005106,-0.38,-2.47,-1.18,-1.94,-1.89,-1.18,-0.6
S000006042,-0.56,2.11 ,4.42 ,4.84 ,5.13 ,4.26 ,2.83
S000004002,-0.22,-0.07,-0.38,-0.4 ,2.31 ,2.85 ,2.58
S000001741,-0.29,3.3  ,3.15 ,0.7  ,1.66 ,0.72 ,1.43
S000003126,-0.23,-0.3 ,-0.51,0.55 ,1.79 ,1.82 ,1.86
S000000135,0.31 ,-0.81,-1.32,-1.09,-2.06,-1.29,-1.15
S000006043,-0.51,0.32 ,0.93 ,1.73 ,1.84 ,1.61 ,1.28
S000005701,-0.25,-0.01,0.55 ,1.13 ,2.07 ,1.75 ,1.72
S000004003,-0.49,-0.3 ,-0.23,1.32 ,3.44 ,2.76 ,2.54
S000001742,-0.22,3.09 ,2.94 ,1.36 ,1.65 ,1.12 ,1.82
S000005774,-0.06,0.01 ,-0.18,-1.69,-0.74,-0.36,-2.25
S000005775,-0.29,0.19 ,0.12 ,1.56 ,3.47 ,3.83 ,3.82
S000001307,-0.04,0.15 ,0.2  ,0.55 ,2.26 ,2.24 ,2.7
S000005703,-0.3 ,2.03 ,1.67 ,2.35 ,2.96 ,2.8  ,2.41
S000006045,-0.38,0.62 ,1.22 ,1.77 ,2.75 ,2.51 ,1.94
S000005183,-0.38,1.83 ,0.6  ,-0.1 ,-0.49,-0.71,-0.54
S000005704,-0.32,-1.89,-2.12,-1.64,-2.18,-2.74,-2.74
S000005506,-0.58,0.3  ,0.37 ,0.01 ,1.29 ,0.52 ,1.86
S000005039,-0.36,-0.36,-0.38,0.39 ,2.28 ,2.3  ,1.86
S000004291,-0.47,-0.71,-1.18,-2.12,-2.64,-2.56,-2.56
S000000489,0.3  ,1.3  ,-0.07,0.41 ,1.97 ,2.02 ,1.74
S000006047,-0.47,-2.4 ,-1.22,-0.27,-0.64,-0.29,-0.45
S000003820,-0.04,0.54 ,-0.42,-1.4 ,-2.25,-1.64,-1.12
S000005040,-0.32,-2.56,-1.6 ,-2.32,-1.29,-1.06,-0.64
S000000952,-0.22,-1.29,-3.18,-3.64,-2.94,-2.47,-3.06
S000002578,0.28 ,-0.1 ,-1.32,-1.0 ,-1.64,-2.47,-2.32
S000002725,-0.23,-0.04,-0.6 ,2.78 ,3.91 ,3.62 ,4.3
S000005918,-0.22,0.25 ,0.42 ,-1.03,-0.64,0.87 ,2.44
S000002373,-0.22,-0.12,-0.45,-0.34,1.59 ,1.68 ,1.37
S000000491,-0.06,-0.06,-1.6 ,-2.06,-2.06,-1.89,-1.84
S000000954,-0.29,0.84 ,0.36 ,-0.09,-0.42,-1.12,-1.51
S000005437,-0.18,-3.06,-1.25,-0.69,-1.79,-1.32,-1.4
S000005042,-0.29,-0.67,-1.12,-3.06,-2.4 ,-1.79,-0.94
S000003342,0.01 ,0.2  ,0.59 ,1.23 ,1.91 ,2.15 ,2.52
S000001492,-0.62,-2.94,-2.64,-1.56,-2.64,-1.79,-1.64
S000004294,-0.45,3.61 ,1.68 ,-0.76,-1.03,-0.76,-0.38
S000004295,-0.07,2.41 ,1.77 ,1.01 ,0.99 ,0.21 ,0.42
S000005978,-0.07,-1.47,-1.18,-1.89,-2.4 ,-1.89,-1.6
S000001704,-0.51,-0.34,0.01 ,0.93 ,1.7  ,2.52 ,0.63
S000000884,-0.17,-2.25,-1.4 ,-0.67,-1.18,-0.81,-0.67
S000003707,-0.62,-1.0 ,-1.84,-2.25,-2.74,-2.18,-2.47
S000002941,-0.3 ,-0.49,0.06 ,0.11 ,1.06 ,1.38 ,1.94
S000000070,0.11 ,-1.51,-1.4 ,-1.36,-1.84,-1.89,-2.0
S000001062,-0.4 ,-1.18,-0.86,-0.14,1.34 ,1.57 ,0.89
S000001633,-0.15,-0.94,-0.51,-1.32,-2.18,-2.47,-1.69
S000002584,-0.32,-0.51,-0.09,1.12 ,2.65 ,2.58 ,2.25
S000004298,-0.42,-0.07,0.19 ,3.21 ,4.14 ,3.75 ,3.38
S000001634,-0.27,-0.14,-0.14,-1.47,-2.18,-2.4 ,-1.15
S000003708,-0.64,0.4  ,-0.17,-2.12,-2.56,-1.6 ,-0.76
S000000886,-0.23,0.88 ,0.86 ,1.05 ,2.27 ,1.13 ,1.64
S000004299,-0.25,0.38 ,-0.22,3.81 ,4.58 ,4.0  ,5.15
S000001635,0.06 ,-3.64,-2.4 ,-4.06,-4.06,-3.84,-3.47
S000003275,-0.03,0.75 ,0.34 ,-0.12,0.93 ,1.55 ,2.24
S000005626,-0.23,2.76 ,2.37 ,1.81 ,1.68 ,0.86 ,1.07
S000000960,-0.29,-1.09,-1.25,-2.06,-2.64,-2.47,-2.47
S000000780,0.3  ,-2.18,-1.84,-2.0 ,-2.56,-1.6 ,-0.84
S000002307,0.28 ,-2.84,-1.51,-0.6 ,-1.09,-0.6 ,-0.4
S000001636,-0.01,-3.64,-2.25,-4.06,-3.64,-3.32,-3.06
S000002945,-0.27,0.69 ,0.33 ,1.23 ,1.66 ,1.84 ,0.7
S000003350,0.38 ,-1.6 ,-1.15,-1.79,-1.64,-1.25,-0.74
S000004752,-0.43,0.5  ,2.01 ,1.7  ,2.01 ,1.5  ,0.8
S000004830,-0.32,-2.64,-2.06,-1.12,-2.4 ,-1.74,-1.84
S000004228,0.04 ,-0.2 ,-0.45,0.66 ,1.57 ,0.8  ,0.87
S000001565,-0.43,-3.18,-1.29,-0.32,-0.76,-0.51,0.0
S000002873,-0.32,-2.56,-1.15,-0.1 ,-0.71,-0.1 ,-0.54
S000001443,-0.43,-0.4 ,-0.56,0.39 ,1.68 ,1.31 ,1.25
S000003984,-0.56,2.76 ,0.75 ,0.37 ,0.28 ,0.12 ,0.48
S000002983,-0.34,-0.18,-0.23,2.78 ,3.74 ,3.34 ,4.14
S000002946,-0.32,1.14 ,0.7  ,1.07 ,2.37 ,1.28 ,1.1
S000000783,-0.29,-0.45,-0.97,-1.03,0.64 ,1.93 ,2.38
S000003713,-0.18,-2.56,-2.12,-2.84,-2.56,-1.74,-0.92
S000005558,-0.18,0.8  ,-0.27,0.52 ,1.91 ,0.93 ,1.66
S000005336,-0.18,-3.47,-1.64,-0.84,-1.64,-0.89,-0.89
S000001857,0.0  ,-0.36,0.9  ,1.89 ,1.97 ,1.18 ,0.77
S000004506,-0.23,3.4  ,2.39 ,2.31 ,1.93 ,1.06 ,1.32
S000004755,-0.06,2.09 ,1.94 ,2.14 ,2.44 ,0.78 ,1.46
S000005559,-0.3 ,1.0  ,1.34 ,3.2  ,3.79 ,3.88 ,3.83
S000005337,-0.36,-2.47,-1.06,-0.32,-1.4 ,-0.22,-0.79
S000006199,-0.3 ,-1.69,-1.79,-1.89,-2.47,-1.22,-2.47
S000001446,-0.34,1.2  ,0.2  ,-0.79,-1.47,-1.69,-1.94
S000001855,0.01 ,-0.29,-0.3 ,-1.09,-1.69,-2.12,-2.12
S000004756,-0.51,1.58 ,1.57 ,1.87 ,2.21 ,1.36 ,1.34
S000004086,0.12 ,1.53 ,1.77 ,2.83 ,2.6  ,1.08 ,1.26
S000004681,-0.22,-0.6 ,2.27 ,2.15 ,1.79 ,0.81 ,0.64
S000003492,-0.04,-0.14,-1.09,-1.15,-2.06,-1.69,-1.69
S000000418,0.31 ,0.61 ,-0.27,-1.15,-1.51,-1.94,-1.18
S000003199,-0.22,-0.07,-0.01,1.58 ,2.87 ,2.69 ,3.38
S000005634,-0.22,2.2  ,0.81 ,-0.1 ,-0.04,0.07 ,0.42
S000004089,-0.15,-1.29,-0.36,1.28 ,2.14 ,1.53 ,1.28
S000004588,-0.15,-0.01,0.08 ,2.3  ,3.8  ,3.11 ,2.59
S000005562,-0.1 ,-1.0 ,-1.4 ,-1.89,-2.32,-2.25,-2.56
S000002806,-0.32,-3.64,-1.79,-1.22,-2.74,-1.22,-1.32
S000004510,-0.14,-0.12,-0.34,0.55 ,2.2  ,1.38 ,1.91
S000004971,-0.6 ,-0.49,-0.06,0.9  ,2.02 ,1.64 ,1.1
S000000056,0.21 ,-0.47,-0.76,-1.4 ,-1.94,-1.0 ,-0.04
S000004903,-0.04,-2.64,-1.94,-0.6 ,-1.6 ,-1.22,-1.09
S000001213,-0.14,-2.4 ,-1.25,-0.45,-1.69,-0.6 ,-0.18
S000003424,-0.06,-2.06,-1.56,-2.84,-2.84,-2.64,-2.74
S000002510,-0.58,-0.3 ,-0.69,0.68 ,2.06 ,1.91 ,1.52
S000002511,-0.4 ,0.55 ,0.2  ,1.46 ,3.06 ,3.07 ,2.46
S000000058,0.3  ,2.59 ,3.0  ,1.44 ,0.31 ,0.34 ,1.36
S000003203,-0.12,-0.89,-1.36,-1.84,-2.47,-2.12,-1.51
S000005256,-0.49,0.41 ,1.88 ,1.85 ,1.62 ,0.64 ,0.37
S000000138,0.26 ,-2.06,-1.06,-0.43,0.54 ,1.33 ,1.58
S000003498,-0.49,0.23 ,0.59 ,1.34 ,2.68 ,2.26 ,2.01
S000003426,-0.49,-0.38,0.16 ,0.38 ,-0.25,-0.97,-1.89
S000005777,-0.25,-0.34,0.63 ,0.85 ,2.0  ,1.59 ,0.77
S000003130,0.07 ,-0.54,-0.69,1.27 ,2.97 ,3.07 ,2.83
S000001383,-0.3 ,1.7  ,2.41 ,1.76 ,1.62 ,1.37 ,1.68
S000002440,-0.07,-0.71,0.14 ,-0.54,-1.89,-2.25,-2.4
S000000352,-0.34,0.24 ,0.34 ,3.63 ,4.87 ,3.57 ,4.06
S000001217,0.31 ,-2.18,-1.94,-2.94,-3.32,-3.32,-2.47
S000000651,-0.01,-2.84,-1.18,-0.97,-1.56,-1.22,-0.94
S000004380,0.23 ,-1.56,-1.29,-1.79,-2.06,0.38 ,-0.49
S000003428,-0.32,0.03 ,0.34 ,1.14 ,2.19 ,2.16 ,1.38
S000005706,-0.45,1.77 ,0.72 ,0.32 ,2.03 ,2.02 ,1.71
S000001384,-0.29,-2.4 ,-1.84,-1.51,-1.84,-1.32,-2.18
S000004910,-0.51,-1.06,-1.56,-2.25,-2.56,-2.18,-2.47
S000000353,-0.03,0.38 ,0.32 ,-1.32,-2.06,-1.4 ,-0.71
S000005114,-0.42,-0.23,-0.6 ,0.71 ,1.84 ,1.53 ,1.16
S000000530,-0.15,2.24 ,-0.89,0.42 ,0.04 ,0.04 ,0.25
S000000062,-0.17,3.44 ,0.58 ,1.55 ,3.26 ,1.61 ,2.8
S000005510,-0.22,-1.84,-0.6 ,-1.64,-2.64,-0.29,-1.25
S000000653,-0.1 ,-2.64,-1.22,-1.25,-1.94,-0.94,-0.89
S000005115,-0.67,0.3  ,0.14 ,1.44 ,2.58 ,0.26 ,2.17
S000002162,0.14 ,-1.29,-0.71,-0.94,-1.69,-2.06,-2.06
S000000817,-0.14,2.48 ,0.33 ,-0.74,-1.47,-0.71,-0.1
S000000282,-0.03,0.18 ,-0.38,-1.47,-2.25,-2.12,-2.56
S000001314,0.33 ,-2.47,-1.69,-2.18,-2.12,-1.25,-0.43
S000005781,-0.51,-0.51,-0.51,4.15 ,5.19 ,3.83 ,5.07
S000005262,-0.56,-0.38,-0.47,3.13 ,4.56 ,4.36 ,5.06
S000006051,-0.94,-0.86,-0.17,3.66 ,4.25 ,3.42 ,4.69
S000004603,-0.38,1.37 ,1.12 ,3.82 ,4.64 ,3.7  ,4.33
S000003898,-0.18,2.36 ,0.2  ,0.71 ,0.96 ,1.03 ,1.24
S000001315,-0.25,-2.94,-0.56,-0.12,-0.81,-0.81,-0.69
S000006052,0.08 ,-1.89,-2.56,-2.25,-2.56,-1.79,-0.86
S000005263,-0.27,0.11 ,-0.23,2.2  ,2.95 ,3.22 ,4.4
S000001389,-0.34,-2.47,-0.97,-0.01,0.39 ,0.81 ,0.26
S000006126,-0.1 ,-0.45,-0.64,0.64 ,1.57 ,1.51 ,1.28
S000003570,-0.29,-3.32,-1.56,-0.3 ,-1.0 ,-0.81,-0.45
S000003642,-0.62,4.61 ,3.79 ,4.65 ,4.91 ,4.03 ,4.77
S000003137,-0.29,-2.74,-1.06,-0.84,-0.17,-0.17,-0.17
S000003643,-0.45,-1.32,-1.47,-2.84,-2.56,-3.06,-1.29
S000005119,-0.18,-3.18,-2.32,-0.92,-2.18,-0.56,-1.03
S000002166,-0.09,-0.3 ,0.26 ,1.48 ,2.8  ,2.62 ,2.53
S000002732,-0.17,-3.06,-1.18,-0.15,-1.15,-0.07,-0.42
S000006055,-0.03,0.28 ,-0.12,-0.58,-1.18,-1.32,-2.0
S000001754,-0.15,-0.67,0.07 ,-0.84,-1.56,-2.12,-1.74
S000005982,0.03 ,-0.2 ,-0.92,-2.56,-3.32,-3.18,-3.18
S000005442,-0.42,0.63 ,-0.06,-1.32,-2.06,-2.32,-1.84
S000001319,-0.1 ,0.98 ,1.8  ,2.55 ,3.06 ,2.64 ,2.92
S000006371,-0.18,1.79 ,0.18 ,-0.09,-0.03,-0.25,-0.43
S000001498,-0.17,1.99 ,1.04 ,1.28 ,0.98 ,0.43 ,0.58
S000002733,-0.42,0.53 ,0.98 ,1.77 ,1.93 ,1.09 ,0.28
S000000498,-0.1 ,2.05 ,1.07 ,1.04 ,0.87 ,0.73 ,0.25
S000006129,-0.17,1.34 ,1.71 ,1.4  ,2.78 ,0.77 ,2.39
S000002661,-0.38,0.81 ,1.0  ,1.36 ,1.7  ,2.48 ,2.78
S000002734,-0.25,0.58 ,-0.64,0.78 ,2.92 ,2.81 ,2.83
S000006130,-0.17,1.21 ,1.46 ,2.05 ,2.25 ,1.38 ,1.0
S000002588,-0.4 ,1.08 ,1.46 ,1.68 ,1.96 ,0.36 ,0.4
S000003574,0.06 ,-0.23,-0.04,3.21 ,4.4  ,3.75 ,5.23
S000002381,0.04 ,-0.86,-1.74,-1.51,-2.32,-0.92,-0.03
S000005444,-0.81,-0.42,-0.07,0.32 ,0.82 ,1.02 ,1.49
S000005122,0.01 ,-2.4 ,-2.47,-2.64,-2.94,-1.84,-1.06
S000003575,0.06 ,-0.54,0.33 ,3.79 ,5.18 ,4.5  ,5.49
S000005518,-0.42,-2.06,-1.89,-3.06,-3.18,-3.18,-3.32
S000002382,0.01 ,-1.84,-0.07,-0.22,-0.81,-0.29,1.45
S000000963,0.23 ,-0.03,-0.56,0.12 ,1.42 ,1.49 ,1.36
S000004303,-0.25,0.93 ,1.49 ,1.74 ,2.42 ,1.77 ,1.93
S000002664,0.23 ,3.67 ,1.58 ,1.33 ,0.9  ,1.71 ,2.54
S000002592,-0.17,-2.56,-1.94,-1.47,-2.18,-0.25,-1.47
S000004306,-0.07,0.52 ,0.78 ,2.86 ,3.93 ,4.08 ,4.25
S000002311,0.2  ,-2.84,-1.56,-1.15,-1.25,-0.23,-0.34
S000002238,-0.3 ,0.29 ,0.63 ,0.79 ,2.56 ,2.09 ,1.58
S000002312,-0.01,-2.84,-1.43,-0.89,-1.36,-0.97,-0.14
S000000893,0.16 ,2.63 ,1.04 ,0.24 ,-1.18,-0.36,0.6
S000002666,0.08 ,-0.92,-1.74,-1.29,-2.25,-2.32,-2.47
S000000786,-0.07,0.81 ,-0.29,-0.3 ,-0.84,-1.56,-1.94
S000000787,-0.36,0.55 ,1.04 ,1.81 ,2.53 ,2.38 ,2.1
S000001072,0.07 ,-1.12,-1.47,-1.79,-2.06,-1.79,-2.47
S000001854,-0.27,0.06 ,-0.32,1.16 ,3.0  ,2.5  ,2.87
S000002240,0.21 ,-2.06,-1.64,-1.74,-2.47,-1.6 ,-0.97
S000002314,-0.06,0.08 ,-0.12,1.45 ,2.8  ,3.36 ,3.56
S000006201,-0.45,0.0  ,-0.14,-0.6 ,-0.71,0.49 ,1.66
S000002241,0.16 ,-2.0 ,-1.69,-2.0 ,-2.0 ,-1.36,-0.4
S000001853,0.12 ,-0.4 ,-0.64,0.7  ,1.97 ,1.12 ,2.24
S000000209,0.1  ,-1.94,-2.0 ,-2.74,-2.47,-1.84,-1.51
S000002879,-0.01,-2.74,-1.56,-2.25,-2.32,-1.18,-0.42
S000000789,-0.09,2.21 ,1.57 ,0.38 ,-0.34,-0.38,-0.1
S000003285,-0.32,0.12 ,0.93 ,2.1  ,2.24 ,1.12 ,0.42
S000002243,0.1  ,2.36 ,1.08 ,0.51 ,0.01 ,0.33 ,1.29
S000003359,-0.32,1.6  ,0.31 ,-0.22,-0.54,-0.89,-0.94
S000000898,-0.01,0.86 ,1.28 ,1.41 ,1.46 ,2.53 ,3.14
S000001452,-0.2 ,-0.22,-0.56,1.12 ,4.05 ,2.28 ,4.42
S000001647,0.12 ,-0.47,-1.51,-2.06,-2.64,-2.25,-2.56
S000003360,-0.34,-2.74,-1.06,-1.15,-1.74,-1.03,-0.89
S000000791,-0.14,-1.0 ,-0.74,-1.89,-2.4 ,-2.0 ,-1.89
S000003287,-0.09,-0.22,-1.51,-0.97,0.57 ,0.25 ,0.36
S000004165,0.18 ,-3.06,-1.94,-1.0 ,-1.89,-1.06,-0.81
S000004592,-0.07,0.93 ,-0.81,-0.34,-1.6 ,-1.29,-0.86
S000004166,-0.22,0.19 ,-0.71,-0.71,-1.25,-1.94,-1.74
S000005046,-0.38,-1.0 ,1.8  ,1.61 ,1.0  ,0.12 ,-0.14
S000004842,-0.42,-2.94,-1.84,-0.92,-1.51,-1.25,-0.67
S000001078,-0.71,-0.29,-0.1 ,0.78 ,1.59 ,1.67 ,0.56
S000005048,0.0  ,1.86 ,1.1  ,-0.27,-0.4 ,0.01 ,0.52
S000005641,-0.42,0.03 ,0.4  ,0.56 ,1.77 ,1.44 ,0.86
S000004168,-0.38,0.72 ,-0.1 ,-1.09,-1.89,-2.32,-1.64
S000000426,-0.17,-0.04,-0.51,-1.56,-2.06,-1.89,-1.74
S000004517,0.11 ,-0.07,0.8  ,2.25 ,1.91 ,0.53 ,1.11
S000004595,0.25 ,0.58 ,0.84 ,-0.06,-0.97,-1.64,-1.64
S000001957,-0.17,0.84 ,1.43 ,2.27 ,2.21 ,1.48 ,1.56
S000003291,-0.18,-0.29,-0.27,3.95 ,4.88 ,4.78 ,5.42
S000004518,-0.4 ,0.67 ,-0.2 ,-1.18,-1.69,-2.18,-2.4
S000004978,-0.27,0.04 ,0.03 ,2.18 ,3.72 ,2.68 ,4.16
S000001579,-0.03,-1.74,-2.12,0.56 ,2.76 ,2.28 ,2.34
S000004597,-0.01,0.9  ,0.19 ,-0.67,-1.64,-0.86,1.15
S000004979,-0.34,0.08 ,-0.01,1.5  ,2.67 ,2.37 ,2.74
S000003504,-0.22,-1.84,-0.79,0.15 ,0.96 ,0.72 ,0.38
S000004384,-0.42,-0.69,-1.56,-2.32,-2.64,-2.56,-2.32
S000003209,-0.36,1.4  ,1.4  ,2.03 ,2.24 ,1.37 ,1.27
S000004694,-0.29,1.04 ,0.78 ,-1.4 ,-2.0 ,-2.0 ,-1.32
S000003505,0.01 ,-0.79,-0.4 ,2.52 ,4.86 ,4.22 ,5.13
S000001582,-0.3 ,-2.94,-0.84,-0.42,-0.84,-0.45,-0.47
S000005375,-0.94,-1.25,-0.86,2.9  ,4.81 ,4.18 ,4.23
S000004981,-0.1 ,1.65 ,0.11 ,-1.09,-1.18,-1.36,-1.84
S000004385,-0.34,1.1  ,1.2  ,1.95 ,1.9  ,0.9  ,0.07
S000005376,-0.34,-2.32,-2.56,-2.32,-2.74,-2.32,-2.12
S000004982,-0.06,0.79 ,0.44 ,-0.42,-0.97,-2.25,-2.94
S000006231,-0.34,-0.17,-0.14,2.23 ,2.89 ,2.54 ,2.72
S000003138,-0.43,-0.94,-0.15,3.61 ,4.72 ,4.26 ,5.37
S000002520,-0.3 ,1.09 ,2.37 ,3.5  ,4.3  ,3.55 ,3.13
S000000286,0.03 ,-0.49,-0.64,-1.22,-2.0 ,-1.56,-2.06
S000004386,-0.27,0.98 ,1.3  ,2.06 ,2.26 ,1.58 ,1.28
S000000822,0.34 ,-1.18,-1.36,-2.18,-2.74,-1.64,-0.69
S000003139,-0.32,-3.84,-1.84,-0.42,0.15 ,0.51 ,0.31
S000002449,-0.06,-0.4 ,-0.09,1.93 ,3.47 ,3.14 ,3.51
S000005787,-0.09,0.3  ,1.44 ,1.92 ,1.87 ,1.21 ,0.8
S000003214,-0.29,-0.47,-0.6 ,-2.06,-2.47,-2.18,-1.47
S000003646,-0.14,0.38 ,0.0  ,-0.81,-1.79,-1.79,-1.18
S000005379,-0.54,0.19 ,-0.32,-2.32,-2.4 ,-2.32,-2.06
S000001393,-0.45,1.19 ,1.31 ,0.77 ,1.53 ,1.67 ,0.1
S000001227,-0.3 ,-0.89,-0.29,4.56 ,5.3  ,4.72 ,5.4
S000002524,0.01 ,0.86 ,0.84 ,1.29 ,2.39 ,2.16 ,2.07
S000000290,-0.18,0.19 ,-0.69,-1.79,-2.18,-1.56,-0.84
S000003831,-0.4 ,-2.47,-1.18,-0.17,-0.97,-0.54,-0.71
S000001228,-0.38,-0.64,-0.14,3.0  ,3.88 ,3.4  ,2.52
S000000150,-0.04,-2.06,-1.79,-1.09,-1.69,-1.25,-1.47
S000003511,0.12 ,-0.04,-0.54,-1.06,-1.84,-2.32,-2.56
S000001395,-0.32,-2.94,-1.47,-2.06,-2.18,-1.51,-0.62
S000005716,-0.34,-0.47,-0.38,2.15 ,4.21 ,4.01 ,4.71
S000003143,-0.36,0.23 ,0.62 ,0.93 ,1.69 ,1.08 ,0.78
S000004092,-0.01,0.12 ,0.48 ,1.28 ,2.05 ,1.68 ,2.13
S000000826,0.1  ,3.11 ,2.36 ,1.92 ,1.89 ,1.16 ,2.06
S000002525,-0.17,0.8  ,1.36 ,1.98 ,3.77 ,3.73 ,4.0
S000002810,-0.03,-0.4 ,-0.38,-0.32,2.18 ,2.99 ,3.51
S000002453,-0.18,-1.64,-1.09,-0.27,0.3  ,0.38 ,0.4
S000000292,-0.17,0.99 ,2.57 ,2.2  ,1.58 ,0.49 ,0.14
S000003906,-0.04,-1.84,-2.25,-2.84,-2.64,-1.94,-1.06
S000004020,-0.32,1.48 ,0.6  ,1.54 ,4.42 ,3.43 ,4.51
S000003218,-0.32,0.37 ,1.29 ,2.42 ,2.52 ,1.71 ,1.4
S000000828,0.16 ,-0.94,-1.4 ,-1.64,-1.64,-1.74,-1.94
S000005865,-0.07,-1.79,-1.32,1.09 ,1.88 ,1.39 ,1.43
S000005126,-0.1 ,-2.32,-0.67,-0.09,-0.86,-0.69,-0.64
S000005866,-0.64,0.07 ,-0.6 ,1.51 ,2.56 ,2.85 ,3.07
S000002811,-0.04,-0.3 ,0.0  ,-0.01,2.51 ,4.21 ,5.64
S000002739,-0.14,0.2  ,-0.17,0.83 ,2.01 ,1.81 ,1.74
S000004613,-0.25,-2.32,-0.22,-0.04,-1.15,-1.09,-0.97
S000001505,-0.09,-0.07,0.04 ,1.13 ,2.09 ,2.14 ,2.57
S000003147,0.04 ,0.08 ,-1.0 ,-3.18,-2.06,-1.18,-2.74
S000003579,-0.17,-0.38,-0.32,1.45 ,1.05 ,2.19 ,0.4
S000002668,-0.03,0.28 ,0.1  ,1.7  ,3.12 ,2.14 ,2.41
S000001400,0.45 ,-0.34,-0.18,-0.17,-0.49,-0.97,-1.89
S000005721,-0.3 ,-0.69,1.21 ,1.58 ,1.02 ,0.55 ,0.24
S000005451,-0.51,-0.04,0.33 ,4.59 ,5.04 ,4.27 ,4.12
S000004097,-0.34,-0.67,-0.97,-0.86,-0.89,-0.81,-2.47
S000001401,-0.34,-0.3 ,0.01 ,1.58 ,2.54 ,2.49 ,2.61
S000004616,-0.12,-2.47,-1.0 ,-0.06,-0.86,-0.74,-0.58
S000003927,-0.54,0.12 ,0.52 ,1.84 ,2.97 ,2.41 ,2.22
S000005724,0.14 ,-0.89,-0.71,-0.94,-1.56,-2.12,-2.4
S000004099,-0.22,-0.89,-0.1 ,-1.47,-2.18,-0.97,-0.74
S000003928,-0.45,0.21 ,0.34 ,1.58 ,2.88 ,2.19 ,1.98
S000005131,-0.62,0.57 ,0.52 ,1.26 ,2.08 ,1.92 ,1.41
S000003839,-0.12,-0.71,-1.84,-2.32,-1.89,-1.74,-1.69
S000002671,-0.79,0.2  ,0.89 ,2.0  ,3.13 ,3.48 ,2.49
S000005132,-0.45,-0.07,0.43 ,1.64 ,2.42 ,2.04 ,1.69
S000002599,-0.32,0.61 ,0.7  ,1.77 ,2.35 ,2.38 ,2.73
S000004619,-0.32,-0.03,-0.27,2.5  ,4.18 ,3.79 ,4.9
S000003434,-0.15,-0.09,0.03 ,1.36 ,2.41 ,2.34 ,2.37
S000002393,-0.12,-1.32,-2.64,-2.94,-3.18,-3.18,-3.32
S000004620,-0.38,2.83 ,0.57 ,0.82 ,0.77 ,0.08 ,0.29
S000004315,-0.36,0.73 ,-0.79,-1.64,-0.89,-0.97,-0.94
S000003931,-0.47,-2.18,-1.64,-0.79,0.31 ,0.51 ,0.37
S000004918,-0.09,0.24 ,0.29 ,-1.4 ,-1.36,-1.74,-1.22
S000003436,-0.1 ,0.68 ,-0.38,-1.64,-1.74,-1.79,-1.15
S000005999,-0.06,-1.18,-0.71,-1.64,-1.6 ,-2.0 ,-2.12
S000000977,-0.12,-0.07,-0.71,-1.56,-2.18,-2.18,-2.4
S000002604,-0.17,0.1  ,-0.07,0.41 ,1.74 ,1.6  ,1.88
S000004921,-0.38,-1.43,-1.4 ,-3.47,-3.64,-3.47,-3.32
S000003070,0.07 ,-1.47,-1.69,-1.84,-2.0 ,-1.89,-1.12
S000004170,-0.22,1.45 ,-0.86,-0.84,-2.12,-1.89,-1.79
S000002397,-0.34,2.53 ,1.32 ,0.69 ,-0.01,-0.25,-0.17
S000006000,-0.29,-2.06,-1.29,-2.06,-2.4 ,-1.43,-0.71
S000000003,0.23 ,-1.79,-1.29,-1.56,-2.12,-1.09,-1.12
S000002398,-0.45,1.18 ,1.77 ,3.35 ,4.64 ,4.19 ,3.92
S000002136,0.41 ,-0.38,-0.89,-1.06,-1.6 ,-1.84,-1.6
S000000004,0.61 ,-0.07,-1.29,-1.29,-2.0 ,-1.84,-2.25
S000002999,-0.06,-2.06,-2.06,-2.47,-2.4 ,-1.6 ,-0.76
S000119784,0.14 ,-2.4 ,-1.36,-0.79,-1.0 ,-0.4 ,-0.43
S000002326,-0.69,-2.64,-1.09,-0.71,-1.36,-0.56,0.04
S000004320,-0.29,-0.67,-0.29,-1.6 ,-1.84,-2.32,-2.0
S000004173,-0.34,-0.32,1.51 ,1.28 ,0.87 ,-0.17,-0.94
S000001655,-0.2 ,-2.94,-1.64,-0.97,-1.6 ,-1.0 ,-0.69
S000003368,0.18 ,-0.51,-1.03,-1.22,-1.64,-1.94,-2.47
S000005646,0.07 ,-0.4 ,-0.67,-1.84,-2.74,-1.84,-1.64
S000003000,-0.03,0.06 ,1.18 ,1.42 ,2.14 ,0.94 ,0.99
S000000584,0.14 ,0.15 ,-0.29,1.16 ,3.28 ,3.34 ,3.68
S000005054,-0.45,-2.74,-1.47,-0.71,-1.29,-1.43,-0.97
S000004321,-0.71,0.25 ,1.36 ,2.16 ,2.17 ,1.93 ,0.48
S000005647,-0.03,-0.67,-0.6 ,-1.69,-2.18,-1.51,-1.47
S000004600,-0.14,1.02 ,0.49 ,-0.92,-1.84,-0.09,-1.69
S000003369,0.41 ,-0.29,-0.74,-0.74,-1.06,-1.29,-1.84
S000000981,-0.34,4.44 ,3.97 ,3.67 ,4.39 ,3.33 ,3.2
S000003001,-0.36,1.16 ,3.13 ,3.04 ,3.37 ,2.88 ,2.53
S000004850,-0.23,0.46 ,-0.14,-0.17,-0.81,-1.12,-2.06
S000004248,-0.14,0.03 ,-1.18,-1.84,-2.4 ,-2.4 ,-2.4
S000006306,-0.17,-1.36,-1.51,-1.94,-2.25,-1.56,-0.81
S000004698,-0.47,-0.12,-1.12,-1.32,-2.06,-2.64,-2.25
S000001839,-0.23,2.16 ,-0.18,-0.71,-0.69,-0.62,-0.36
S000003299,-0.01,2.6  ,1.63 ,0.21 ,-0.18,-0.43,-0.09
S000005577,0.04 ,-3.32,-0.62,-0.84,-1.43,-1.25,-1.64
S000004699,-0.64,-3.18,-1.89,-1.18,-2.32,-2.06,-1.51
S000004527,-0.42,-0.76,-0.49,0.23 ,1.74 ,1.26 ,0.77
S000001007,0.03 ,-1.4 ,-2.12,-2.12,-2.4 ,-1.4 ,-0.67
S000000436,-0.06,0.65 ,0.69 ,0.92 ,1.55 ,1.51 ,2.01
S000001466,-0.4 ,1.58 ,1.67 ,-0.74,0.58 ,-0.17,-0.6
S000002896,-0.47,0.41 ,0.2  ,0.23 ,1.53 ,1.19 ,0.9
S000005357,-0.29,1.82 ,0.72 ,-1.43,-0.92,-0.2 ,-1.47
S000004701,-0.18,2.18 ,1.01 ,0.96 ,0.82 ,0.7  ,1.48
S000004528,-0.1 ,-1.89,-2.18,-2.74,-2.74,-2.06,-0.76
S000000437,-0.07,-0.12,0.74 ,1.39 ,3.27 ,2.17 ,2.55
S000000590,0.19 ,1.99 ,-0.92,0.33 ,0.2  ,0.49 ,0.59
S000005060,-0.32,0.59 ,1.51 ,2.2  ,2.32 ,2.29 ,1.76
S000001467,-0.54,1.24 ,1.69 ,-0.01,1.47 ,1.14 ,0.87
S000005654,-0.17,-0.92,-1.94,-2.12,-2.84,-2.56,-2.84
S000005061,-0.04,2.29 ,1.39 ,-0.89,-0.94,-2.0 ,-1.51
S000001468,-0.38,2.47 ,2.68 ,0.4  ,0.79 ,0.36 ,-0.1
S000004531,-0.64,-0.54,-0.69,0.88 ,2.52 ,2.09 ,1.8
S000003514,-0.12,0.29 ,-1.03,-1.43,-1.84,-1.64,-1.47
S000003769,0.03 ,-1.94,-1.51,-3.06,-3.47,-3.18,-2.47
S000005384,-0.22,-0.49,0.0  ,2.4  ,3.81 ,3.1  ,3.99
S000004990,-0.4 ,0.23 ,-0.79,-1.36,-1.79,-1.25,-0.64
S000003220,-0.56,2.59 ,3.12 ,3.64 ,3.57 ,3.33 ,1.25
S000005063,-0.2 ,-2.4 ,-1.94,-2.0 ,-2.0 ,-1.47,-0.81
S000002457,0.18 ,-1.84,-1.4 ,-2.47,-3.32,-2.94,-3.06
S000002530,0.1  ,-1.22,-1.79,-1.89,-1.94,-1.74,-1.22
S000000904,0.11 ,-1.51,-1.89,-2.47,-2.56,-1.64,-0.86
S000003148,0.04 ,1.88 ,1.19 ,1.86 ,2.65 ,2.77 ,3.22
S000003222,0.21 ,-2.47,-1.74,-1.74,-2.84,-2.4 ,-2.56
S000000905,-0.01,-0.92,-2.32,-1.06,-1.36,-1.22,-1.22
S000002178,-0.18,0.67 ,-0.92,-0.67,-1.43,-1.64,-1.74
S000002532,0.19 ,-0.71,-1.47,-1.51,-2.25,-1.51,-1.47
S000005871,0.04 ,-2.56,-1.47,-2.47,-3.47,-1.69,-2.56
S000003224,-0.07,-0.92,0.1  ,-0.94,-1.4 ,-1.43,-2.64
S000003151,0.15 ,2.79 ,3.62 ,4.22 ,4.0  ,3.46 ,3.16
S000003913,-0.09,4.16 ,3.33 ,0.23 ,1.16 ,0.86 ,1.34
S000001583,-0.34,0.93 ,0.16 ,0.42 ,1.89 ,1.61 ,1.67
S000005798,-0.27,-2.56,-1.74,-1.32,-2.25,-0.32,-0.84
S000005799,-0.32,2.36 ,1.28 ,0.39 ,-0.09,-0.42,-0.6
S000001908,-0.06,-0.47,-0.07,0.68 ,2.8  ,1.69 ,2.22
S000000908,-0.47,-1.0 ,-0.36,3.32 ,3.75 ,3.75 ,2.4
S000002462,-0.38,-1.0 ,-2.0 ,-2.25,-2.94,-2.47,-2.94
S000002182,-0.1 ,0.91 ,-0.2 ,0.19 ,1.31 ,2.42 ,2.39
S000001910,-0.1 ,-0.6 ,-1.09,-1.6 ,-2.18,-1.69,-1.22
S000001239,0.06 ,-2.56,-1.43,-0.67,-1.89,-1.09,-1.0
S000002536,-0.06,-0.36,-1.43,-2.0 ,-2.47,-2.32,-2.06
S000005208,-0.49,0.03 ,0.77 ,1.54 ,2.06 ,1.45 ,0.9
S000005875,-0.04,0.21 ,-0.79,-2.0 ,-1.18,-0.94,-0.74
S000002820,0.0  ,-2.32,-1.0 ,-0.84,-1.4 ,-0.79,-0.54
S000001406,0.0  ,1.77 ,1.68 ,3.09 ,3.35 ,2.87 ,3.21
S000000837,-0.3 ,-0.3 ,0.26 ,1.49 ,2.2  ,1.74 ,0.86
S000001769,-0.42,-1.51,-1.69,-1.94,-2.4 ,-2.4 ,-2.74
S000000163,0.31 ,0.57 ,-0.6 ,-1.64,-2.4 ,-1.64,-1.15
S000001586,0.06 ,1.19 ,0.23 ,-0.58,-1.12,-1.47,-1.51
S000002821,-0.09,-2.18,-1.4 ,-0.92,-1.4 ,-0.94,-0.58
S000006144,-0.45,0.88 ,0.62 ,0.48 ,0.04 ,0.4  ,2.08
S000001587,-0.29,0.65 ,0.88 ,2.07 ,3.07 ,3.0  ,3.39
S000004623,-0.04,-0.62,-0.79,-0.76,-1.69,-1.69,-2.25
S000003156,-0.76,-2.12,-0.09,-0.58,-0.69,-1.15,-1.6
S000003588,-0.17,-2.12,-1.89,-3.32,-2.94,-3.32,-2.94
S000004105,-0.45,0.26 ,0.75 ,1.95 ,1.38 ,0.92 ,0.21
S000003918,-0.27,-0.36,-0.06,0.73 ,1.8  ,1.67 ,2.13
S000003157,-0.01,-1.79,-1.79,-2.18,-1.89,-1.32,-0.64
S000003934,-0.47,-2.64,-2.06,-1.22,-1.94,-1.25,-0.94
S000000553,0.01 ,-0.01,-0.25,1.09 ,2.26 ,2.67 ,3.03
S000002186,-0.03,0.29 ,-0.09,0.58 ,2.11 ,1.3  ,1.64
S000005285,-0.22,0.71 ,-0.23,-0.58,-1.03,-1.32,-1.64
S000005804,-0.32,0.51 ,0.52 ,0.86 ,2.02 ,1.53 ,0.93
S000004034,0.04 ,-2.18,-1.84,-2.64,-3.47,-2.94,-1.79
S000003935,-0.3 ,0.23 ,0.59 ,2.93 ,3.6  ,2.87 ,2.89
S000001589,0.0  ,1.06 ,-0.36,-0.69,-1.69,-1.12,-1.51
S000005805,-0.32,0.26 ,0.81 ,1.21 ,1.73 ,1.37 ,0.59
S000002825,0.01 ,-2.47,-1.6 ,-1.84,-2.32,-1.32,-0.81
S000004393,-0.27,-2.32,-1.36,-0.84,-0.62,-0.69,-0.64
S000004035,-0.14,0.71 ,1.82 ,3.06 ,4.28 ,3.7  ,4.06
S000001774,-0.54,1.53 ,1.08 ,1.63 ,2.83 ,2.45 ,1.14
S000005140,-0.15,2.15 ,3.14 ,4.95 ,4.34 ,3.41 ,3.62
S000001590,-0.25,1.87 ,1.5  ,1.66 ,2.4  ,2.3  ,3.24
S000006002,-0.15,-2.4 ,-1.94,-2.32,-2.32,-1.4 ,-0.69
S000002826,0.0  ,-2.64,-1.89,-2.12,-2.4 ,-1.47,-0.84
S000002400,-0.38,-2.0 ,-1.25,-0.58,0.66 ,0.59 ,-0.09
S000002681,-0.36,-0.07,0.34 ,3.47 ,4.15 ,4.29 ,4.66
S000000982,-0.23,0.11 ,-0.01,1.77 ,3.68 ,3.16 ,3.16
S000003443,0.03 ,-2.94,-3.18,-2.94,-3.84,-3.06,-2.74
S000004629,0.03 ,-0.04,-0.51,-1.64,-1.84,-2.0 ,-1.69
S000004038,-0.1 ,-2.12,-1.43,-1.6 ,-2.06,-1.51,-0.25
S000005290,-0.32,-0.06,-0.23,0.89 ,1.99 ,1.8  ,1.6
S000004039,-0.18,0.24 ,1.82 ,2.63 ,3.74 ,3.43 ,4.42
S000004324,-0.07,-0.62,-1.09,-0.81,-1.32,-1.69,-2.12
S000004397,-0.07,-2.47,-0.58,-0.6 ,-1.0 ,-0.51,0.23
S000000008,0.16 ,-0.15,-0.76,-1.25,-1.89,-1.74,-1.6
S000000984,-0.38,-0.17,0.0  ,1.62 ,2.74 ,2.34 ,1.86
S000004930,-0.23,0.15 ,-0.25,0.97 ,2.16 ,2.14 ,2.17
S000003446,-0.12,-2.56,-1.32,-1.84,-2.06,-1.32,-0.32
S000003374,-0.14,-1.56,-3.32,-3.06,-3.18,-3.47,-3.84
S000000595,0.04 ,0.12 ,0.59 ,2.19 ,3.51 ,3.09 ,3.26
S000002333,0.12 ,1.13 ,-0.17,-0.92,-1.51,-1.6 ,-1.47
S000000010,0.03 ,1.39 ,-0.84,-1.64,-2.84,-2.47,-2.4
S000004855,-0.09,-2.47,-1.51,-2.32,-2.12,-1.4 ,-0.74
S000004401,-0.17,-2.56,-1.74,-0.79,-1.43,-0.84,-0.38
S000002406,-0.07,0.95 ,-0.14,0.85 ,1.86 ,1.85 ,2.09
S000003302,-0.2 ,-0.34,-0.58,-1.4 ,-2.06,-2.0 ,-2.32
S000004180,0.15 ,-0.07,-0.03,-0.79,-1.43,-1.25,-2.18
S000004253,-0.4 ,2.66 ,3.72 ,4.13 ,4.76 ,3.82 ,3.84
S000001165,-0.14,0.21 ,-0.23,0.55 ,1.84 ,0.93 ,1.5
S000000229,0.5  ,-2.64,-1.94,-1.0 ,-0.18,0.51 ,0.73
S000004935,-0.23,-3.18,-3.18,-2.84,-2.12,-1.56,-1.79
